author,author_url,avg_rating,book_url,cover_url,ratings_count,title,source
Margaret Atwood,https://www.goodreads.com/author/show/3472.Margaret_Atwood,4.15,https://www.goodreads.com/book/show/38447.The_Handmaid_s_Tale,https://i.gr-assets.com/images/S/compressed.photo.goodreads.com/books/1578028274i/38447._SY75_.jpg,4,"The Handmaid’s Tale (The Handmaid's Tale, #1)",Best Feminist Books
Sylvia Plath,https://www.goodreads.com/author/show/4379.Sylvia_Plath,4.04,https://www.goodreads.com/book/show/56616095-the-bell-jar,https://i.gr-assets.com/images/S/compressed.photo.goodreads.com/books/1668645154i/56616095._SX50_.jpg,4,The Bell Jar,Best Feminist Books
Charlotte Brontë,https://www.goodreads.com/author/show/1036615.Charlotte_Bront_,4.16,https://www.goodreads.com/book/show/10210.Jane_Eyre,https://i.gr-assets.com/images/S/compressed.photo.goodreads.com/books/1557343311i/10210._SY75_.jpg,4,Jane Eyre,Best Feminist Books
Virginia Woolf,https://www.goodreads.com/author/show/6765.Virginia_Woolf,4.22,https://www.goodreads.com/book/show/18521.A_Room_of_One_s_Own,https://i.gr-assets.com/images/S/compressed.photo.goodreads.com/books/1327883012i/18521._SY75_.jpg,4,A Room of One’s Own,Best Feminist Books
Simone de Beauvoir,https://www.goodreads.com/author/show/5548.Simone_de_Beauvoir,4.18,https://www.goodreads.com/book/show/457264.The_Second_Sex,https://i.gr-assets.com/images/S/compressed.photo.goodreads.com/books/1327978178i/457264._SY75_.jpg,4,The Second Sex,Best Feminist Books
Jane Austen,https://www.goodreads.com/author/show/1265.Jane_Austen,4.3,https://www.goodreads.com/book/show/1885.Pride_and_Prejudice,https://i.gr-assets.com/images/S/compressed.photo.goodreads.com/books/1320399351i/1885._SY75_.jpg,4,Pride and Prejudice,Best Feminist Books
Alice Walker,https://www.goodreads.com/author/show/7380.Alice_Walker,4.28,https://www.goodreads.com/book/show/11486.The_Color_Purple,https://i.gr-assets.com/images/S/compressed.photo.goodreads.com/books/1556348375i/11486._SY75_.jpg,4,"The Color Purple (The Color Purple, #1)",Best Feminist Books
Charlotte Perkins Gilman,https://www.goodreads.com/author/show/29527.Charlotte_Perkins_Gilman,4.06,https://www.goodreads.com/book/show/286957.The_Yellow_Wall_Paper,https://i.gr-assets.com/images/S/compressed.photo.goodreads.com/books/1746311262i/286957._SX50_.jpg,4,The Yellow Wall-Paper,Best Feminist Books
Chimamanda Ngozi Adichie,https://www.goodreads.com/author/show/19992417.Chimamanda_Ngozi_Adichie,4.39,https://www.goodreads.com/book/show/22738563-we-should-all-be-feminists,https://i.gr-assets.com/images/S/compressed.photo.goodreads.com/books/1430821222i/22738563._SX50_.jpg,4,We Should All Be Feminists,Best Feminist Books
Maya Angelou,https://www.goodreads.com/author/show/3503.Maya_Angelou,4.3,https://www.goodreads.com/book/show/13214.I_Know_Why_the_Caged_Bird_Sings,https://i.gr-assets.com/images/S/compressed.photo.goodreads.com/books/1327957927i/13214._SY75_.jpg,4,"I Know Why the Caged Bird Sings (Maya Angelou's Autobiography, #1)",Best Feminist Books
Betty Friedan,https://www.goodreads.com/author/show/21798.Betty_Friedan,3.88,https://www.goodreads.com/book/show/17573685-the-feminine-mystique,https://i.gr-assets.com/images/S/compressed.photo.goodreads.com/books/1377019820i/17573685._SX50_.jpg,3,The Feminine Mystique,Best Feminist Books
V (formerly Eve Ensler),https://www.goodreads.com/author/show/60609.V_formerly_Eve_Ensler_,3.87,https://www.goodreads.com/book/show/104734.The_Vagina_Monologues,https://i.gr-assets.com/images/S/compressed.photo.goodreads.com/books/1327243997i/104734._SY75_.jpg,3,The Vagina Monologues,Best Feminist Books
Kate Chopin,https://www.goodreads.com/author/show/5132.Kate_Chopin,3.69,https://www.goodreads.com/book/show/58345.The_Awakening,https://i.gr-assets.com/images/S/compressed.photo.goodreads.com/books/1170507247i/58345._SY75_.jpg,3,The Awakening,Best Feminist Books
Naomi Wolf,https://www.goodreads.com/author/show/22393.Naomi_Wolf,3.91,https://www.goodreads.com/book/show/39926.The_Beauty_Myth,https://i.gr-assets.com/images/S/compressed.photo.goodreads.com/books/1388197585i/39926._SY75_.jpg,3,The Beauty Myth: How Images of Beauty Are Used Against Women,Best Feminist Books
Toni Morrison,https://www.goodreads.com/author/show/3534.Toni_Morrison,3.99,https://www.goodreads.com/book/show/6149.Beloved,https://i.gr-assets.com/images/S/compressed.photo.goodreads.com/books/1722944318i/6149._SY75_.jpg,3,Beloved,Best Feminist Books
Kathryn Stockett,https://www.goodreads.com/author/show/1943477.Kathryn_Stockett,4.47,https://www.goodreads.com/book/show/4667024-the-help,https://i.gr-assets.com/images/S/compressed.photo.goodreads.com/books/1622355533i/4667024._SY75_.jpg,4,The Help,Best Feminist Books
Suzanne Collins,https://www.goodreads.com/author/show/153394.Suzanne_Collins,4.35,https://www.goodreads.com/book/show/2767052-the-hunger-games,https://i.gr-assets.com/images/S/compressed.photo.goodreads.com/books/1586722975i/2767052._SX50_.jpg,4,"The Hunger Games (The Hunger Games, #1)",Best Feminist Books
Laurie Halse Anderson,https://www.goodreads.com/author/show/10003.Laurie_Halse_Anderson,4.05,https://www.goodreads.com/book/show/439288.Speak,https://i.gr-assets.com/images/S/compressed.photo.goodreads.com/books/1310121762i/439288._SY75_.jpg,4,Speak,Best Feminist Books
Henrik Ibsen,https://www.goodreads.com/author/show/2730977.Henrik_Ibsen,3.77,https://www.goodreads.com/book/show/37793.A_Doll_s_House,https://i.gr-assets.com/images/S/compressed.photo.goodreads.com/books/1660268136i/37793._SY75_.jpg,3,A Doll's House,Best Feminist Books
Zora Neale Hurston,https://www.goodreads.com/author/show/15151.Zora_Neale_Hurston,3.99,https://www.goodreads.com/book/show/37415.Their_Eyes_Were_Watching_God,https://i.gr-assets.com/images/S/compressed.photo.goodreads.com/books/1368072803i/37415._SY75_.jpg,3,Their Eyes Were Watching God,Best Feminist Books
bell hooks,https://www.goodreads.com/author/show/10697.bell_hooks,4.16,https://www.goodreads.com/book/show/168484.Feminism_Is_for_Everybody,https://i.gr-assets.com/images/S/compressed.photo.goodreads.com/books/1327933698i/168484._SY75_.jpg,4,Feminism Is for Everybody: Passionate Politics,Best Feminist Books
Mary Wollstonecraft,https://www.goodreads.com/author/show/1853305.Mary_Wollstonecraft,3.92,https://www.goodreads.com/book/show/224387.A_Vindication_of_the_Rights_of_Woman,https://i.gr-assets.com/images/S/compressed.photo.goodreads.com/books/1388191273i/224387._SY75_.jpg,3,A Vindication of the Rights of Woman,Best Feminist Books
Anita Diamant,https://www.goodreads.com/author/show/626222.Anita_Diamant,4.21,https://www.goodreads.com/book/show/4989.The_Red_Tent,https://i.gr-assets.com/images/S/compressed.photo.goodreads.com/books/1405739117i/4989._SY75_.jpg,4,The Red Tent,Best Feminist Books
Margaret Mitchell,https://www.goodreads.com/author/show/11081.Margaret_Mitchell,4.31,https://www.goodreads.com/book/show/18405.Gone_with_the_Wind,https://i.gr-assets.com/images/S/compressed.photo.goodreads.com/books/1551144577i/18405._SY75_.jpg,4,Gone with the Wind,Best Feminist Books
Virginia Woolf,https://www.goodreads.com/author/show/6765.Virginia_Woolf,3.87,https://www.goodreads.com/book/show/18839.Orlando,https://i.gr-assets.com/images/S/compressed.photo.goodreads.com/books/1443118010i/18839._SY75_.jpg,3,Orlando,Best Feminist Books
Khaled Hosseini,https://www.goodreads.com/author/show/569.Khaled_Hosseini,4.46,https://www.goodreads.com/book/show/128029.A_Thousand_Splendid_Suns,https://i.gr-assets.com/images/S/compressed.photo.goodreads.com/books/1655336738i/128029._SY75_.jpg,4,A Thousand Splendid Suns,Best Feminist Books
Stieg Larsson,https://www.goodreads.com/author/show/706255.Stieg_Larsson,4.18,https://www.goodreads.com/book/show/2429135.The_Girl_With_the_Dragon_Tattoo,https://i.gr-assets.com/images/S/compressed.photo.goodreads.com/books/1684638853i/2429135._SX50_.jpg,4,"The Girl With the Dragon Tattoo (Millennium, #1)",Best Feminist Books
Jane Austen,https://www.goodreads.com/author/show/1265.Jane_Austen,4.05,https://www.goodreads.com/book/show/6969.Emma,https://i.gr-assets.com/images/S/compressed.photo.goodreads.com/books/1373627931i/6969._SY75_.jpg,4,Emma,Best Feminist Books
Sophocles,https://www.goodreads.com/author/show/1002.Sophocles,3.69,https://www.goodreads.com/book/show/7728.Antigone,https://i.gr-assets.com/images/S/compressed.photo.goodreads.com/books/1486701308i/7728._SY75_.jpg,3,"Antigone (Theban Plays, #3)",Best Feminist Books
Angela Y. Davis,https://www.goodreads.com/author/show/5863103.Angela_Y_Davis,4.59,https://www.goodreads.com/book/show/635635.Women_Race_Class,https://i.gr-assets.com/images/S/compressed.photo.goodreads.com/books/1629762234i/635635._SY75_.jpg,4,"Women, Race & Class",Best Feminist Books
Jessica Valenti,https://www.goodreads.com/author/show/222118.Jessica_Valenti,3.86,https://www.goodreads.com/book/show/390778.Full_Frontal_Feminism,https://i.gr-assets.com/images/S/compressed.photo.goodreads.com/books/1372984021i/390778._SY75_.jpg,3,Full Frontal Feminism,Best Feminist Books
Marjane Satrapi,https://www.goodreads.com/author/show/6238.Marjane_Satrapi,4.41,https://www.goodreads.com/book/show/991197.The_Complete_Persepolis,https://i.gr-assets.com/images/S/compressed.photo.goodreads.com/books/1327876995i/991197._SX50_.jpg,4,The Complete Persepolis,Best Feminist Books
Ursula K. Le Guin,https://www.goodreads.com/author/show/874602.Ursula_K_Le_Guin,4.09,https://www.goodreads.com/book/show/18423.The_Left_Hand_of_Darkness,https://i.gr-assets.com/images/S/compressed.photo.goodreads.com/books/1488213612i/18423._SY75_.jpg,4,The Left Hand of Darkness,Best Feminist Books
Marion Zimmer Bradley,https://www.goodreads.com/author/show/4841825.Marion_Zimmer_Bradley,4.13,https://www.goodreads.com/book/show/402045.The_Mists_of_Avalon,https://i.gr-assets.com/images/S/compressed.photo.goodreads.com/books/1388857089i/402045._SY75_.jpg,4,"The Mists of Avalon (Avalon, #1)",Best Feminist Books
Judith Butler,https://www.goodreads.com/author/show/5231.Judith_Butler,4.04,https://www.goodreads.com/book/show/85767.Gender_Trouble,https://i.gr-assets.com/images/S/compressed.photo.goodreads.com/books/1349037224i/85767._SY75_.jpg,4,Gender Trouble: Feminism and the Subversion of Identity,Best Feminist Books
Ammar Habib,https://www.goodreads.com/author/show/8442873.Ammar_Habib,4.37,https://www.goodreads.com/book/show/51411855-mary-edwards-walker,https://i.gr-assets.com/images/S/compressed.photo.goodreads.com/books/1581995068i/51411855._SY75_.jpg,4,Mary Edwards Walker: America's Only Female Medal of Honor Recipient,Best Feminist Books
Audre Lorde,https://www.goodreads.com/author/show/18486.Audre_Lorde,4.53,https://www.goodreads.com/book/show/32951.Sister_Outsider,https://i.gr-assets.com/images/S/compressed.photo.goodreads.com/books/1168407974i/32951._SY75_.jpg,4,Sister Outsider: Essays and Speeches,Best Feminist Books
Bella DePaulo,https://www.goodreads.com/author/show/37252.Bella_DePaulo,4.16,https://www.goodreads.com/book/show/91394752-single-at-heart,https://i.gr-assets.com/images/S/compressed.photo.goodreads.com/books/1701901990i/91394752._SX50_.jpg,4,"Single at Heart: The Power, Freedom, and Heart-Filling Joy of Single Life",Best Feminist Books
Caitlin Moran,https://www.goodreads.com/author/show/939363.Caitlin_Moran,3.71,https://www.goodreads.com/book/show/10600242-how-to-be-a-woman,https://i.gr-assets.com/images/S/compressed.photo.goodreads.com/books/1405909800i/10600242._SY75_.jpg,3,How to Be a Woman,Best Feminist Books
Inga Muscio,https://www.goodreads.com/author/show/29673.Inga_Muscio,3.88,https://www.goodreads.com/book/show/52588.Cunt,https://i.gr-assets.com/images/S/compressed.photo.goodreads.com/books/1388333495i/52588._SX50_.jpg,3,Cunt: A Declaration of Independence,Best Feminist Books
Clarissa Pinkola Estés,https://www.goodreads.com/author/show/901977.Clarissa_Pinkola_Est_s,4.1,https://www.goodreads.com/book/show/241823.Women_Who_Run_With_the_Wolves,https://i.gr-assets.com/images/S/compressed.photo.goodreads.com/books/1662139742i/241823._SY75_.jpg,4,Women Who Run With the Wolves,Best Feminist Books
Jaclyn Friedman,https://www.goodreads.com/author/show/1727682.Jaclyn_Friedman,4.2,https://www.goodreads.com/book/show/4054212-yes-means-yes,https://i.gr-assets.com/images/S/compressed.photo.goodreads.com/books/1328746842i/4054212._SX50_.jpg,4,Yes Means Yes!: Visions of Female Sexual Power and A World Without Rape,Best Feminist Books
Louisa May Alcott,https://www.goodreads.com/author/show/1315.Louisa_May_Alcott,4.18,https://www.goodreads.com/book/show/1934.Little_Women,https://i.gr-assets.com/images/S/compressed.photo.goodreads.com/books/1562690475i/1934._SY75_.jpg,4,"Little Women (Little Women, #1)",Best Feminist Books
Fannie Flagg,https://www.goodreads.com/author/show/6125.Fannie_Flagg,4.27,https://www.goodreads.com/book/show/9375.Fried_Green_Tomatoes_at_the_Whistle_Stop_Cafe,https://i.gr-assets.com/images/S/compressed.photo.goodreads.com/books/1165961740i/9375._SY75_.jpg,4,Fried Green Tomatoes at the Whistle Stop Cafe,Best Feminist Books
Winsome Dunn McIntosh,https://www.goodreads.com/author/show/58568332.Winsome_Dunn_McIntosh,4.8,https://www.goodreads.com/book/show/240470970-an-accidental-philanthropist,https://i.gr-assets.com/images/S/compressed.photo.goodreads.com/books/1757239682i/240470970._SX50_.jpg,4,An Accidental Philanthropist: How A Small Family Foundation Made A Big Difference,Best Feminist Books
Virginia Woolf,https://www.goodreads.com/author/show/6765.Virginia_Woolf,3.81,https://www.goodreads.com/book/show/59716.To_the_Lighthouse,https://i.gr-assets.com/images/S/compressed.photo.goodreads.com/books/1639106809i/59716._SY75_.jpg,3,To the Lighthouse,Best Feminist Books
bell hooks,https://www.goodreads.com/author/show/10697.bell_hooks,4.45,https://www.goodreads.com/book/show/51378.Feminist_Theory,https://i.gr-assets.com/images/S/compressed.photo.goodreads.com/books/1387720517i/51378._SY75_.jpg,4,Feminist Theory: From Margin to Center,Best Feminist Books
Arthur Golden,https://www.goodreads.com/author/show/614.Arthur_Golden,4.16,https://www.goodreads.com/book/show/930.Memoirs_of_a_Geisha,https://i.gr-assets.com/images/S/compressed.photo.goodreads.com/books/1388367666i/930._SY75_.jpg,4,Memoirs of a Geisha,Best Feminist Books
Amy Tan,https://www.goodreads.com/author/show/5246.Amy_Tan,3.97,https://www.goodreads.com/book/show/7763.The_Joy_Luck_Club,https://i.gr-assets.com/images/S/compressed.photo.goodreads.com/books/1304978653i/7763._SY75_.jpg,3,The Joy Luck Club,Best Feminist Books
Philip Pullman,https://www.goodreads.com/author/show/3618.Philip_Pullman,4.03,https://www.goodreads.com/book/show/119322.The_Golden_Compass,https://i.gr-assets.com/images/S/compressed.photo.goodreads.com/books/1505766203i/119322._SX50_.jpg,4,"The Golden Compass (His Dark Materials, #1)",Best Feminist Books
Susan Faludi,https://www.goodreads.com/author/show/117182.Susan_Faludi,4.05,https://www.goodreads.com/book/show/200883.Backlash,https://i.gr-assets.com/images/S/compressed.photo.goodreads.com/books/1386922920i/200883._SY75_.jpg,4,Backlash: The Undeclared War Against American Women,Best Feminist Books
Malala Yousafzai,https://www.goodreads.com/author/show/7064545.Malala_Yousafzai,4.16,https://www.goodreads.com/book/show/17851885-i-am-malala,https://i.gr-assets.com/images/S/compressed.photo.goodreads.com/books/1375414895i/17851885._SY75_.jpg,4,I Am Malala: The Story of the Girl Who Stood Up for Education and Was Shot by the Taliban,Best Feminist Books
Mary Wollstonecraft,https://www.goodreads.com/author/show/1853305.Mary_Wollstonecraft,4.01,https://www.goodreads.com/book/show/224388.A_Vindication_of_the_Rights_of_Men_A_Vindication_of_the_Rights_of_Woman_An_Historical_and_Moral_View_of_the_French_Revolution,https://i.gr-assets.com/images/S/compressed.photo.goodreads.com/books/1172856084i/224388._SY75_.jpg,4,A Vindication of the Rights of Men & A Vindication of the Rights of Woman & An Historical and Moral View of the French Revolution,Best Feminist Books
Roxane Gay,https://www.goodreads.com/author/show/3360355.Roxane_Gay,3.92,https://www.goodreads.com/book/show/18813642-bad-feminist,https://i.gr-assets.com/images/S/compressed.photo.goodreads.com/books/1421292744i/18813642._SY75_.jpg,3,Bad Feminist,Best Feminist Books
Octavia E. Butler,https://www.goodreads.com/author/show/29535.Octavia_E_Butler,4.31,https://www.goodreads.com/book/show/60931.Kindred,https://i.gr-assets.com/images/S/compressed.photo.goodreads.com/books/1339423248i/60931._SY75_.jpg,4,Kindred,Best Feminist Books
Barbara Ehrenreich,https://www.goodreads.com/author/show/1257.Barbara_Ehrenreich,3.66,https://www.goodreads.com/book/show/1869.Nickel_and_Dimed,https://i.gr-assets.com/images/S/compressed.photo.goodreads.com/books/1442378091i/1869._SY75_.jpg,3,Nickel and Dimed: On (Not) Getting By in America,Best Feminist Books
Roald Dahl,https://www.goodreads.com/author/show/4273.Roald_Dahl,4.34,https://www.goodreads.com/book/show/39988.Matilda,https://i.gr-assets.com/images/S/compressed.photo.goodreads.com/books/1388793265i/39988._SY75_.jpg,4,Matilda,Best Feminist Books
Tamora Pierce,https://www.goodreads.com/author/show/8596.Tamora_Pierce,4.27,https://www.goodreads.com/book/show/13831.Alanna,https://i.gr-assets.com/images/S/compressed.photo.goodreads.com/books/1388206270i/13831._SY75_.jpg,4,"Alanna: The First Adventure (Song of the Lioness, #1)",Best Feminist Books
Stieg Larsson,https://www.goodreads.com/author/show/706255.Stieg_Larsson,4.26,https://www.goodreads.com/book/show/5060378-the-girl-who-played-with-fire,https://i.gr-assets.com/images/S/compressed.photo.goodreads.com/books/1351778881i/5060378._SX50_.jpg,4,The Girl Who Played with Fire (Millennium #2),Best Feminist Books
Nathaniel Hawthorne,https://www.goodreads.com/author/show/7799.Nathaniel_Hawthorne,3.44,https://www.goodreads.com/book/show/12296.The_Scarlet_Letter,https://i.gr-assets.com/images/S/compressed.photo.goodreads.com/books/1404810944i/12296._SY75_.jpg,3,The Scarlet Letter,Best Feminist Books
bell hooks,https://www.goodreads.com/author/show/10697.bell_hooks,4.51,https://www.goodreads.com/book/show/250792.Ain_t_I_a_Woman,https://i.gr-assets.com/images/S/compressed.photo.goodreads.com/books/1757107612i/250792._SY75_.jpg,4,Ain't I a Woman: Black Women and Feminism,Best Feminist Books
Cherríe L. Moraga,https://www.goodreads.com/author/show/1244575.Cherr_e_L_Moraga,4.52,https://www.goodreads.com/book/show/313110.This_Bridge_Called_My_Back,https://i.gr-assets.com/images/S/compressed.photo.goodreads.com/books/1387745604i/313110._SY75_.jpg,4,This Bridge Called My Back: Writings by Radical Women of Color,Best Feminist Books
Germaine Greer,https://www.goodreads.com/author/show/56667.Germaine_Greer,3.68,https://www.goodreads.com/book/show/98532.The_Female_Eunuch,https://i.gr-assets.com/images/S/compressed.photo.goodreads.com/books/1312002051i/98532._SX50_.jpg,3,The Female Eunuch,Best Feminist Books
Mya Robarts,https://www.goodreads.com/author/show/8108373.Mya_Robarts,3.95,https://www.goodreads.com/book/show/25437891-the-v-girl,https://i.gr-assets.com/images/S/compressed.photo.goodreads.com/books/1688009281i/25437891._SY75_.jpg,3,The V Girl: A Coming of Age Story,Best Feminist Books
Boston Women's Health Book Collective,https://www.goodreads.com/author/show/56262.Boston_Women_s_Health_Book_Collective,4.37,https://www.goodreads.com/book/show/97869.Our_Bodies_Ourselves_for_the_New_Century,https://i.gr-assets.com/images/S/compressed.photo.goodreads.com/books/1392953859i/97869._SX50_.jpg,4,"Our Bodies, Ourselves for the New Century",Best Feminist Books
Ariel Levy,https://www.goodreads.com/author/show/11286.Ariel_Levy,3.67,https://www.goodreads.com/book/show/18745.Female_Chauvinist_Pigs,https://i.gr-assets.com/images/S/compressed.photo.goodreads.com/books/1436817219i/18745._SY75_.jpg,3,Female Chauvinist Pigs: Women and the Rise of Raunch Culture,Best Feminist Books
Azar Nafisi,https://www.goodreads.com/author/show/5151.Azar_Nafisi,3.67,https://www.goodreads.com/book/show/7603.Reading_Lolita_in_Tehran,https://i.gr-assets.com/images/S/compressed.photo.goodreads.com/books/1397751318i/7603._SY75_.jpg,3,Reading Lolita in Tehran: A Memoir in Books,Best Feminist Books
Jessica Valenti,https://www.goodreads.com/author/show/222118.Jessica_Valenti,4.08,https://www.goodreads.com/book/show/4914761-the-purity-myth,https://i.gr-assets.com/images/S/compressed.photo.goodreads.com/books/1239579553i/4914761._SY75_.jpg,4,The Purity Myth: How America's Obsession with Virginity is Hurting Young Women,Best Feminist Books
Aristophanes,https://www.goodreads.com/author/show/1011.Aristophanes,3.86,https://www.goodreads.com/book/show/1591.Lysistrata,https://i.gr-assets.com/images/S/compressed.photo.goodreads.com/books/1335892524i/1591._SX50_.jpg,3,Lysistrata,Best Feminist Books
Charlotte Perkins Gilman,https://www.goodreads.com/author/show/29527.Charlotte_Perkins_Gilman,3.47,https://www.goodreads.com/book/show/531509.Herland,https://i.gr-assets.com/images/S/compressed.photo.goodreads.com/books/1403189138i/531509._SY75_.jpg,3,"Herland (The Herland Trilogy, #2)",Best Feminist Books
Leo Tolstoy,https://www.goodreads.com/author/show/128382.Leo_Tolstoy,4.11,https://www.goodreads.com/book/show/15823480-anna-karenina,https://i.gr-assets.com/images/S/compressed.photo.goodreads.com/books/1546091617i/15823480._SX50_.jpg,4,Anna Karenina,Best Feminist Books
Nicholas D. Kristof,https://www.goodreads.com/author/show/60441.Nicholas_D_Kristof,4.28,https://www.goodreads.com/book/show/6260997-half-the-sky,https://i.gr-assets.com/images/S/compressed.photo.goodreads.com/books/1320486170i/6260997._SX50_.jpg,4,Half the Sky: Turning Oppression into Opportunity for Women Worldwide,Best Feminist Books
Jean Rhys,https://www.goodreads.com/author/show/25022.Jean_Rhys,3.59,https://www.goodreads.com/book/show/44597.Wide_Sargasso_Sea,https://i.gr-assets.com/images/S/compressed.photo.goodreads.com/books/1714763884i/44597._SY75_.jpg,3,Wide Sargasso Sea,Best Feminist Books
Ntozake Shange,https://www.goodreads.com/author/show/32677.Ntozake_Shange,4.29,https://www.goodreads.com/book/show/58098.For_Colored_Girls_Who_Have_Considered_Suicide_When_the_Rainbow_Is_Enuf,https://i.gr-assets.com/images/S/compressed.photo.goodreads.com/books/1524175075i/58098._SY75_.jpg,4,For Colored Girls Who Have Considered Suicide / When the Rainbow Is Enuf,Best Feminist Books
Virginia Woolf,https://www.goodreads.com/author/show/6765.Virginia_Woolf,3.77,https://www.goodreads.com/book/show/14942.Mrs_Dalloway,https://i.gr-assets.com/images/S/compressed.photo.goodreads.com/books/1646148221i/14942._SY75_.jpg,3,Mrs. Dalloway,Best Feminist Books
Ira Levin,https://www.goodreads.com/author/show/8050.Ira_Levin,3.89,https://www.goodreads.com/book/show/52350.The_Stepford_Wives,https://i.gr-assets.com/images/S/compressed.photo.goodreads.com/books/1554371721i/52350._SY75_.jpg,3,The Stepford Wives,Best Feminist Books
Sylvia Plath,https://www.goodreads.com/author/show/4379.Sylvia_Plath,4.18,https://www.goodreads.com/book/show/395090.Ariel,https://i.gr-assets.com/images/S/compressed.photo.goodreads.com/books/1442258738i/395090._SY75_.jpg,4,Ariel,Best Feminist Books
Susan Brownmiller,https://www.goodreads.com/author/show/35623.Susan_Brownmiller,4.05,https://www.goodreads.com/book/show/103180.Against_Our_Will,https://i.gr-assets.com/images/S/compressed.photo.goodreads.com/books/1474573383i/103180._SY75_.jpg,4,"Against Our Will: Men, Women and Rape",Best Feminist Books
Julia Serano,https://www.goodreads.com/author/show/328504.Julia_Serano,4.27,https://www.goodreads.com/book/show/605663.Whipping_Girl,https://i.gr-assets.com/images/S/compressed.photo.goodreads.com/books/1328853725i/605663._SX50_.jpg,4,Whipping Girl: A Transsexual Woman on Sexism and the Scapegoating of Femininity,Best Feminist Books
Jessica Valenti,https://www.goodreads.com/author/show/222118.Jessica_Valenti,3.89,https://www.goodreads.com/book/show/2181667.He_s_a_Stud_She_s_a_Slut_and_49_Other_Double_Standards_Every_Woman_Should_Know,https://i.gr-assets.com/images/S/compressed.photo.goodreads.com/books/1328746832i/2181667._SX50_.jpg,3,"He's a Stud, She's a Slut, and 49 Other Double Standards Every Woman Should Know",Best Feminist Books
Valerie Solanas,https://www.goodreads.com/author/show/29500.Valerie_Solanas,3.79,https://www.goodreads.com/book/show/52263.SCUM_Manifesto,https://i.gr-assets.com/images/S/compressed.photo.goodreads.com/books/1373996519i/52263._SX50_.jpg,3,SCUM Manifesto,Best Feminist Books
Suzanne Collins,https://www.goodreads.com/author/show/153394.Suzanne_Collins,4.36,https://www.goodreads.com/book/show/6148028-catching-fire,https://i.gr-assets.com/images/S/compressed.photo.goodreads.com/books/1586722941i/6148028._SY75_.jpg,4,"Catching Fire (The Hunger Games, #2)",Best Feminist Books
Toni Morrison,https://www.goodreads.com/author/show/3534.Toni_Morrison,4.14,https://www.goodreads.com/book/show/11337.The_Bluest_Eye,https://i.gr-assets.com/images/S/compressed.photo.goodreads.com/books/1388208495i/11337._SX50_.jpg,4,The Bluest Eye,Best Feminist Books
Marilyn French,https://www.goodreads.com/author/show/14160.Marilyn_French,3.99,https://www.goodreads.com/book/show/46456.The_Women_s_Room,https://i.gr-assets.com/images/S/compressed.photo.goodreads.com/books/1494520646i/46456._SY75_.jpg,3,The Women's Room,Best Feminist Books
Audre Lorde,https://www.goodreads.com/author/show/18486.Audre_Lorde,4.4,https://www.goodreads.com/book/show/395220.Zami,https://i.gr-assets.com/images/S/compressed.photo.goodreads.com/books/1388344915i/395220._SY75_.jpg,4,Zami: A New Spelling of My Name,Best Feminist Books
Mary Pipher,https://www.goodreads.com/author/show/5773339.Mary_Pipher,3.89,https://www.goodreads.com/book/show/159760.Reviving_Ophelia,https://i.gr-assets.com/images/S/compressed.photo.goodreads.com/books/1441333242i/159760._SY75_.jpg,3,Reviving Ophelia: Saving the Selves of Adolescent Girls,Best Feminist Books
Edith Wharton,https://www.goodreads.com/author/show/16.Edith_Wharton,3.98,https://www.goodreads.com/book/show/17728.The_House_of_Mirth,https://i.gr-assets.com/images/S/compressed.photo.goodreads.com/books/1328729186i/17728._SY75_.jpg,3,The House of Mirth,Best Feminist Books
Laura Esquivel,https://www.goodreads.com/author/show/4694.Laura_Esquivel,3.95,https://www.goodreads.com/book/show/6952.Like_Water_for_Chocolate,https://i.gr-assets.com/images/S/compressed.photo.goodreads.com/books/1550721459i/6952._SY75_.jpg,3,Like Water for Chocolate,Best Feminist Books
George Eliot,https://www.goodreads.com/author/show/173.George_Eliot,4.04,https://www.goodreads.com/book/show/19089.Middlemarch,https://i.gr-assets.com/images/S/compressed.photo.goodreads.com/books/1568307771i/19089._SY75_.jpg,4,Middlemarch,Best Feminist Books
Thomas Hardy,https://www.goodreads.com/author/show/15905.Thomas_Hardy,3.84,https://www.goodreads.com/book/show/32261.Tess_of_the_D_Urbervilles,https://i.gr-assets.com/images/S/compressed.photo.goodreads.com/books/1633063778i/32261._SY75_.jpg,3,Tess of the D’Urbervilles,Best Feminist Books
Sandra M. Gilbert,https://www.goodreads.com/author/show/974993.Sandra_M_Gilbert,4.21,https://www.goodreads.com/book/show/149709.The_Madwoman_in_the_Attic,https://i.gr-assets.com/images/S/compressed.photo.goodreads.com/books/1348225811i/149709._SY75_.jpg,4,The Madwoman in the Attic: The Woman Writer and the Nineteenth-Century Literary Imagination,Best Feminist Books
Euripides,https://www.goodreads.com/author/show/973.Euripides,3.96,https://www.goodreads.com/book/show/752900.Medea,https://i.gr-assets.com/images/S/compressed.photo.goodreads.com/books/1328868366i/752900._SY75_.jpg,3,Medea,Best Feminist Books
Alison Bechdel,https://www.goodreads.com/author/show/54223321.Alison_Bechdel,4.07,https://www.goodreads.com/book/show/26135825-fun-home,https://i.gr-assets.com/images/S/compressed.photo.goodreads.com/books/1440097020i/26135825._SY75_.jpg,4,Fun Home: A Family Tragicomic,Best Feminist Books
Gloria E. Anzaldúa,https://www.goodreads.com/author/show/516921.Gloria_E_Anzald_a,4.33,https://www.goodreads.com/book/show/45882.Borderlands_La_Frontera,https://i.gr-assets.com/images/S/compressed.photo.goodreads.com/books/1354902833i/45882._SY75_.jpg,4,Borderlands/La Frontera: The New Mestiza,Best Feminist Books
John Irving,https://www.goodreads.com/author/show/3075.John_Irving,4.17,https://www.goodreads.com/book/show/4687.The_Cider_House_Rules,https://i.gr-assets.com/images/S/compressed.photo.goodreads.com/books/1327962519i/4687._SY75_.jpg,4,The Cider House Rules,Best Feminist Books
Emily Brontë,https://www.goodreads.com/author/show/4191.Emily_Bront_,3.89,https://www.goodreads.com/book/show/6185.Wuthering_Heights,https://i.gr-assets.com/images/S/compressed.photo.goodreads.com/books/1388212715i/6185._SY75_.jpg,3,Wuthering Heights,Best Feminist Books
Betty  Smith,https://www.goodreads.com/author/show/2327917.Betty_Smith,4.3,https://www.goodreads.com/book/show/14891.A_Tree_Grows_in_Brooklyn,https://i.gr-assets.com/images/S/compressed.photo.goodreads.com/books/1327883484i/14891._SY75_.jpg,4,A Tree Grows in Brooklyn,Best Feminist Books
Barbara Ehrenreich,https://www.goodreads.com/author/show/1257.Barbara_Ehrenreich,4.03,https://www.goodreads.com/book/show/24453.Witches_Midwives_and_Nurses,https://i.gr-assets.com/images/S/compressed.photo.goodreads.com/books/1683191045i/24453._SY75_.jpg,4,"Witches, Midwives and Nurses: A History of Women Healers",Best Feminist Books
Ayn Rand,https://www.goodreads.com/author/show/432.Ayn_Rand,3.69,https://www.goodreads.com/book/show/662.Atlas_Shrugged,https://i.gr-assets.com/images/S/compressed.photo.goodreads.com/books/1405868167i/662._SY75_.jpg,3,Atlas Shrugged,Best Feminist Books
John Stuart Mill,https://www.goodreads.com/author/show/57651.John_Stuart_Mill,3.88,https://www.goodreads.com/book/show/677591.The_Subjection_of_Women,https://i.gr-assets.com/images/S/compressed.photo.goodreads.com/books/1348332074i/677591._SX50_.jpg,3,The Subjection of Women,Best Feminist Books
Erica Jong,https://www.goodreads.com/author/show/6085.Erica_Jong,3.48,https://www.goodreads.com/book/show/9654.Fear_of_Flying,https://i.gr-assets.com/images/S/compressed.photo.goodreads.com/books/1388190180i/9654._SY75_.jpg,3,Fear of Flying,Best Feminist Books
Linda Knebel Pruden,https://www.goodreads.com/author/show/1335557.Linda_Knebel_Pruden,4.95,https://www.goodreads.com/book/show/232941334-from-fear-to-peace,https://i.gr-assets.com/images/S/compressed.photo.goodreads.com/books/1746462916i/232941334._SY75_.jpg,4,From Fear to Peace: Growing Spiritually as a Dementia Caregiver,Best Feminist Books
E.M. Forster,https://www.goodreads.com/author/show/86404.E_M_Forster,3.89,https://www.goodreads.com/book/show/3087.A_Room_with_a_View,https://i.gr-assets.com/images/S/compressed.photo.goodreads.com/books/1388781285i/3087._SY75_.jpg,3,A Room with a View,Best Feminist Books
Caroline Criado Pérez,https://www.goodreads.com/author/show/19637490.Caroline_Criado_P_rez,4.33,https://www.goodreads.com/book/show/41104077-invisible-women,https://i.gr-assets.com/images/S/compressed.photo.goodreads.com/books/1617113740i/41104077._SY75_.jpg,4,Invisible Women: Data Bias in a World Designed for Men,Best Feminist Books
Adrienne Rich,https://www.goodreads.com/author/show/29947.Adrienne_Rich,4.23,https://www.goodreads.com/book/show/130810.Diving_Into_the_Wreck,https://i.gr-assets.com/images/S/compressed.photo.goodreads.com/books/1340806085i/130810._SY75_.jpg,4,Diving Into the Wreck,Best Feminist Books
Kate Millett,https://www.goodreads.com/author/show/150588.Kate_Millett,3.99,https://www.goodreads.com/book/show/257649.Sexual_Politics,https://i.gr-assets.com/images/S/compressed.photo.goodreads.com/books/1328829407i/257649._SY75_.jpg,3,Sexual Politics,Best Feminist Books
Gloria Steinem,https://www.goodreads.com/author/show/57108.Gloria_Steinem,4.12,https://www.goodreads.com/book/show/335090.Revolution_from_Within,https://i.gr-assets.com/images/S/compressed.photo.goodreads.com/books/1438318303i/335090._SY75_.jpg,4,Revolution from Within: A Book of Self-Esteem,Best Feminist Books
Anne Frank,https://www.goodreads.com/author/show/3720.Anne_Frank,4.2,https://www.goodreads.com/book/show/127441416-the-diary-of-a-young-girl,https://i.gr-assets.com/images/S/compressed.photo.goodreads.com/books/1696989545i/127441416._SY75_.jpg,4,The Diary of a Young Girl,Best Feminist Books
Angela Carter,https://www.goodreads.com/author/show/27500.Angela_Carter,3.9,https://www.goodreads.com/book/show/49011.The_Bloody_Chamber_and_Other_Stories,https://i.gr-assets.com/images/S/compressed.photo.goodreads.com/books/1756076411i/49011._SY75_.jpg,3,The Bloody Chamber and Other Stories,Best Feminist Books
L.M. Montgomery,https://www.goodreads.com/author/show/5350.L_M_Montgomery,4.33,https://www.goodreads.com/book/show/8127.Anne_of_Green_Gables,https://i.gr-assets.com/images/S/compressed.photo.goodreads.com/books/1615094578i/8127._SY75_.jpg,4,"Anne of Green Gables (Anne of Green Gables, #1)",Best Feminist Books
Cordelia Fine,https://www.goodreads.com/author/show/204893.Cordelia_Fine,4.08,https://www.goodreads.com/book/show/8031168-delusions-of-gender,https://i.gr-assets.com/images/S/compressed.photo.goodreads.com/books/1348833681i/8031168._SY75_.jpg,4,"Delusions of Gender: How Our Minds, Society, and Neurosexism Create Difference",Best Feminist Books
Jennifer Baumgardner,https://www.goodreads.com/author/show/56655.Jennifer_Baumgardner,3.73,https://www.goodreads.com/book/show/98521.Manifesta,https://i.gr-assets.com/images/S/compressed.photo.goodreads.com/books/1311983118i/98521._SY75_.jpg,3,"Manifesta: Young Women, Feminism, and the Future",Best Feminist Books
Anne Brontë,https://www.goodreads.com/author/show/8249.Anne_Bront_,4.04,https://www.goodreads.com/book/show/337113.The_Tenant_of_Wildfell_Hall,https://i.gr-assets.com/images/S/compressed.photo.goodreads.com/books/1479652419i/337113._SY75_.jpg,4,The Tenant of Wildfell Hall,Best Feminist Books
Elizabeth Wurtzel,https://www.goodreads.com/author/show/4370.Elizabeth_Wurtzel,3.38,https://www.goodreads.com/book/show/179512.Bitch,https://i.gr-assets.com/images/S/compressed.photo.goodreads.com/books/1403171508i/179512._SY75_.jpg,3,Bitch: In Praise of Difficult Women,Best Feminist Books
Marge Piercy,https://www.goodreads.com/author/show/31845.Marge_Piercy,3.91,https://www.goodreads.com/book/show/772888.Woman_on_the_Edge_of_Time,https://i.gr-assets.com/images/S/compressed.photo.goodreads.com/books/1480498743i/772888._SY75_.jpg,3,Woman on the Edge of Time,Best Feminist Books
Margaret Atwood,https://www.goodreads.com/author/show/3472.Margaret_Atwood,3.83,https://www.goodreads.com/book/show/17650.The_Robber_Bride,https://i.gr-assets.com/images/S/compressed.photo.goodreads.com/books/1388263287i/17650._SY75_.jpg,3,The Robber Bride,Best Feminist Books
Andrea Dworkin,https://www.goodreads.com/author/show/23879.Andrea_Dworkin,4.04,https://www.goodreads.com/book/show/163256.Pornography,https://i.gr-assets.com/images/S/compressed.photo.goodreads.com/books/1214098499i/163256._SY75_.jpg,4,Pornography: Men Possessing Women,Best Feminist Books
Gustave Flaubert,https://www.goodreads.com/author/show/1461.Gustave_Flaubert,3.71,https://www.goodreads.com/book/show/2175.Madame_Bovary,https://i.gr-assets.com/images/S/compressed.photo.goodreads.com/books/1741368185i/2175._SY75_.jpg,3,Madame Bovary,Best Feminist Books
Julia Alvarez,https://www.goodreads.com/author/show/7277.Julia_Alvarez,4.15,https://www.goodreads.com/book/show/11206.In_the_Time_of_the_Butterflies,https://i.gr-assets.com/images/S/compressed.photo.goodreads.com/books/1411410276i/11206._SY75_.jpg,4,In the Time of the Butterflies,Best Feminist Books
Susie Orbach,https://www.goodreads.com/author/show/253146.Susie_Orbach,3.68,https://www.goodreads.com/book/show/468872.Fat_Is_a_Feminist_Issue,https://i.gr-assets.com/images/S/compressed.photo.goodreads.com/books/1347643236i/468872._SY75_.jpg,3,Fat Is a Feminist Issue,Best Feminist Books
Bushra Rehman,https://www.goodreads.com/author/show/34576.Bushra_Rehman,4.19,https://www.goodreads.com/book/show/61442.Colonize_This_,https://i.gr-assets.com/images/S/compressed.photo.goodreads.com/books/1388300601i/61442._SX50_.jpg,4,Colonize This!: Young Women of Color on Today's Feminism,Best Feminist Books
Michael Cunningham,https://www.goodreads.com/author/show/1432.Michael_Cunningham,3.96,https://www.goodreads.com/book/show/11899.The_Hours,https://i.gr-assets.com/images/S/compressed.photo.goodreads.com/books/1479663379i/11899._SY75_.jpg,3,The Hours,Best Feminist Books
Virginia Woolf,https://www.goodreads.com/author/show/6765.Virginia_Woolf,4.18,https://www.goodreads.com/book/show/52228.A_Room_of_One_s_Own_Three_Guineas,https://i.gr-assets.com/images/S/compressed.photo.goodreads.com/books/1328319520i/52228._SY75_.jpg,4,A Room of One's Own / Three Guineas,Best Feminist Books
Miriam Schneir,https://www.goodreads.com/author/show/72342.Miriam_Schneir,4.09,https://www.goodreads.com/book/show/176390.Feminism,https://i.gr-assets.com/images/S/compressed.photo.goodreads.com/books/1403180476i/176390._SY75_.jpg,4,Feminism: The Essential Historical Writings,Best Feminist Books
Joanna Russ,https://www.goodreads.com/author/show/52310.Joanna_Russ,4.26,https://www.goodreads.com/book/show/1047343.How_to_Suppress_Women_s_Writing,https://i.gr-assets.com/images/S/compressed.photo.goodreads.com/books/1610912825i/1047343._SY75_.jpg,4,How to Suppress Women's Writing,Best Feminist Books
Joanna Russ,https://www.goodreads.com/author/show/52310.Joanna_Russ,3.46,https://www.goodreads.com/book/show/908311.The_Female_Man,https://i.gr-assets.com/images/S/compressed.photo.goodreads.com/books/1179359054i/908311._SX50_.jpg,3,The Female Man,Best Feminist Books
Rebecca Solnit,https://www.goodreads.com/author/show/15811.Rebecca_Solnit,3.83,https://www.goodreads.com/book/show/18528190-men-explain-things-to-me,https://i.gr-assets.com/images/S/compressed.photo.goodreads.com/books/1393447237i/18528190._SX50_.jpg,3,Men Explain Things to Me,Best Feminist Books
Margaret Atwood,https://www.goodreads.com/author/show/3472.Margaret_Atwood,3.71,https://www.goodreads.com/book/show/17645.The_Penelopiad,https://i.gr-assets.com/images/S/compressed.photo.goodreads.com/books/1442806554i/17645._SY75_.jpg,3,The Penelopiad,Best Feminist Books
Gerda Lerner,https://www.goodreads.com/author/show/102764.Gerda_Lerner,4.38,https://www.goodreads.com/book/show/499353.The_Creation_of_Patriarchy,https://i.gr-assets.com/images/S/compressed.photo.goodreads.com/books/1347629739i/499353._SY75_.jpg,4,The Creation of Patriarchy,Best Feminist Books
Stephen  King,https://www.goodreads.com/author/show/3389.Stephen_King,3.99,https://www.goodreads.com/book/show/10592.Carrie,https://i.gr-assets.com/images/S/compressed.photo.goodreads.com/books/1771367607i/10592._SY75_.jpg,3,Carrie,Best Feminist Books
Tina Fey,https://www.goodreads.com/author/show/4385839.Tina_Fey,3.96,https://www.goodreads.com/book/show/9418327-bossypants,https://i.gr-assets.com/images/S/compressed.photo.goodreads.com/books/1481509554i/9418327._SY75_.jpg,3,Bossypants,Best Feminist Books
Merlin Stone,https://www.goodreads.com/author/show/17295.Merlin_Stone,3.98,https://www.goodreads.com/book/show/30858.When_God_Was_a_Woman,https://i.gr-assets.com/images/S/compressed.photo.goodreads.com/books/1348390229i/30858._SX50_.jpg,3,When God Was a Woman,Best Feminist Books
Isabel Allende,https://www.goodreads.com/author/show/2238.Isabel_Allende,4.3,https://www.goodreads.com/book/show/9328.The_House_of_the_Spirits,https://i.gr-assets.com/images/S/compressed.photo.goodreads.com/books/1621672028i/9328._SY75_.jpg,4,The House of the Spirits,Best Feminist Books
Andrea Dworkin,https://www.goodreads.com/author/show/23879.Andrea_Dworkin,4.02,https://www.goodreads.com/book/show/163265.Intercourse,https://i.gr-assets.com/images/S/compressed.photo.goodreads.com/books/1701604776i/163265._SY75_.jpg,4,Intercourse,Best Feminist Books
Incite! Women of Color Against Violence,https://www.goodreads.com/author/show/230721.Incite_Women_of_Color_Against_Violence,4.34,https://www.goodreads.com/book/show/342834.The_Color_of_Violence,https://i.gr-assets.com/images/S/compressed.photo.goodreads.com/books/1388221993i/342834._SX50_.jpg,4,The Color of Violence: The Incite! Anthology,Best Feminist Books
Chimamanda Ngozi Adichie,https://www.goodreads.com/author/show/19992417.Chimamanda_Ngozi_Adichie,4.31,https://www.goodreads.com/book/show/15796700-americanah,https://i.gr-assets.com/images/S/compressed.photo.goodreads.com/books/1356654499i/15796700._SX50_.jpg,4,Americanah,Best Feminist Books
Barbara Ehrenreich,https://www.goodreads.com/author/show/1257.Barbara_Ehrenreich,3.96,https://www.goodreads.com/book/show/24455.For_Her_Own_Good,https://i.gr-assets.com/images/S/compressed.photo.goodreads.com/books/1386745489i/24455._SY75_.jpg,3,For Her Own Good: Two Centuries of the Experts' Advice to Women,Best Feminist Books
Maxine Hong Kingston,https://www.goodreads.com/author/show/17290.Maxine_Hong_Kingston,3.72,https://www.goodreads.com/book/show/30852.The_Woman_Warrior,https://i.gr-assets.com/images/S/compressed.photo.goodreads.com/books/1541333110i/30852._SY75_.jpg,3,The Woman Warrior: Memoirs of a Girlhood Among Ghosts,Best Feminist Books
Suzette Haden Elgin,https://www.goodreads.com/author/show/8540.Suzette_Haden_Elgin,4,https://www.goodreads.com/book/show/285563.Native_Tongue,https://i.gr-assets.com/images/S/compressed.photo.goodreads.com/books/1348446358i/285563._SY75_.jpg,4,"Native Tongue (Native Tongue, #1)",Best Feminist Books
Adrienne Rich,https://www.goodreads.com/author/show/29947.Adrienne_Rich,4.24,https://www.goodreads.com/book/show/305826.Of_Woman_Born,https://i.gr-assets.com/images/S/compressed.photo.goodreads.com/books/1365396010i/305826._SY75_.jpg,4,Of Woman Born: Motherhood as Experience and Institution,Best Feminist Books
Margaret Atwood,https://www.goodreads.com/author/show/3472.Margaret_Atwood,3.7,https://www.goodreads.com/book/show/133445.The_Edible_Woman,https://i.gr-assets.com/images/S/compressed.photo.goodreads.com/books/1623151363i/133445._SY75_.jpg,3,The Edible Woman,Best Feminist Books
Shulamith Firestone,https://www.goodreads.com/author/show/55635.Shulamith_Firestone,3.84,https://www.goodreads.com/book/show/96712.The_Dialectic_of_Sex,https://i.gr-assets.com/images/S/compressed.photo.goodreads.com/books/1311993724i/96712._SX50_.jpg,3,The Dialectic of Sex: The Case for Feminist Revolution,Best Feminist Books
Suzanne Collins,https://www.goodreads.com/author/show/153394.Suzanne_Collins,4.12,https://www.goodreads.com/book/show/7260188-mockingjay,https://i.gr-assets.com/images/S/compressed.photo.goodreads.com/books/1586722918i/7260188._SY75_.jpg,4,"Mockingjay (The Hunger Games, #3)",Best Feminist Books
Sue Monk Kidd,https://www.goodreads.com/author/show/4711.Sue_Monk_Kidd,4.26,https://www.goodreads.com/book/show/18079776-the-invention-of-wings,https://i.gr-assets.com/images/S/compressed.photo.goodreads.com/books/1386699861i/18079776._SY75_.jpg,4,The Invention of Wings,Best Feminist Books
Astrid Lindgren,https://www.goodreads.com/author/show/410653.Astrid_Lindgren,4.15,https://www.goodreads.com/book/show/19302.Pippi_Longstocking,https://i.gr-assets.com/images/S/compressed.photo.goodreads.com/books/1519300455i/19302._SX50_.jpg,4,"Pippi Longstocking (Pippi Långstrump, #1)",Best Feminist Books
Gloria Steinem,https://www.goodreads.com/author/show/57108.Gloria_Steinem,4.19,https://www.goodreads.com/book/show/99177.Outrageous_Acts_and_Everyday_Rebellions,https://i.gr-assets.com/images/S/compressed.photo.goodreads.com/books/1442362677i/99177._SY75_.jpg,4,Outrageous Acts and Everyday Rebellions,Best Feminist Books
Elizabeth Gaskell,https://www.goodreads.com/author/show/1413437.Elizabeth_Gaskell,4.15,https://www.goodreads.com/book/show/156538.North_and_South,https://i.gr-assets.com/images/S/compressed.photo.goodreads.com/books/1699604581i/156538._SY75_.jpg,4,North and South,Best Feminist Books
Natalie Grand,https://www.goodreads.com/author/show/22307708.Natalie_Grand,4.31,https://www.goodreads.com/book/show/60646567-cult-girls,https://i.gr-assets.com/images/S/compressed.photo.goodreads.com/books/1647677421i/60646567._SY75_.jpg,4,Cult Girls,Best Feminist Books
Leslie Feinberg,https://www.goodreads.com/author/show/80702.Leslie_Feinberg,4.55,https://www.goodreads.com/book/show/139569.Stone_Butch_Blues,https://i.gr-assets.com/images/S/compressed.photo.goodreads.com/books/1730193915i/139569._SY75_.jpg,4,Stone Butch Blues,Best Feminist Books
Jeanette Winterson,https://www.goodreads.com/author/show/9399.Jeanette_Winterson,3.73,https://www.goodreads.com/book/show/15055.Oranges_Are_Not_the_Only_Fruit,https://i.gr-assets.com/images/S/compressed.photo.goodreads.com/books/1267717580i/15055._SY75_.jpg,3,Oranges Are Not the Only Fruit,Best Feminist Books
Margaret Atwood,https://www.goodreads.com/author/show/3472.Margaret_Atwood,3.95,https://www.goodreads.com/book/show/51019.Cat_s_Eye,https://i.gr-assets.com/images/S/compressed.photo.goodreads.com/books/1385207977i/51019._SY75_.jpg,3,Cat's Eye,Best Feminist Books
Susan J. Douglas,https://www.goodreads.com/author/show/45048.Susan_J_Douglas,3.92,https://www.goodreads.com/book/show/79287.Where_the_Girls_Are,https://i.gr-assets.com/images/S/compressed.photo.goodreads.com/books/1388443965i/79287._SY75_.jpg,3,Where the Girls Are: Growing Up Female with the Mass Media,Best Feminist Books
Gail Carson Levine,https://www.goodreads.com/author/show/13677.Gail_Carson_Levine,4.02,https://www.goodreads.com/book/show/24337.Ella_Enchanted,https://i.gr-assets.com/images/S/compressed.photo.goodreads.com/books/1410727190i/24337._SY75_.jpg,4,"Ella Enchanted (Ella Enchanted, #1)",Best Feminist Books
Edith Wharton,https://www.goodreads.com/author/show/16.Edith_Wharton,3.97,https://www.goodreads.com/book/show/53835.The_Age_of_Innocence,https://i.gr-assets.com/images/S/compressed.photo.goodreads.com/books/1388248423i/53835._SY75_.jpg,3,The Age of Innocence,Best Feminist Books
Harper Lee,https://www.goodreads.com/author/show/1825.Harper_Lee,4.26,https://www.goodreads.com/book/show/2657.To_Kill_a_Mockingbird,https://i.gr-assets.com/images/S/compressed.photo.goodreads.com/books/1553383690i/2657._SY75_.jpg,4,To Kill a Mockingbird,Best Feminist Books
Alexander McCall Smith,https://www.goodreads.com/author/show/4738.Alexander_McCall_Smith,3.81,https://www.goodreads.com/book/show/7061.The_No_1_Ladies_Detective_Agency,https://i.gr-assets.com/images/S/compressed.photo.goodreads.com/books/1459953654i/7061._SY75_.jpg,3,"The No. 1 Ladies' Detective Agency (No. 1 Ladies' Detective Agency, #1)",Best Feminist Books
Elena Ferrante,https://www.goodreads.com/author/show/44085.Elena_Ferrante,4.05,https://www.goodreads.com/book/show/35036409-my-brilliant-friend,https://i.gr-assets.com/images/S/compressed.photo.goodreads.com/books/1493655783i/35036409._SY75_.jpg,4,"My Brilliant Friend (Neapolitan Novels, #1)",Best Feminist Books
Dorothy Allison,https://www.goodreads.com/author/show/5599.Dorothy_Allison,4.15,https://www.goodreads.com/book/show/25354.Bastard_Out_of_Carolina,https://i.gr-assets.com/images/S/compressed.photo.goodreads.com/books/1424648725i/25354._SX50_.jpg,4,Bastard Out of Carolina,Best Feminist Books
Chandra Talpade Mohanty,https://www.goodreads.com/author/show/87388.Chandra_Talpade_Mohanty,4.24,https://www.goodreads.com/book/show/151266.Feminism_Without_Borders,https://i.gr-assets.com/images/S/compressed.photo.goodreads.com/books/1344683948i/151266._SY75_.jpg,4,"Feminism Without Borders: Decolonizing Theory, Practicing Solidarity",Best Feminist Books
Ursula Werner,https://www.goodreads.com/author/show/15401863.Ursula_Werner,4.21,https://www.goodreads.com/book/show/215697653-magda-revealed,https://i.gr-assets.com/images/S/compressed.photo.goodreads.com/books/1726611797i/215697653._SY75_.jpg,4,Magda Revealed,Best Feminist Books
E.M. Forster,https://www.goodreads.com/author/show/86404.E_M_Forster,3.96,https://www.goodreads.com/book/show/38374795-howards-end,https://i.gr-assets.com/images/S/compressed.photo.goodreads.com/books/1518837828i/38374795._SX50_.jpg,3,Howards End,Best Feminist Books
Jacqueline Susann,https://www.goodreads.com/author/show/22485.Jacqueline_Susann,3.87,https://www.goodreads.com/book/show/50833.Valley_of_the_Dolls,https://i.gr-assets.com/images/S/compressed.photo.goodreads.com/books/1328281855i/50833._SX50_.jpg,3,Valley of the Dolls,Best Feminist Books
Isabel Allende,https://www.goodreads.com/author/show/2238.Isabel_Allende,3.95,https://www.goodreads.com/book/show/16527.Daughter_of_Fortune,https://i.gr-assets.com/images/S/compressed.photo.goodreads.com/books/1299666780i/16527._SY75_.jpg,3,Daughter of Fortune,Best Feminist Books
Tom Robbins,https://www.goodreads.com/author/show/197.Tom_Robbins,3.79,https://www.goodreads.com/book/show/7572.Even_Cowgirls_Get_the_Blues,https://i.gr-assets.com/images/S/compressed.photo.goodreads.com/books/1336172455i/7572._SY75_.jpg,3,Even Cowgirls Get the Blues,Best Feminist Books
Barbara Ehrenreich,https://www.goodreads.com/author/show/1257.Barbara_Ehrenreich,3.84,https://www.goodreads.com/book/show/24454.Global_Woman,https://i.gr-assets.com/images/S/compressed.photo.goodreads.com/books/1432954539i/24454._SY75_.jpg,3,"Global Woman: Nannies, Maids, and Sex Workers in the New Economy",Best Feminist Books
Vladimir Nabokov,https://www.goodreads.com/author/show/5152.Vladimir_Nabokov,3.87,https://www.goodreads.com/book/show/7604.Lolita,https://i.gr-assets.com/images/S/compressed.photo.goodreads.com/books/1377756377i/7604._SY75_.jpg,3,Lolita,Best Feminist Books
Patricia Evans,https://www.goodreads.com/author/show/114362.Patricia_Evans,4.26,https://www.goodreads.com/book/show/402366.The_Verbally_Abusive_Relationship,https://i.gr-assets.com/images/S/compressed.photo.goodreads.com/books/1436368397i/402366._SY75_.jpg,4,The Verbally Abusive Relationship: How to Recognize It and How to Respond,Best Feminist Books
Anna Halabi,https://www.goodreads.com/author/show/18612912.Anna_Halabi,4.21,https://www.goodreads.com/book/show/43230472-syrian-brides,https://i.gr-assets.com/images/S/compressed.photo.goodreads.com/books/1544778400i/43230472._SY75_.jpg,4,Syrian Brides,Best Feminist Books
The Conductor,https://www.goodreads.com/author/show/20351543.The_Conductor,4.3,https://www.goodreads.com/book/show/199292409-the-jamange-line,https://i.gr-assets.com/images/S/compressed.photo.goodreads.com/books/1696564652i/199292409._SY75_.jpg,4,The Jamange Line,Best Feminist Books
Jeanette Winterson,https://www.goodreads.com/author/show/9399.Jeanette_Winterson,3.84,https://www.goodreads.com/book/show/15050.Sexing_the_Cherry,https://i.gr-assets.com/images/S/compressed.photo.goodreads.com/books/1328824090i/15050._SX50_.jpg,3,Sexing the Cherry,Best Feminist Books
Chimamanda Ngozi Adichie,https://www.goodreads.com/author/show/19992417.Chimamanda_Ngozi_Adichie,4.5,https://www.goodreads.com/book/show/33585392-dear-ijeawele-or-a-feminist-manifesto-in-fifteen-suggestions,https://i.gr-assets.com/images/S/compressed.photo.goodreads.com/books/1743878805i/33585392._SX50_.jpg,4,"Dear Ijeawele, or A Feminist Manifesto in Fifteen Suggestions",Best Feminist Books
Ayaan Hirsi Ali,https://www.goodreads.com/author/show/46245.Ayaan_Hirsi_Ali,4.2,https://www.goodreads.com/book/show/81227.Infidel,https://i.gr-assets.com/images/S/compressed.photo.goodreads.com/books/1388256729i/81227._SY75_.jpg,4,Infidel,Best Feminist Books
Garth Nix,https://www.goodreads.com/author/show/8347.Garth_Nix,4.16,https://www.goodreads.com/book/show/518848.Sabriel,https://i.gr-assets.com/images/S/compressed.photo.goodreads.com/books/1293655399i/518848._SY75_.jpg,4,"Sabriel (Abhorsen, #1)",Best Feminist Books
D.H. Lawrence,https://www.goodreads.com/author/show/17623.D_H_Lawrence,3.5,https://www.goodreads.com/book/show/49583709-lady-chatterley-s-lover,https://i.gr-assets.com/images/S/compressed.photo.goodreads.com/books/1576943388i/49583709._SY75_.jpg,3,Lady Chatterley's Lover,Best Feminist Books
Patricia Hill Collins,https://www.goodreads.com/author/show/33867.Patricia_Hill_Collins,4.41,https://www.goodreads.com/book/show/353598.Black_Feminist_Thought,https://i.gr-assets.com/images/S/compressed.photo.goodreads.com/books/1684262025i/353598._SY75_.jpg,4,"Black Feminist Thought: Knowledge, Consciousness, and the Politics of Empowerment",Best Feminist Books
Guerrilla Girls,https://www.goodreads.com/author/show/211264.Guerrilla_Girls,3.97,https://www.goodreads.com/book/show/370113.Bitches_Bimbos_and_Ballbreakers,https://i.gr-assets.com/images/S/compressed.photo.goodreads.com/books/1388305355i/370113._SX50_.jpg,3,"Bitches, Bimbos, and Ballbreakers: The Guerrilla Girls' Illustrated Guide to Female Stereotypes",Best Feminist Books
Neil Gaiman,https://www.goodreads.com/author/show/1221698.Neil_Gaiman,4.13,https://www.goodreads.com/book/show/17061.Coraline,https://i.gr-assets.com/images/S/compressed.photo.goodreads.com/books/1493497435i/17061._SY75_.jpg,4,Coraline,Best Feminist Books
William Shakespeare,https://www.goodreads.com/author/show/947.William_Shakespeare,3.91,https://www.goodreads.com/book/show/12938.King_Lear,https://i.gr-assets.com/images/S/compressed.photo.goodreads.com/books/1331563731i/12938._SY75_.jpg,3,King Lear,Best Feminist Books
Laura Bates,https://www.goodreads.com/author/show/5992469.Laura_Bates,4.26,https://www.goodreads.com/book/show/21251323-everyday-sexism,https://i.gr-assets.com/images/S/compressed.photo.goodreads.com/books/1394425595i/21251323._SX50_.jpg,4,Everyday Sexism,Best Feminist Books
Muriel Spark,https://www.goodreads.com/author/show/13093.Muriel_Spark,3.69,https://www.goodreads.com/book/show/517188.The_Prime_of_Miss_Jean_Brodie,https://i.gr-assets.com/images/S/compressed.photo.goodreads.com/books/1752170700i/517188._SY75_.jpg,3,The Prime of Miss Jean Brodie,Best Feminist Books
Virginia Woolf,https://www.goodreads.com/author/show/6765.Virginia_Woolf,3.92,https://www.goodreads.com/book/show/18854.Three_Guineas,https://i.gr-assets.com/images/S/compressed.photo.goodreads.com/books/1442463839i/18854._SY75_.jpg,3,Three Guineas,Best Feminist Books
Marguerite Duras,https://www.goodreads.com/author/show/163.Marguerite_Duras,3.7,https://www.goodreads.com/book/show/275.The_Lover,https://i.gr-assets.com/images/S/compressed.photo.goodreads.com/books/1657544478i/275._SY75_.jpg,3,The Lover,Best Feminist Books
Robert Munsch,https://www.goodreads.com/author/show/6039100.Robert_Munsch,4.31,https://www.goodreads.com/book/show/240130.The_Paper_Bag_Princess,https://i.gr-assets.com/images/S/compressed.photo.goodreads.com/books/1386912856i/240130._SX50_.jpg,4,The Paper Bag Princess,Best Feminist Books
Cathi Hanauer,https://www.goodreads.com/author/show/39284.Cathi_Hanauer,3.53,https://www.goodreads.com/book/show/347954.The_Bitch_in_the_House,https://i.gr-assets.com/images/S/compressed.photo.goodreads.com/books/1396229247i/347954._SY75_.jpg,3,"The Bitch in the House: 26 Women Tell the Truth About Sex, Solitude, Work, Motherhood, and Marriage",Best Feminist Books
Nancy Friday,https://www.goodreads.com/author/show/2042.Nancy_Friday,3.67,https://www.goodreads.com/book/show/2997.My_Secret_Garden,https://i.gr-assets.com/images/S/compressed.photo.goodreads.com/books/1387708704i/2997._SY75_.jpg,3,My Secret Garden: Women's Sexual Fantasies,Best Feminist Books
Frank McCourt,https://www.goodreads.com/author/show/3347.Frank_McCourt,4.16,https://www.goodreads.com/book/show/347884.Angela_s_Ashes,https://i.gr-assets.com/images/S/compressed.photo.goodreads.com/books/1441787532i/347884._SY75_.jpg,4,Angela's Ashes,Best Feminist Books
Doris Lessing,https://www.goodreads.com/author/show/7728.Doris_Lessing,3.77,https://www.goodreads.com/book/show/24100.The_Golden_Notebook,https://i.gr-assets.com/images/S/compressed.photo.goodreads.com/books/1367457541i/24100._SY75_.jpg,3,The Golden Notebook,Best Feminist Books
Barbara Ridley,https://www.goodreads.com/author/show/16330970.Barbara_Ridley,4.7,https://www.goodreads.com/book/show/200234798-unswerving,https://i.gr-assets.com/images/S/compressed.photo.goodreads.com/books/1697715193i/200234798._SY75_.jpg,4,Unswerving,Best Feminist Books
Debajani Mohanty,https://www.goodreads.com/author/show/14191468.Debajani_Mohanty,3.87,https://www.goodreads.com/book/show/26182796-the-curse-of-damini,https://i.gr-assets.com/images/S/compressed.photo.goodreads.com/books/1442822523i/26182796._SX50_.jpg,3,The Curse of Damini,Best Feminist Books
Melissa V. Harris-Perry,https://www.goodreads.com/author/show/4788247.Melissa_V_Harris_Perry,4.26,https://www.goodreads.com/book/show/11099156-sister-citizen,https://i.gr-assets.com/images/S/compressed.photo.goodreads.com/books/1328847991i/11099156._SX50_.jpg,4,"Sister Citizen: Shame, Stereotypes, and Black Women in America",Best Feminist Books
Susanna Kaysen,https://www.goodreads.com/author/show/4376.Susanna_Kaysen,3.95,https://www.goodreads.com/book/show/68783.Girl_Interrupted,https://i.gr-assets.com/images/S/compressed.photo.goodreads.com/books/1475482930i/68783._SY75_.jpg,3,"Girl, Interrupted",Best Feminist Books
Kate Harding,https://www.goodreads.com/author/show/2445932.Kate_Harding,4.37,https://www.goodreads.com/book/show/17836520-asking-for-it,https://i.gr-assets.com/images/S/compressed.photo.goodreads.com/books/1435187901i/17836520._SY75_.jpg,4,Asking for It: The Alarming Rise of Rape Culture and What We Can Do about It,Best Feminist Books
Sheri S. Tepper,https://www.goodreads.com/author/show/20560.Sheri_S_Tepper,4.06,https://www.goodreads.com/book/show/104344.The_Gate_to_Women_s_Country,https://i.gr-assets.com/images/S/compressed.photo.goodreads.com/books/1171511056i/104344._SY75_.jpg,4,The Gate to Women's Country,Best Feminist Books
Hillary Jordan,https://www.goodreads.com/author/show/972440.Hillary_Jordan,3.68,https://www.goodreads.com/book/show/11045709-when-she-woke,https://i.gr-assets.com/images/S/compressed.photo.goodreads.com/books/1358274814i/11045709._SY75_.jpg,3,When She Woke,Best Feminist Books
Daniel Defoe,https://www.goodreads.com/author/show/2007.Daniel_Defoe,3.52,https://www.goodreads.com/book/show/38262.Moll_Flanders,https://i.gr-assets.com/images/S/compressed.photo.goodreads.com/books/1338130955i/38262._SY75_.jpg,3,Moll Flanders,Best Feminist Books
Virginie Despentes,https://www.goodreads.com/author/show/35668.Virginie_Despentes,4,https://www.goodreads.com/book/show/2099048.King_Kong_th_orie,https://i.gr-assets.com/images/S/compressed.photo.goodreads.com/books/1521000596i/2099048._SY75_.jpg,4,King Kong théorie,Best Feminist Books
Ching-In Chen,https://www.goodreads.com/author/show/2106346.Ching_In_Chen,4.39,https://www.goodreads.com/book/show/8170980-the-revolution-starts-at-home,https://i.gr-assets.com/images/S/compressed.photo.goodreads.com/books/1304436577i/8170980._SY75_.jpg,4,The Revolution Starts at Home: Confronting Intimate Violence Within Activist Communities,Best Feminist Books
Veronica Roth,https://www.goodreads.com/author/show/4039811.Veronica_Roth,4.13,https://www.goodreads.com/book/show/13335037-divergent,https://i.gr-assets.com/images/S/compressed.photo.goodreads.com/books/1618526890i/13335037._SY75_.jpg,4,"Divergent (Divergent, #1)",Best Feminist Books
Roxane Gay,https://www.goodreads.com/author/show/3360355.Roxane_Gay,4.17,https://www.goodreads.com/book/show/26074156-hunger,https://i.gr-assets.com/images/S/compressed.photo.goodreads.com/books/1710083259i/26074156._SX50_.jpg,4,Hunger: A Memoir of (My) Body,Best Feminist Books
Rupi Kaur,https://www.goodreads.com/author/show/8075577.Rupi_Kaur,3.95,https://www.goodreads.com/book/show/23513349-milk-and-honey,https://i.gr-assets.com/images/S/compressed.photo.goodreads.com/books/1491595510i/23513349._SY75_.jpg,3,Milk and honey,Best Feminist Books
A.S. Byatt,https://www.goodreads.com/author/show/1169504.A_S_Byatt,3.9,https://www.goodreads.com/book/show/41219.Possession,https://i.gr-assets.com/images/S/compressed.photo.goodreads.com/books/1391124124i/41219._SY75_.jpg,3,Possession,Best Feminist Books
Elfriede Jelinek,https://www.goodreads.com/author/show/128607.Elfriede_Jelinek,3.62,https://www.goodreads.com/book/show/219879.The_Piano_Teacher,https://i.gr-assets.com/images/S/compressed.photo.goodreads.com/books/1328823912i/219879._SY75_.jpg,3,The Piano Teacher,Best Feminist Books
Mary Daly,https://www.goodreads.com/author/show/5550.Mary_Daly,3.89,https://www.goodreads.com/book/show/643679.Gyn_Ecology,https://i.gr-assets.com/images/S/compressed.photo.goodreads.com/books/1320392161i/643679._SX50_.jpg,3,Gyn/Ecology: The Metaethics of Radical Feminism,Best Feminist Books
Cristina Page,https://www.goodreads.com/author/show/168179.Cristina_Page,4.04,https://www.goodreads.com/book/show/340704.How_the_Pro_Choice_Movement_Saved_America,https://i.gr-assets.com/images/S/compressed.photo.goodreads.com/books/1348266367i/340704._SX50_.jpg,4,"How the Pro-Choice Movement Saved America: Freedom, Politics and the War on Sex",Best Feminist Books
Mary Beard,https://www.goodreads.com/author/show/97783.Mary_Beard,4.02,https://www.goodreads.com/book/show/36525023-women-power,https://i.gr-assets.com/images/S/compressed.photo.goodreads.com/books/1510770662i/36525023._SY75_.jpg,4,Women & Power: A Manifesto,Best Feminist Books
Gloria Steinem,https://www.goodreads.com/author/show/57108.Gloria_Steinem,4.07,https://www.goodreads.com/book/show/15451058-my-life-on-the-road,https://i.gr-assets.com/images/S/compressed.photo.goodreads.com/books/1440005972i/15451058._SY75_.jpg,4,My Life on the Road,Best Feminist Books
Susan J. Douglas,https://www.goodreads.com/author/show/45048.Susan_J_Douglas,3.86,https://www.goodreads.com/book/show/7201148-enlightened-sexism,https://i.gr-assets.com/images/S/compressed.photo.goodreads.com/books/1442353674i/7201148._SX50_.jpg,3,Enlightened Sexism: The Seductive Message That Feminism's Work Is Done,Best Feminist Books
Jane Austen,https://www.goodreads.com/author/show/1265.Jane_Austen,4.15,https://www.goodreads.com/book/show/2156.Persuasion,https://i.gr-assets.com/images/S/compressed.photo.goodreads.com/books/1385172413i/2156._SY75_.jpg,4,Persuasion,Best Feminist Books
Barbara G. Walker,https://www.goodreads.com/author/show/74469.Barbara_G_Walker,4.32,https://www.goodreads.com/book/show/647115.The_Woman_s_Encyclopedia_of_Myths_and_Secrets,https://i.gr-assets.com/images/S/compressed.photo.goodreads.com/books/1369157864i/647115._SY75_.jpg,4,The Woman's Encyclopedia of Myths and Secrets,Best Feminist Books
Peggy Orenstein,https://www.goodreads.com/author/show/15569.Peggy_Orenstein,3.67,https://www.goodreads.com/book/show/8565083-cinderella-ate-my-daughter,https://i.gr-assets.com/images/S/compressed.photo.goodreads.com/books/1279214118i/8565083._SY75_.jpg,3,Cinderella Ate My Daughter: Dispatches from the Frontlines of the New Girlie-Girl Culture,Best Feminist Books
Barbara Findlen,https://www.goodreads.com/author/show/120141.Barbara_Findlen,3.98,https://www.goodreads.com/book/show/1164849.Listen_Up,https://i.gr-assets.com/images/S/compressed.photo.goodreads.com/books/1181542256i/1164849._SY75_.jpg,3,Listen Up: Voices From the Next Feminist Generation,Best Feminist Books
Christiane Northrup,https://www.goodreads.com/author/show/75929.Christiane_Northrup,4.33,https://www.goodreads.com/book/show/131830.Women_s_Bodies_Women_s_Wisdom,https://i.gr-assets.com/images/S/compressed.photo.goodreads.com/books/1320512401i/131830._SY75_.jpg,4,"Women's Bodies, Women's Wisdom: Creating Physical and Emotional Health and Healing",Best Feminist Books
Emma Donoghue,https://www.goodreads.com/author/show/23613.Emma_Donoghue,3.88,https://www.goodreads.com/book/show/44537.Kissing_the_Witch,https://i.gr-assets.com/images/S/compressed.photo.goodreads.com/books/1388201719i/44537._SY75_.jpg,3,Kissing the Witch: Old Tales in New Skins,Best Feminist Books
Christopher B Daly,https://www.goodreads.com/author/show/16828765.Christopher_B_Daly,4.75,https://www.goodreads.com/book/show/39230442-the-journalist-s-companion,https://i.gr-assets.com/images/S/compressed.photo.goodreads.com/books/1523209441i/39230442._SY75_.jpg,4,The Journalist's Companion,Best Feminist Books
Emily    Brown,https://www.goodreads.com/author/show/68359829.Emily_Brown,4.94,https://www.goodreads.com/book/show/242791283-momentum,https://i.gr-assets.com/images/S/compressed.photo.goodreads.com/books/1760525021i/242791283._SY75_.jpg,4,Momentum: A Memoir,Best Feminist Books
Camille Paglia,https://www.goodreads.com/author/show/10733.Camille_Paglia,3.99,https://www.goodreads.com/book/show/101157.Sexual_Personae,https://i.gr-assets.com/images/S/compressed.photo.goodreads.com/books/1171476565i/101157._SY75_.jpg,3,Sexual Personae: Art and Decadence from Nefertiti to Emily Dickinson (Yale Nota Bene),Best Feminist Books
Jack Holland,https://www.goodreads.com/author/show/153562.Jack_Holland,4.15,https://www.goodreads.com/book/show/597662.Misogyny,https://i.gr-assets.com/images/S/compressed.photo.goodreads.com/books/1563838078i/597662._SY75_.jpg,4,Misogyny: The World's Oldest Prejudice,Best Feminist Books
Octavia E. Butler,https://www.goodreads.com/author/show/29535.Octavia_E_Butler,4.15,https://www.goodreads.com/book/show/60929.Dawn,https://i.gr-assets.com/images/S/compressed.photo.goodreads.com/books/1717091024i/60929._SY75_.jpg,4,"Dawn (Xenogenesis, #1)",Best Feminist Books
Sheryl Sandberg,https://www.goodreads.com/author/show/5333595.Sheryl_Sandberg,3.94,https://www.goodreads.com/book/show/16071764-lean-in,https://i.gr-assets.com/images/S/compressed.photo.goodreads.com/books/1630483761i/16071764._SY75_.jpg,3,"Lean In: Women, Work, and the Will to Lead",Best Feminist Books
Adrienne Rich,https://www.goodreads.com/author/show/29947.Adrienne_Rich,4.35,https://www.goodreads.com/book/show/304485.On_Lies_Secrets_and_Silence_Selected_Prose_1966_1978,https://i.gr-assets.com/images/S/compressed.photo.goodreads.com/books/1365396422i/304485._SX50_.jpg,4,"On Lies, Secrets, and Silence. Selected Prose 1966-1978",Best Feminist Books
Madeleine L'Engle,https://www.goodreads.com/author/show/106.Madeleine_L_Engle,3.97,https://www.goodreads.com/book/show/18131.A_Wrinkle_in_Time,https://i.gr-assets.com/images/S/compressed.photo.goodreads.com/books/1329061522i/18131._SX50_.jpg,3,"A Wrinkle in Time (Time Quintet, #1)",Best Feminist Books
Gillian Flynn,https://www.goodreads.com/author/show/2383.Gillian_Flynn,4.15,https://www.goodreads.com/book/show/19288043-gone-girl,https://i.gr-assets.com/images/S/compressed.photo.goodreads.com/books/1554086139i/19288043._SY75_.jpg,4,Gone Girl,Best Feminist Books
Carol J. Adams,https://www.goodreads.com/author/show/29163.Carol_J_Adams,4,https://www.goodreads.com/book/show/51714.The_Sexual_Politics_of_Meat,https://i.gr-assets.com/images/S/compressed.photo.goodreads.com/books/1385314744i/51714._SX50_.jpg,4,The Sexual Politics of Meat: A Feminist-Vegetarian Critical Theory,Best Feminist Books
Simone de Beauvoir,https://www.goodreads.com/author/show/5548.Simone_de_Beauvoir,4.12,https://www.goodreads.com/book/show/164006.Memoirs_of_a_Dutiful_Daughter,https://i.gr-assets.com/images/S/compressed.photo.goodreads.com/books/1410131296i/164006._SY75_.jpg,4,Memoirs of a Dutiful Daughter,Best Feminist Books
Tsitsi Dangarembga,https://www.goodreads.com/author/show/91947.Tsitsi_Dangarembga,4.04,https://www.goodreads.com/book/show/158674.Nervous_Conditions,https://i.gr-assets.com/images/S/compressed.photo.goodreads.com/books/1369859435i/158674._SY75_.jpg,4,Nervous Conditions,Best Feminist Books
Ursula K. Le Guin,https://www.goodreads.com/author/show/874602.Ursula_K_Le_Guin,4.07,https://www.goodreads.com/book/show/13661.Tehanu,https://i.gr-assets.com/images/S/compressed.photo.goodreads.com/books/1386924581i/13661._SY75_.jpg,4,"Tehanu (Earthsea Cycle, #4)",Best Feminist Books
Andrea Dworkin,https://www.goodreads.com/author/show/23879.Andrea_Dworkin,4.29,https://www.goodreads.com/book/show/377163.Right_Wing_Women,https://i.gr-assets.com/images/S/compressed.photo.goodreads.com/books/1342858899i/377163._SX50_.jpg,4,Right-Wing Women,Best Feminist Books
Anne Sexton,https://www.goodreads.com/author/show/26814.Anne_Sexton,4.11,https://www.goodreads.com/book/show/47734.Transformations,https://i.gr-assets.com/images/S/compressed.photo.goodreads.com/books/1441747420i/47734._SY75_.jpg,4,Transformations,Best Feminist Books
John Irving,https://www.goodreads.com/author/show/3075.John_Irving,4.11,https://www.goodreads.com/book/show/7069.The_World_According_to_Garp,https://i.gr-assets.com/images/S/compressed.photo.goodreads.com/books/1447234581i/7069._SY75_.jpg,4,The World According to Garp,Best Feminist Books
Thomas Hardy,https://www.goodreads.com/author/show/15905.Thomas_Hardy,3.97,https://www.goodreads.com/book/show/31463.Far_From_the_Madding_Crowd,https://i.gr-assets.com/images/S/compressed.photo.goodreads.com/books/1631259654i/31463._SY75_.jpg,3,Far From the Madding Crowd,Best Feminist Books
Arlie Russell Hochschild,https://www.goodreads.com/author/show/156719.Arlie_Russell_Hochschild,4.14,https://www.goodreads.com/book/show/51848.The_Second_Shift,https://i.gr-assets.com/images/S/compressed.photo.goodreads.com/books/1442636218i/51848._SY75_.jpg,4,The Second Shift,Best Feminist Books
Hélène Cixous,https://www.goodreads.com/author/show/88674.H_l_ne_Cixous,4.18,https://www.goodreads.com/book/show/11080013-the-laugh-of-the-medusa,https://i.gr-assets.com/images/S/compressed.photo.goodreads.com/books/1306835383i/11080013._SY75_.jpg,4,The Laugh of the Medusa,Best Feminist Books
Andrea Dworkin,https://www.goodreads.com/author/show/23879.Andrea_Dworkin,3.84,https://www.goodreads.com/book/show/209333.Woman_Hating,https://i.gr-assets.com/images/S/compressed.photo.goodreads.com/books/1386748156i/209333._SY75_.jpg,3,Woman Hating,Best Feminist Books
bell hooks,https://www.goodreads.com/author/show/10697.bell_hooks,4,https://www.goodreads.com/book/show/17607.All_About_Love,https://i.gr-assets.com/images/S/compressed.photo.goodreads.com/books/1757107647i/17607._SY75_.jpg,4,All About Love: New Visions,Best Feminist Books
Robert Thier,https://www.goodreads.com/author/show/6123144.Robert_Thier,4.49,https://www.goodreads.com/book/show/24035804-storm-and-silence,https://i.gr-assets.com/images/S/compressed.photo.goodreads.com/books/1448470535i/24035804._SY75_.jpg,4,"Storm and Silence (Storm and Silence, #1)",Best Feminist Books
Luce Irigaray,https://www.goodreads.com/author/show/7804.Luce_Irigaray,4,https://www.goodreads.com/book/show/330543.This_Sex_Which_is_Not_One,https://i.gr-assets.com/images/S/compressed.photo.goodreads.com/books/1681165320i/330543._SY75_.jpg,4,This Sex Which is Not One,Best Feminist Books
Diana Wynne Jones,https://www.goodreads.com/author/show/4260.Diana_Wynne_Jones,4.28,https://www.goodreads.com/book/show/6294.Howl_s_Moving_Castle,https://i.gr-assets.com/images/S/compressed.photo.goodreads.com/books/1630502935i/6294._SX50_.jpg,4,"Howl's Moving Castle (Howl's Moving Castle, #1)",Best Feminist Books
Lindy West,https://www.goodreads.com/author/show/5365754.Lindy_West,4.16,https://www.goodreads.com/book/show/29340182-shrill,https://i.gr-assets.com/images/S/compressed.photo.goodreads.com/books/1460015959i/29340182._SY75_.jpg,4,Shrill: Notes from a Loud Woman,Best Feminist Books
Margaret Atwood,https://www.goodreads.com/author/show/3472.Margaret_Atwood,4,https://www.goodreads.com/book/show/78435.Oryx_and_Crake,https://i.gr-assets.com/images/S/compressed.photo.goodreads.com/books/1393260438i/78435._SX50_.jpg,4,Oryx and Crake (MaddAddam #1),Best Feminist Books
Emilie Buchwald,https://www.goodreads.com/author/show/207160.Emilie_Buchwald,4.36,https://www.goodreads.com/book/show/303558.Transforming_a_Rape_Culture,https://i.gr-assets.com/images/S/compressed.photo.goodreads.com/books/1328750804i/303558._SX50_.jpg,4,Transforming a Rape Culture,Best Feminist Books
Riane Eisler,https://www.goodreads.com/author/show/2752081.Riane_Eisler,4.19,https://www.goodreads.com/book/show/470367.The_Chalice_and_the_Blade,https://i.gr-assets.com/images/S/compressed.photo.goodreads.com/books/1505158290i/470367._SY75_.jpg,4,"The Chalice and the Blade: Our History, Our Future",Best Feminist Books
Margaret Sanger,https://www.goodreads.com/author/show/264856.Margaret_Sanger,3.85,https://www.goodreads.com/book/show/928996.The_Autobiography_of_Margaret_Sanger,https://i.gr-assets.com/images/S/compressed.photo.goodreads.com/books/1328864378i/928996._SY75_.jpg,3,The Autobiography of Margaret Sanger,Best Feminist Books
Sarah Waters,https://www.goodreads.com/author/show/25334.Sarah_Waters,4.06,https://www.goodreads.com/book/show/56373.Tipping_the_Velvet,https://i.gr-assets.com/images/S/compressed.photo.goodreads.com/books/1388633460i/56373._SY75_.jpg,4,Tipping the Velvet,Best Feminist Books
John  Green,https://www.goodreads.com/author/show/1406384.John_Green,3.7,https://www.goodreads.com/book/show/6916043-paper-towns,https://i.gr-assets.com/images/S/compressed.photo.goodreads.com/books/1299965422i/6916043._SY75_.jpg,3,Paper Towns,Best Feminist Books
Jean M. Auel,https://www.goodreads.com/author/show/861.Jean_M_Auel,4.11,https://www.goodreads.com/book/show/1295.The_Clan_of_the_Cave_Bear,https://i.gr-assets.com/images/S/compressed.photo.goodreads.com/books/1276624702i/1295._SY75_.jpg,4,"The Clan of the Cave Bear (Earth's Children, #1)",Best Feminist Books
Reni Eddo-Lodge,https://www.goodreads.com/author/show/16239209.Reni_Eddo_Lodge,4.37,https://www.goodreads.com/book/show/33606119-why-i-m-no-longer-talking-to-white-people-about-race,https://i.gr-assets.com/images/S/compressed.photo.goodreads.com/books/1497293578i/33606119._SY75_.jpg,4,Why I'm No Longer Talking to White People About Race,Best Feminist Books
J.K. Rowling,https://www.goodreads.com/author/show/1077326.J_K_Rowling,4.47,https://www.goodreads.com/book/show/3.Harry_Potter_and_the_Sorcerer_s_Stone,https://i.gr-assets.com/images/S/compressed.photo.goodreads.com/books/1474154022i/3._SY75_.jpg,4,"Harry Potter and the Sorcerer's Stone (Harry Potter, #1)",Best Feminist Books
Toni Morrison,https://www.goodreads.com/author/show/3534.Toni_Morrison,4.06,https://www.goodreads.com/book/show/11346.Sula,https://i.gr-assets.com/images/S/compressed.photo.goodreads.com/books/1441578153i/11346._SY75_.jpg,4,Sula,Best Feminist Books
Stephen  King,https://www.goodreads.com/author/show/3389.Stephen_King,3.76,https://www.goodreads.com/book/show/10619.Rose_Madder,https://i.gr-assets.com/images/S/compressed.photo.goodreads.com/books/1660826989i/10619._SY75_.jpg,3,Rose Madder,Best Feminist Books
Natasha Walter,https://www.goodreads.com/author/show/2890812.Natasha_Walter,3.83,https://www.goodreads.com/book/show/6378897-living-dolls,https://i.gr-assets.com/images/S/compressed.photo.goodreads.com/books/1415589903i/6378897._SY75_.jpg,3,Living Dolls: The Return of Sexism,Best Feminist Books
Dorothy Roberts,https://www.goodreads.com/author/show/19545.Dorothy_Roberts,4.46,https://www.goodreads.com/book/show/229445.Killing_the_Black_Body,https://i.gr-assets.com/images/S/compressed.photo.goodreads.com/books/1388801372i/229445._SY75_.jpg,4,"Killing the Black Body: Race, Reproduction, and the Meaning of Liberty",Best Feminist Books
Cassandra Clare,https://www.goodreads.com/author/show/150038.Cassandra_Clare,4.06,https://www.goodreads.com/book/show/256683.City_of_Bones,https://i.gr-assets.com/images/S/compressed.photo.goodreads.com/books/1432730315i/256683._SY75_.jpg,4,"City of Bones (The Mortal Instruments, #1)",Best Feminist Books
Elizabeth Gilbert,https://www.goodreads.com/author/show/11679.Elizabeth_Gilbert,3.65,https://www.goodreads.com/book/show/19501.Eat_Pray_Love,https://i.gr-assets.com/images/S/compressed.photo.goodreads.com/books/1503066414i/19501._SY75_.jpg,3,"Eat, Pray, Love",Best Feminist Books
Rachel Carson,https://www.goodreads.com/author/show/15332.Rachel_Carson,4.06,https://www.goodreads.com/book/show/27333.Silent_Spring,https://i.gr-assets.com/images/S/compressed.photo.goodreads.com/books/1442353674i/27333._SY75_.jpg,4,Silent Spring,Best Feminist Books
Catharine A. MacKinnon,https://www.goodreads.com/author/show/127108.Catharine_A_MacKinnon,3.96,https://www.goodreads.com/book/show/638913.Feminism_Unmodified,https://i.gr-assets.com/images/S/compressed.photo.goodreads.com/books/1348913936i/638913._SY75_.jpg,3,Feminism Unmodified: Discourses on Life and Law,Best Feminist Books
Louise O'Neill,https://www.goodreads.com/author/show/8110797.Louise_O_Neill,4,https://www.goodreads.com/book/show/25255576-asking-for-it,https://i.gr-assets.com/images/S/compressed.photo.goodreads.com/books/1445503799i/25255576._SY75_.jpg,4,Asking For It,Best Feminist Books
Marilyn French,https://www.goodreads.com/author/show/14160.Marilyn_French,4.09,https://www.goodreads.com/book/show/58287.The_War_Against_Women,https://i.gr-assets.com/images/S/compressed.photo.goodreads.com/books/1262684126i/58287._SY75_.jpg,4,The War Against Women,Best Feminist Books
Henry James,https://www.goodreads.com/author/show/159.Henry_James,3.8,https://www.goodreads.com/book/show/264.The_Portrait_of_a_Lady,https://i.gr-assets.com/images/S/compressed.photo.goodreads.com/books/1502148606i/264._SY75_.jpg,3,The Portrait of a Lady,Best Feminist Books
Irin Carmon,https://www.goodreads.com/author/show/3960446.Irin_Carmon,4.18,https://www.goodreads.com/book/show/25422234-notorious-rbg,https://i.gr-assets.com/images/S/compressed.photo.goodreads.com/books/1429924065i/25422234._SX50_.jpg,4,Notorious RBG: The Life and Times of Ruth Bader Ginsburg,Best Feminist Books
Marissa Meyer,https://www.goodreads.com/author/show/4684322.Marissa_Meyer,4.12,https://www.goodreads.com/book/show/11235712-cinder,https://i.gr-assets.com/images/S/compressed.photo.goodreads.com/books/1470056948i/11235712._SY75_.jpg,4,"Cinder (The Lunar Chronicles, #1)",Best Feminist Books
Octavia E. Butler,https://www.goodreads.com/author/show/29535.Octavia_E_Butler,4.19,https://www.goodreads.com/book/show/52397.Parable_of_the_Sower,https://i.gr-assets.com/images/S/compressed.photo.goodreads.com/books/1442169447i/52397._SY75_.jpg,4,"Parable of the Sower (Earthseed, #1)",Best Feminist Books
Margaret Atwood,https://www.goodreads.com/author/show/3472.Margaret_Atwood,4.2,https://www.goodreads.com/book/show/42975172-the-testaments,https://i.gr-assets.com/images/S/compressed.photo.goodreads.com/books/1549292344i/42975172._SY75_.jpg,4,"The Testaments (The Handmaid's Tale, #2)",Best Feminist Books
Dorothy L. Sayers,https://www.goodreads.com/author/show/8734.Dorothy_L_Sayers,4.19,https://www.goodreads.com/book/show/93575.Gaudy_Night,https://i.gr-assets.com/images/S/compressed.photo.goodreads.com/books/1388197565i/93575._SY75_.jpg,4,"Gaudy Night (Lord Peter Wimsey, #12)",Best Feminist Books
Starhawk,https://www.goodreads.com/author/show/6376.Starhawk,4.04,https://www.goodreads.com/book/show/73869.The_Spiral_Dance,https://i.gr-assets.com/images/S/compressed.photo.goodreads.com/books/1348517478i/73869._SX50_.jpg,4,The Spiral Dance: A Rebirth of the Ancient Religion of the Great Goddess,Best Feminist Books
Susan Brownmiller,https://www.goodreads.com/author/show/35623.Susan_Brownmiller,3.86,https://www.goodreads.com/book/show/250345.Femininity,https://i.gr-assets.com/images/S/compressed.photo.goodreads.com/books/1389320378i/250345._SY75_.jpg,3,Femininity,Best Feminist Books
Marcelle Karp,https://www.goodreads.com/author/show/26161.Marcelle_Karp,3.82,https://www.goodreads.com/book/show/46659.The_Bust_Guide_to_the_New_Girl_Order,https://i.gr-assets.com/images/S/compressed.photo.goodreads.com/books/1439151169i/46659._SX50_.jpg,3,The Bust Guide to the New Girl Order,Best Feminist Books
Milli Hill,https://www.goodreads.com/author/show/14154905.Milli_Hill,3.96,https://www.goodreads.com/book/show/44428178-give-birth-like-a-feminist,https://i.gr-assets.com/images/S/compressed.photo.goodreads.com/books/1589726439i/44428178._SY75_.jpg,3,Give Birth Like a Feminist: Your Body. Your Baby. Your Choices.,Best Feminist Books
Kristin Cashore,https://www.goodreads.com/author/show/1373880.Kristin_Cashore,4.09,https://www.goodreads.com/book/show/6137154-fire,https://i.gr-assets.com/images/S/compressed.photo.goodreads.com/books/1331535456i/6137154._SY75_.jpg,4,"Fire (Graceling Realm, #2)",Best Feminist Books
Monica Sjöö,https://www.goodreads.com/author/show/255696.Monica_Sj_,4.08,https://www.goodreads.com/book/show/910444.The_Great_Cosmic_Mother,https://i.gr-assets.com/images/S/compressed.photo.goodreads.com/books/1348763224i/910444._SY75_.jpg,4,The Great Cosmic Mother: Rediscovering the Religion of the Earth,Best Feminist Books
John Stoltenberg,https://www.goodreads.com/author/show/299242.John_Stoltenberg,4.03,https://www.goodreads.com/book/show/433187.Refusing_to_be_a_Man,https://i.gr-assets.com/images/S/compressed.photo.goodreads.com/books/1347337704i/433187._SY75_.jpg,4,Refusing to be a Man: Essays on Sex and Justice,Best Feminist Books
J.D. Salinger,https://www.goodreads.com/author/show/819789.J_D_Salinger,3.8,https://www.goodreads.com/book/show/5107.The_Catcher_in_the_Rye,https://i.gr-assets.com/images/S/compressed.photo.goodreads.com/books/1398034300i/5107._SY75_.jpg,3,The Catcher in the Rye,Best Feminist Books
Mikki Kendall,https://www.goodreads.com/author/show/4510558.Mikki_Kendall,4.35,https://www.goodreads.com/book/show/36687229-hood-feminism,https://i.gr-assets.com/images/S/compressed.photo.goodreads.com/books/1577489813i/36687229._SY75_.jpg,4,Hood Feminism: Notes from the Women That a Movement Forgot,Best Feminist Books
Madeline Miller,https://www.goodreads.com/author/show/176372.Madeline_Miller,4.22,https://www.goodreads.com/book/show/35959740-circe,https://i.gr-assets.com/images/S/compressed.photo.goodreads.com/books/1565909496i/35959740._SY75_.jpg,4,Circe,Best Feminist Books
Rita Mae Brown,https://www.goodreads.com/author/show/23511.Rita_Mae_Brown,3.91,https://www.goodreads.com/book/show/165395.Rubyfruit_Jungle,https://i.gr-assets.com/images/S/compressed.photo.goodreads.com/books/1172341177i/165395._SY75_.jpg,3,Rubyfruit Jungle,Best Feminist Books
bell hooks,https://www.goodreads.com/author/show/10697.bell_hooks,4.44,https://www.goodreads.com/book/show/27091.Teaching_to_Transgress,https://i.gr-assets.com/images/S/compressed.photo.goodreads.com/books/1403166974i/27091._SX50_.jpg,4,Teaching to Transgress: Education as the Practice of Freedom,Best Feminist Books
Rigoberta Menchú,https://www.goodreads.com/author/show/648569.Rigoberta_Mench_,3.86,https://www.goodreads.com/book/show/233292.I_Rigoberta_Mench_,https://i.gr-assets.com/images/S/compressed.photo.goodreads.com/books/1438357591i/233292._SX50_.jpg,3,"I, Rigoberta Menchú: An Indian Woman in Guatemala",Best Feminist Books
Margaret Cho,https://www.goodreads.com/author/show/15949.Margaret_Cho,4.04,https://www.goodreads.com/book/show/139657.BITCHfest,https://i.gr-assets.com/images/S/compressed.photo.goodreads.com/books/1407212578i/139657._SY75_.jpg,4,BITCHfest: Ten Years of Cultural Criticism from the Pages of Bitch Magazine,Best Feminist Books
Malinda Lo,https://www.goodreads.com/author/show/2884780.Malinda_Lo,3.63,https://www.goodreads.com/book/show/6472451-ash,https://i.gr-assets.com/images/S/compressed.photo.goodreads.com/books/1286563960i/6472451._SY75_.jpg,3,Ash,Best Feminist Books
Natalie Angier,https://www.goodreads.com/author/show/34261.Natalie_Angier,4.13,https://www.goodreads.com/book/show/60885.Woman,https://i.gr-assets.com/images/S/compressed.photo.goodreads.com/books/1403168988i/60885._SY75_.jpg,4,Woman: An Intimate Geography,Best Feminist Books
Sophocles,https://www.goodreads.com/author/show/1002.Sophocles,3.82,https://www.goodreads.com/book/show/205196.Electra,https://i.gr-assets.com/images/S/compressed.photo.goodreads.com/books/1328704297i/205196._SY75_.jpg,3,Electra,Best Feminist Books
Emma Goldman,https://www.goodreads.com/author/show/15591.Emma_Goldman,4.27,https://www.goodreads.com/book/show/51695.Living_My_Life,https://i.gr-assets.com/images/S/compressed.photo.goodreads.com/books/1309282997i/51695._SY75_.jpg,4,Living My Life,Best Feminist Books
Leora Tanenbaum,https://www.goodreads.com/author/show/103756.Leora_Tanenbaum,3.88,https://www.goodreads.com/book/show/178198.Slut_,https://i.gr-assets.com/images/S/compressed.photo.goodreads.com/books/1348680578i/178198._SY75_.jpg,3,Slut!: Growing Up Female with a Bad Reputation,Best Feminist Books
Alison Bechdel,https://www.goodreads.com/author/show/54223321.Alison_Bechdel,4.45,https://www.goodreads.com/book/show/3189884-the-essential-dykes-to-watch-out-for,https://i.gr-assets.com/images/S/compressed.photo.goodreads.com/books/1348922728i/3189884._SX50_.jpg,4,The Essential Dykes To Watch Out For,Best Feminist Books
Kelly Sue DeConnick,https://www.goodreads.com/author/show/16587.Kelly_Sue_DeConnick,4.02,https://www.goodreads.com/book/show/25074849-bitch-planet-vol-1,https://i.gr-assets.com/images/S/compressed.photo.goodreads.com/books/1425527046i/25074849._SY75_.jpg,4,"Bitch Planet, Vol. 1: Extraordinary Machine (Bitch Planet Collected Editions, #1)",Best Feminist Books
Marjane Satrapi,https://www.goodreads.com/author/show/6238.Marjane_Satrapi,4.27,https://www.goodreads.com/book/show/9516.Persepolis,https://i.gr-assets.com/images/S/compressed.photo.goodreads.com/books/1425871473i/9516._SX50_.jpg,4,"Persepolis: The Story of a Childhood (Persepolis, #1)",Best Feminist Books
Adrienne Rich,https://www.goodreads.com/author/show/29947.Adrienne_Rich,4.27,https://www.goodreads.com/book/show/738965.Compulsory_Heterosexuality_and_Lesbian_Existence,https://i.gr-assets.com/images/S/compressed.photo.goodreads.com/books/1410232833i/738965._SY75_.jpg,4,Compulsory Heterosexuality and Lesbian Existence,Best Feminist Books
Chanel Miller,https://www.goodreads.com/author/show/19527332.Chanel_Miller,4.68,https://www.goodreads.com/book/show/50196744-know-my-name,https://i.gr-assets.com/images/S/compressed.photo.goodreads.com/books/1567612158l/50196744._SX50_SY75_.jpg,4,Know My Name,Best Feminist Books
Jane Austen,https://www.goodreads.com/author/show/1265.Jane_Austen,3.86,https://www.goodreads.com/book/show/45032.Mansfield_Park,https://i.gr-assets.com/images/S/compressed.photo.goodreads.com/books/1397063295i/45032._SY75_.jpg,3,Mansfield Park,Best Feminist Books
Gloria Naylor,https://www.goodreads.com/author/show/18752.Gloria_Naylor,4.2,https://www.goodreads.com/book/show/765811.The_Women_of_Brewster_Place,https://i.gr-assets.com/images/S/compressed.photo.goodreads.com/books/1309209011i/765811._SY75_.jpg,4,The Women of Brewster Place,Best Feminist Books
Michael   Robbins,https://www.goodreads.com/author/show/7160265.Michael_Robbins,3.91,https://www.goodreads.com/book/show/234708.Middlesex,https://i.gr-assets.com/images/S/compressed.photo.goodreads.com/books/1328702422i/234708._SX50_.jpg,3,Middlesex,Best Feminist Books
Jeffrey Eugenides,https://www.goodreads.com/author/show/1467.Jeffrey_Eugenides,3.78,https://www.goodreads.com/book/show/10956.The_Virgin_Suicides,https://i.gr-assets.com/images/S/compressed.photo.goodreads.com/books/1319032910i/10956._SY75_.jpg,3,The Virgin Suicides,Best Feminist Books
Veronica Roth,https://www.goodreads.com/author/show/4039811.Veronica_Roth,3.6,https://www.goodreads.com/book/show/18710190-allegiant,https://i.gr-assets.com/images/S/compressed.photo.goodreads.com/books/1395582745i/18710190._SY75_.jpg,3,"Allegiant (Divergent, #3)",Best Feminist Books
Jeanette Winterson,https://www.goodreads.com/author/show/9399.Jeanette_Winterson,4.11,https://www.goodreads.com/book/show/15047.The_Passion,https://i.gr-assets.com/images/S/compressed.photo.goodreads.com/books/1388187737i/15047._SY75_.jpg,4,The Passion,Best Feminist Books
Laura Kaplan,https://www.goodreads.com/author/show/362292.Laura_Kaplan,4.34,https://www.goodreads.com/book/show/676543.The_Story_of_Jane,https://i.gr-assets.com/images/S/compressed.photo.goodreads.com/books/1348129296i/676543._SY75_.jpg,4,The Story of Jane: The Legendary Underground Feminist Abortion Service,Best Feminist Books
Jean Kilbourne,https://www.goodreads.com/author/show/27499.Jean_Kilbourne,4.06,https://www.goodreads.com/book/show/49010.Can_t_Buy_My_Love,https://i.gr-assets.com/images/S/compressed.photo.goodreads.com/books/1430755615i/49010._SX50_.jpg,4,Can't Buy My Love: How Advertising Changes the Way We Think and Feel,Best Feminist Books
Andrea Dworkin,https://www.goodreads.com/author/show/23879.Andrea_Dworkin,4.42,https://www.goodreads.com/book/show/544175.Our_Blood,https://i.gr-assets.com/images/S/compressed.photo.goodreads.com/books/1707042673i/544175._SY75_.jpg,4,Our Blood: Prophecies and Discourses on Sexual Politics,Best Feminist Books
Leta Hong Fincher,https://www.goodreads.com/author/show/7512648.Leta_Hong_Fincher,3.97,https://www.goodreads.com/book/show/19282867-leftover-women,https://i.gr-assets.com/images/S/compressed.photo.goodreads.com/books/1390035686i/19282867._SY75_.jpg,3,Leftover Women: The Resurgence of Gender Inequality in China,Best Feminist Books
L.M. Montgomery,https://www.goodreads.com/author/show/5350.L_M_Montgomery,4.29,https://www.goodreads.com/book/show/77392.Anne_of_the_Island,https://i.gr-assets.com/images/S/compressed.photo.goodreads.com/books/1435829564i/77392._SY75_.jpg,4,"Anne of the Island (Anne of Green Gables, #3)",Best Feminist Books
Rupi Kaur,https://www.goodreads.com/author/show/8075577.Rupi_Kaur,4.08,https://www.goodreads.com/book/show/35606560-the-sun-and-her-flowers,https://i.gr-assets.com/images/S/compressed.photo.goodreads.com/books/1499791446i/35606560._SY75_.jpg,4,The Sun and Her Flowers,Best Feminist Books
Isak Dinesen,https://www.goodreads.com/author/show/7215049.Isak_Dinesen,3.91,https://www.goodreads.com/book/show/781787.Out_of_Africa,https://i.gr-assets.com/images/S/compressed.photo.goodreads.com/books/1750989139i/781787._SX50_.jpg,3,Out of Africa,Best Feminist Books
Scott O'Dell,https://www.goodreads.com/author/show/4999.Scott_O_Dell,3.88,https://www.goodreads.com/book/show/233818.Island_of_the_Blue_Dolphins,https://i.gr-assets.com/images/S/compressed.photo.goodreads.com/books/1475166260i/233818._SY75_.jpg,3,Island of the Blue Dolphins,Best Feminist Books
Kate Bornstein,https://www.goodreads.com/author/show/5854.Kate_Bornstein,4.03,https://www.goodreads.com/book/show/52108.Gender_Outlaw,https://i.gr-assets.com/images/S/compressed.photo.goodreads.com/books/1403194737i/52108._SY75_.jpg,4,"Gender Outlaw: On Men, Women and the Rest of Us",Best Feminist Books
Helen Keller,https://www.goodreads.com/author/show/7275.Helen_Keller,4.07,https://www.goodreads.com/book/show/821611.The_Story_of_My_Life,https://i.gr-assets.com/images/S/compressed.photo.goodreads.com/books/1320429331i/821611._SY75_.jpg,4,The Story of My Life,Best Feminist Books
Veronica Roth,https://www.goodreads.com/author/show/4039811.Veronica_Roth,3.96,https://www.goodreads.com/book/show/11735983-insurgent,https://i.gr-assets.com/images/S/compressed.photo.goodreads.com/books/1618525340i/11735983._SY75_.jpg,3,"Insurgent (Divergent, #2)",Best Feminist Books
Caroline  Woods,https://www.goodreads.com/author/show/15522154.Caroline_Woods,3.96,https://www.goodreads.com/book/show/31237991-fr-ulein-m,https://i.gr-assets.com/images/S/compressed.photo.goodreads.com/books/1472428864i/31237991._SY75_.jpg,3,Fräulein M.,Best Feminist Books
Donna Russo Morin,https://www.goodreads.com/author/show/2729597.Donna_Russo_Morin,4.24,https://www.goodreads.com/book/show/51005584-gilded-dreams,https://i.gr-assets.com/images/S/compressed.photo.goodreads.com/books/1581008127i/51005584._SY75_.jpg,4,Gilded Dreams (Newport's Gilded Age #2),Best Feminist Books
Ralph  Webster,https://www.goodreads.com/author/show/15370611.Ralph_Webster,4.41,https://www.goodreads.com/book/show/37920118-one-more-moon,https://i.gr-assets.com/images/S/compressed.photo.goodreads.com/books/1515781060i/37920118._SY75_.jpg,4,One More Moon,Best Feminist Books
E. Lockhart,https://www.goodreads.com/author/show/173491.E_Lockhart,3.8,https://www.goodreads.com/book/show/1629601.The_Disreputable_History_of_Frankie_Landau_Banks,https://i.gr-assets.com/images/S/compressed.photo.goodreads.com/books/1313980820i/1629601._SY75_.jpg,3,The Disreputable History of Frankie Landau-Banks,Best Feminist Books
Chris Bohjalian,https://www.goodreads.com/author/show/3509.Chris_Bohjalian,4,https://www.goodreads.com/book/show/5166.Midwives,https://i.gr-assets.com/images/S/compressed.photo.goodreads.com/books/1442593918i/5166._SY75_.jpg,4,Midwives,Best Feminist Books
Rosalind Miles,https://www.goodreads.com/author/show/13891.Rosalind_Miles,3.79,https://www.goodreads.com/book/show/56354.Who_Cooked_the_Last_Supper_The_Women_s_History_of_the_World,https://i.gr-assets.com/images/S/compressed.photo.goodreads.com/books/1403180410i/56354._SY75_.jpg,3,Who Cooked the Last Supper? The Women's History of the World,Best Feminist Books
Geraldine Brooks,https://www.goodreads.com/author/show/211268.Geraldine_Brooks,4.05,https://www.goodreads.com/book/show/337615.Nine_Parts_of_Desire,https://i.gr-assets.com/images/S/compressed.photo.goodreads.com/books/1403182793i/337615._SY75_.jpg,4,Nine Parts of Desire: The Hidden World of Islamic Women,Best Feminist Books
Kimberlé Crenshaw,https://www.goodreads.com/author/show/5390500.Kimberl_Crenshaw,4.45,https://www.goodreads.com/book/show/56939508-sayhername,https://i.gr-assets.com/images/S/compressed.photo.goodreads.com/books/1612381597i/56939508._SY75_.jpg,4,#SayHerName: Black Women's Stories of State Violence and Public Silence,Best Feminist Books
Ki Longfellow,https://www.goodreads.com/author/show/286014.Ki_Longfellow,4.14,https://www.goodreads.com/book/show/514811.The_Secret_Magdalene,https://i.gr-assets.com/images/S/compressed.photo.goodreads.com/books/1175446011i/514811._SY75_.jpg,4,The Secret Magdalene,Best Feminist Books
Alison Weir,https://www.goodreads.com/author/show/6583.Alison_Weir,4.12,https://www.goodreads.com/book/show/10104.The_Six_Wives_of_Henry_VIII,https://i.gr-assets.com/images/S/compressed.photo.goodreads.com/books/1438820765i/10104._SY75_.jpg,4,The Six Wives of Henry VIII,Best Feminist Books
Mona Eltahawy,https://www.goodreads.com/author/show/6108561.Mona_Eltahawy,4.17,https://www.goodreads.com/book/show/18490563-headscarves-and-hymens,https://i.gr-assets.com/images/S/compressed.photo.goodreads.com/books/1403430338i/18490563._SX50_.jpg,4,Headscarves and Hymens: Why the Middle East Needs a Sexual Revolution,Best Feminist Books
Sojourner Truth,https://www.goodreads.com/author/show/200277.Sojourner_Truth,4.09,https://www.goodreads.com/book/show/349076.The_Narrative_of_Sojourner_Truth,https://i.gr-assets.com/images/S/compressed.photo.goodreads.com/books/1410229761i/349076._SY75_.jpg,4,The Narrative of Sojourner Truth,Best Feminist Books
Betty Mahmoody,https://www.goodreads.com/author/show/24349.Betty_Mahmoody,4.19,https://www.goodreads.com/book/show/43255.Not_Without_My_Daughter,https://i.gr-assets.com/images/S/compressed.photo.goodreads.com/books/1416296090i/43255._SY75_.jpg,4,Not Without My Daughter,Best Feminist Books
Kate Chopin,https://www.goodreads.com/author/show/5132.Kate_Chopin,4.06,https://www.goodreads.com/book/show/2267195.The_Story_of_an_Hour,https://i.gr-assets.com/images/S/compressed.photo.goodreads.com/books/1348249668i/2267195._SY75_.jpg,4,The Story of an Hour,Best Feminist Books
Ki Longfellow,https://www.goodreads.com/author/show/286014.Ki_Longfellow,4.01,https://www.goodreads.com/book/show/6801755-flow-down-like-silver,https://i.gr-assets.com/images/S/compressed.photo.goodreads.com/books/1348371147i/6801755._SY75_.jpg,4,Flow Down Like Silver,Best Feminist Books
Naomi Alderman,https://www.goodreads.com/author/show/118226.Naomi_Alderman,3.75,https://www.goodreads.com/book/show/29751398-the-power,https://i.gr-assets.com/images/S/compressed.photo.goodreads.com/books/1462814013i/29751398._SY75_.jpg,3,The Power,Best Feminist Books
Kim Ligget,https://www.goodreads.com/author/show/70637603.Kim_Ligget,4.13,https://www.goodreads.com/book/show/43263520-the-grace-year,https://i.gr-assets.com/images/S/compressed.photo.goodreads.com/books/1548518877i/43263520._SY75_.jpg,4,The Grace Year,Best Feminist Books
James Tiptree Jr.,https://www.goodreads.com/author/show/9860453.James_Tiptree_Jr_,4.17,https://www.goodreads.com/book/show/27059.Her_Smoke_Rose_Up_Forever,https://i.gr-assets.com/images/S/compressed.photo.goodreads.com/books/1395145994i/27059._SX50_.jpg,4,Her Smoke Rose Up Forever,Best Feminist Books
Tammara Webber,https://www.goodreads.com/author/show/4826501.Tammara_Webber,4.07,https://www.goodreads.com/book/show/16056408-easy,https://i.gr-assets.com/images/S/compressed.photo.goodreads.com/books/1349370267i/16056408._SY75_.jpg,4,"Easy (Contours of the Heart, #1)",Best Feminist Books
Sarah Dunant,https://www.goodreads.com/author/show/15830.Sarah_Dunant,3.79,https://www.goodreads.com/book/show/6060130-sacred-hearts,https://i.gr-assets.com/images/S/compressed.photo.goodreads.com/books/1441864121i/6060130._SY75_.jpg,3,Sacred Hearts,Best Feminist Books
Jeffrey Eugenides,https://www.goodreads.com/author/show/1467.Jeffrey_Eugenides,4.04,https://www.goodreads.com/book/show/2187.Middlesex,https://i.gr-assets.com/images/S/compressed.photo.goodreads.com/books/1437029776i/2187._SY75_.jpg,4,Middlesex,Best Feminist Books
Louise O'Neill,https://www.goodreads.com/author/show/8110797.Louise_O_Neill,3.76,https://www.goodreads.com/book/show/21805717-only-ever-yours,https://i.gr-assets.com/images/S/compressed.photo.goodreads.com/books/1441273940i/21805717._SY75_.jpg,3,Only Ever Yours,Best Feminist Books
Audre Lorde,https://www.goodreads.com/author/show/18486.Audre_Lorde,4.43,https://www.goodreads.com/book/show/1070479.The_Cancer_Journals,https://i.gr-assets.com/images/S/compressed.photo.goodreads.com/books/1588260964i/1070479._SY75_.jpg,4,The Cancer Journals,Best Feminist Books
Cheryl Strayed,https://www.goodreads.com/author/show/155717.Cheryl_Strayed,4.07,https://www.goodreads.com/book/show/12262741-wild,https://i.gr-assets.com/images/S/compressed.photo.goodreads.com/books/1453189881i/12262741._SY75_.jpg,4,Wild: From Lost to Found on the Pacific Crest Trail,Best Feminist Books
Catharine A. MacKinnon,https://www.goodreads.com/author/show/127108.Catharine_A_MacKinnon,3.99,https://www.goodreads.com/book/show/381907.Toward_a_Feminist_Theory_of_the_State,https://i.gr-assets.com/images/S/compressed.photo.goodreads.com/books/1348538779i/381907._SY75_.jpg,3,Toward a Feminist Theory of the State,Best Feminist Books
Angela Y. Davis,https://www.goodreads.com/author/show/5863103.Angela_Y_Davis,4.51,https://www.goodreads.com/book/show/108428.Are_Prisons_Obsolete_,https://i.gr-assets.com/images/S/compressed.photo.goodreads.com/books/1320521835i/108428._SX50_.jpg,4,Are Prisons Obsolete?,Best Feminist Books
Kate Schatz,https://www.goodreads.com/author/show/165150.Kate_Schatz,4.41,https://www.goodreads.com/book/show/23129944-rad-american-women-a-z,https://i.gr-assets.com/images/S/compressed.photo.goodreads.com/books/1418788322i/23129944._SX50_.jpg,4,"Rad American Women A-Z: Rebels, Trailblazers, and Visionaries who Shaped Our History . . . and Our Future!",Best Feminist Books
Stephen  King,https://www.goodreads.com/author/show/3389.Stephen_King,3.95,https://www.goodreads.com/book/show/10625.Dolores_Claiborne,https://i.gr-assets.com/images/S/compressed.photo.goodreads.com/books/1394213480i/10625._SY75_.jpg,3,Dolores Claiborne,Best Feminist Books
Germaine Greer,https://www.goodreads.com/author/show/56667.Germaine_Greer,3.75,https://www.goodreads.com/book/show/118106.The_Whole_Woman,https://i.gr-assets.com/images/S/compressed.photo.goodreads.com/books/1320406461i/118106._SY75_.jpg,3,The Whole Woman,Best Feminist Books
Angela Carter,https://www.goodreads.com/author/show/27500.Angela_Carter,3.87,https://www.goodreads.com/book/show/653651.Nights_at_the_Circus,https://i.gr-assets.com/images/S/compressed.photo.goodreads.com/books/1756077583i/653651._SY75_.jpg,3,Nights at the Circus,Best Feminist Books
Andrea Lee Smith,https://www.goodreads.com/author/show/1407662.Andrea_Lee_Smith,4.33,https://www.goodreads.com/book/show/163196.Conquest,https://i.gr-assets.com/images/S/compressed.photo.goodreads.com/books/1328770086i/163196._SY75_.jpg,4,Conquest: Sexual Violence And American Indian Genocide,Best Feminist Books
Carol Gilligan,https://www.goodreads.com/author/show/51565.Carol_Gilligan,4.06,https://www.goodreads.com/book/show/101880.In_a_Different_Voice,https://i.gr-assets.com/images/S/compressed.photo.goodreads.com/books/1452312550i/101880._SX50_.jpg,4,In a Different Voice: Psychological Theory and Women’s Development,Best Feminist Books
Maria V. Snyder,https://www.goodreads.com/author/show/445303.Maria_V_Snyder,4.08,https://www.goodreads.com/book/show/60510.Poison_Study,https://i.gr-assets.com/images/S/compressed.photo.goodreads.com/books/1388519019i/60510._SY75_.jpg,4,"Poison Study (Study, #1)",Best Feminist Books
Eli Clare,https://www.goodreads.com/author/show/295375.Eli_Clare,4.37,https://www.goodreads.com/book/show/534753.Exile_and_Pride,https://i.gr-assets.com/images/S/compressed.photo.goodreads.com/books/1328770006i/534753._SY75_.jpg,4,"Exile and Pride: Disability, Queerness, and Liberation",Best Feminist Books
Alix Kates Shulman,https://www.goodreads.com/author/show/29155.Alix_Kates_Shulman,3.47,https://www.goodreads.com/book/show/385222.Memoirs_of_an_Ex_Prom_Queen,https://i.gr-assets.com/images/S/compressed.photo.goodreads.com/books/1174352495i/385222._SY75_.jpg,3,Memoirs of an Ex-Prom Queen,Best Feminist Books
Janet Mock,https://www.goodreads.com/author/show/5388148.Janet_Mock,4.29,https://www.goodreads.com/book/show/18144031-redefining-realness,https://i.gr-assets.com/images/S/compressed.photo.goodreads.com/books/1394420737i/18144031._SX50_.jpg,4,"Redefining Realness: My Path to Womanhood, Identity, Love & So Much More",Best Feminist Books
Anne Fausto-Sterling,https://www.goodreads.com/author/show/27828.Anne_Fausto_Sterling,4.16,https://www.goodreads.com/book/show/49427.Sexing_the_Body,https://i.gr-assets.com/images/S/compressed.photo.goodreads.com/books/1388202565i/49427._SY75_.jpg,4,Sexing the Body: Gender Politics and the Construction of Sexuality,Best Feminist Books
Charlotte Brontë,https://www.goodreads.com/author/show/1036615.Charlotte_Bront_,3.78,https://www.goodreads.com/book/show/16168389-villette,https://i.gr-assets.com/images/S/compressed.photo.goodreads.com/books/1438345976i/16168389._SY75_.jpg,3,Villette,Best Feminist Books
Katha Pollitt,https://www.goodreads.com/author/show/84079.Katha_Pollitt,4.28,https://www.goodreads.com/book/show/20518909-pro,https://i.gr-assets.com/images/S/compressed.photo.goodreads.com/books/1396826736i/20518909._SY75_.jpg,4,Pro: Reclaiming Abortion Rights,Best Feminist Books
Patricia McCormick,https://www.goodreads.com/author/show/26250.Patricia_McCormick,4.24,https://www.goodreads.com/book/show/201114.Sold,https://i.gr-assets.com/images/S/compressed.photo.goodreads.com/books/1442850952i/201114._SY75_.jpg,4,Sold,Best Feminist Books
Ayn Rand,https://www.goodreads.com/author/show/432.Ayn_Rand,3.89,https://www.goodreads.com/book/show/2122.The_Fountainhead,https://i.gr-assets.com/images/S/compressed.photo.goodreads.com/books/1491163636i/2122._SY75_.jpg,3,The Fountainhead,Best Feminist Books
Susan G. Raymond,https://www.goodreads.com/author/show/5712692.Susan_G_Raymond,4.18,https://www.goodreads.com/book/show/907772.Homophobia,https://i.gr-assets.com/images/S/compressed.photo.goodreads.com/books/1600228044i/907772._SY75_.jpg,4,Homophobia: A Weapon of Sexism,Best Feminist Books
Susan Jane Gilman,https://www.goodreads.com/author/show/19026.Susan_Jane_Gilman,3.61,https://www.goodreads.com/book/show/36479.Kiss_My_Tiara,https://i.gr-assets.com/images/S/compressed.photo.goodreads.com/books/1442901243i/36479._SY75_.jpg,3,Kiss My Tiara: How to Rule the World as a SmartMouth Goddess,Best Feminist Books
Mary Daly,https://www.goodreads.com/author/show/5550.Mary_Daly,3.93,https://www.goodreads.com/book/show/328594.Beyond_God_the_Father,https://i.gr-assets.com/images/S/compressed.photo.goodreads.com/books/1320463829i/328594._SY75_.jpg,3,Beyond God the Father: Toward a Philosophy of Women's Liberation,Best Feminist Books
Andrea Dworkin,https://www.goodreads.com/author/show/23879.Andrea_Dworkin,4.39,https://www.goodreads.com/book/show/209335.Letters_from_a_War_Zone,https://i.gr-assets.com/images/S/compressed.photo.goodreads.com/books/1385070114i/209335._SY75_.jpg,4,Letters from a War Zone,Best Feminist Books
Tamora Pierce,https://www.goodreads.com/author/show/8596.Tamora_Pierce,4.25,https://www.goodreads.com/book/show/153784.First_Test,https://i.gr-assets.com/images/S/compressed.photo.goodreads.com/books/1320478357i/153784._SY75_.jpg,4,"First Test (Protector of the Small, #1)",Best Feminist Books
Kate Bornstein,https://www.goodreads.com/author/show/5854.Kate_Bornstein,4,https://www.goodreads.com/book/show/9005.Hello_Cruel_World,https://i.gr-assets.com/images/S/compressed.photo.goodreads.com/books/1427510966i/9005._SX50_.jpg,4,"Hello Cruel World: 101 Alternatives to Suicide for Teens, Freaks & Other Outlaws",Best Feminist Books
Naomi Wolf,https://www.goodreads.com/author/show/22393.Naomi_Wolf,3.8,https://www.goodreads.com/book/show/622683.Promiscuities,https://i.gr-assets.com/images/S/compressed.photo.goodreads.com/books/1374332328i/622683._SY75_.jpg,3,Promiscuities: The Secret Struggle for Womanhood,Best Feminist Books
Sara Shandler,https://www.goodreads.com/author/show/45932.Sara_Shandler,3.84,https://www.goodreads.com/book/show/80688.Ophelia_Speaks,https://i.gr-assets.com/images/S/compressed.photo.goodreads.com/books/1442938254i/80688._SX50_.jpg,3,Ophelia Speaks,Best Feminist Books
Robin McKinley,https://www.goodreads.com/author/show/5339.Robin_McKinley,4.21,https://www.goodreads.com/book/show/77366.The_Hero_and_the_Crown,https://i.gr-assets.com/images/S/compressed.photo.goodreads.com/books/1386642407i/77366._SY75_.jpg,4,"The Hero and the Crown (Damar, #2)",Best Feminist Books
Germaine Greer,https://www.goodreads.com/author/show/56667.Germaine_Greer,4.12,https://www.goodreads.com/book/show/118103.The_Obstacle_Race,https://i.gr-assets.com/images/S/compressed.photo.goodreads.com/books/1315671384i/118103._SY75_.jpg,4,The Obstacle Race: The Fortunes of Women Painters and Their Work,Best Feminist Books
Samantha Heuwagen,https://www.goodreads.com/author/show/17727060.Samantha_Heuwagen,4.47,https://www.goodreads.com/book/show/38651082-dawn-among-the-stars,https://i.gr-assets.com/images/S/compressed.photo.goodreads.com/books/1519229681i/38651082._SY75_.jpg,4,Dawn Among the Stars,Best Feminist Books
Mandy Stadtmiller,https://www.goodreads.com/author/show/7559474.Mandy_Stadtmiller,3.57,https://www.goodreads.com/book/show/35297265-unwifeable,https://i.gr-assets.com/images/S/compressed.photo.goodreads.com/books/1519613844i/35297265._SY75_.jpg,3,Unwifeable: A Memoir,Best Feminist Books
Tiffany   McDaniel,https://www.goodreads.com/author/show/14220744.Tiffany_McDaniel,4.39,https://www.goodreads.com/book/show/48564330-betty,https://i.gr-assets.com/images/S/compressed.photo.goodreads.com/books/1572992238i/48564330._SX50_.jpg,4,Betty,Best Feminist Books
Ashley Marie Berry,https://www.goodreads.com/author/show/8405196.Ashley_Marie_Berry,4.12,https://www.goodreads.com/book/show/200471626-separate-things,https://i.gr-assets.com/images/S/compressed.photo.goodreads.com/books/1698006230i/200471626._SY75_.jpg,4,Separate Things: A Memoir,Best Feminist Books
Quan Huynh,https://www.goodreads.com/author/show/20569584.Quan_Huynh,4.43,https://www.goodreads.com/book/show/54823821-sparrow-in-the-razor-wire,https://i.gr-assets.com/images/S/compressed.photo.goodreads.com/books/1596626010i/54823821._SY75_.jpg,4,Sparrow in the Razor Wire: Finding Freedom from Within While Serving a Life Sentence,Best Feminist Books
V (formerly Eve Ensler),https://www.goodreads.com/author/show/60609.V_formerly_Eve_Ensler_,4.18,https://www.goodreads.com/book/show/503436.A_Memory_a_Monologue_a_Rant_and_a_Prayer,https://i.gr-assets.com/images/S/compressed.photo.goodreads.com/books/1348763785i/503436._SY75_.jpg,4,"A Memory, a Monologue, a Rant, and a Prayer: Writings to Stop Violence Against Women and Girls",Best Feminist Books
Octavia E. Butler,https://www.goodreads.com/author/show/29535.Octavia_E_Butler,4.2,https://www.goodreads.com/book/show/52318.Wild_Seed,https://i.gr-assets.com/images/S/compressed.photo.goodreads.com/books/1388462753i/52318._SY75_.jpg,4,"Wild Seed (Patternist, #1)",Best Feminist Books
Sheila Jeffreys,https://www.goodreads.com/author/show/336478.Sheila_Jeffreys,3.96,https://www.goodreads.com/book/show/2004681.The_Industrial_Vagina,https://i.gr-assets.com/images/S/compressed.photo.goodreads.com/books/1341528337i/2004681._SY75_.jpg,3,The Industrial Vagina: The Political Economy of the Global Sex Trade,Best Feminist Books
Harpie,https://www.goodreads.com/author/show/13853924.Harpie,3.94,https://www.goodreads.com/book/show/30992254-2005---thanks-for-the-vodka,https://i.gr-assets.com/images/S/compressed.photo.goodreads.com/books/1468271460i/30992254._SY75_.jpg,3,2005 - Thanks for the Vodka,Best Feminist Books
Amalia Rose,https://www.goodreads.com/author/show/50547595.Amalia_Rose,4.35,https://www.goodreads.com/book/show/214912138-decoded,https://i.gr-assets.com/images/S/compressed.photo.goodreads.com/books/1718645557i/214912138._SY75_.jpg,4,Decoded (The Ex-Files - Unsolved Mysteries Investigations Book 1),Best Feminist Books
Tara T. Green,https://www.goodreads.com/author/show/858753.Tara_T_Green,4.19,https://www.goodreads.com/book/show/57623288-love-activism-and-the-respectable-life-of-alice-dunbar-nelson,https://i.gr-assets.com/images/S/compressed.photo.goodreads.com/books/1621246586i/57623288._SX50_.jpg,4,"Love, Activism, and the Respectable Life of Alice Dunbar-Nelson",Best Feminist Books
Marissa Meyer,https://www.goodreads.com/author/show/4684322.Marissa_Meyer,4.23,https://www.goodreads.com/book/show/13206760-scarlet,https://i.gr-assets.com/images/S/compressed.photo.goodreads.com/books/1470056982i/13206760._SY75_.jpg,4,"Scarlet (The Lunar Chronicles, #2)",Best Feminist Books
Harpie,https://www.goodreads.com/author/show/13853924.Harpie,4.8,https://www.goodreads.com/book/show/32078335-2006---thanks-for-the-vodka,https://i.gr-assets.com/images/S/compressed.photo.goodreads.com/books/1474313247i/32078335._SX50_.jpg,4,2006 - Thanks for the Vodka,Best Feminist Books
Rachel P. Maines,https://www.goodreads.com/author/show/224697.Rachel_P_Maines,3.91,https://www.goodreads.com/book/show/395906.The_Technology_of_Orgasm,https://i.gr-assets.com/images/S/compressed.photo.goodreads.com/books/1348538061i/395906._SY75_.jpg,3,"The Technology of Orgasm: ""Hysteria,"" the Vibrator, and Women's Sexual Satisfaction",Best Feminist Books
Marija Gimbutas,https://www.goodreads.com/author/show/132601.Marija_Gimbutas,4.26,https://www.goodreads.com/book/show/921323.The_Goddesses_and_Gods_of_Old_Europe_6500_3500_BC_,https://i.gr-assets.com/images/S/compressed.photo.goodreads.com/books/1387703938i/921323._SX50_.jpg,4,"The Goddesses and Gods of Old Europe, 6500-3500 BC.: Myths and Cult Images",Best Feminist Books
Eve Ensler,https://www.goodreads.com/author/show/46898037.Eve_Ensler,4.01,https://www.goodreads.com/book/show/6979094-i-am-an-emotional-creature,https://i.gr-assets.com/images/S/compressed.photo.goodreads.com/books/1320543253i/6979094._SY75_.jpg,4,I Am an Emotional Creature,Best Feminist Books
Anne Moody,https://www.goodreads.com/author/show/3906.Anne_Moody,4.13,https://www.goodreads.com/book/show/5736.Coming_of_Age_in_Mississippi,https://i.gr-assets.com/images/S/compressed.photo.goodreads.com/books/1388197413i/5736._SY75_.jpg,4,Coming of Age in Mississippi: The Classic Autobiography of a Young Black Girl in the Rural South,Best Feminist Books
Patricia C. Wrede,https://www.goodreads.com/author/show/36122.Patricia_C_Wrede,4.16,https://www.goodreads.com/book/show/150739.Dealing_with_Dragons,https://i.gr-assets.com/images/S/compressed.photo.goodreads.com/books/1385526967i/150739._SY75_.jpg,4,"Dealing with Dragons (Enchanted Forest Chronicles, #1)",Best Feminist Books
Sharon Lamb,https://www.goodreads.com/author/show/53670.Sharon_Lamb,3.67,https://www.goodreads.com/book/show/93545.Packaging_Girlhood,https://i.gr-assets.com/images/S/compressed.photo.goodreads.com/books/1316728029i/93545._SY75_.jpg,3,Packaging Girlhood: Rescuing Our Daughters from Marketers' Schemes,Best Feminist Books
Liv Strömquist,https://www.goodreads.com/author/show/4064853.Liv_Str_mquist,4.5,https://www.goodreads.com/book/show/23151576-kunskapens-frukt,https://i.gr-assets.com/images/S/compressed.photo.goodreads.com/books/1409684205i/23151576._SX50_.jpg,4,Kunskapens frukt,Best Feminist Books
Leslie Feinberg,https://www.goodreads.com/author/show/80702.Leslie_Feinberg,4.12,https://www.goodreads.com/book/show/217305.Trans_Liberation,https://i.gr-assets.com/images/S/compressed.photo.goodreads.com/books/1388175599i/217305._SY75_.jpg,4,Trans Liberation: Beyond Pink or Blue,Best Feminist Books
Gail Dines,https://www.goodreads.com/author/show/169151.Gail_Dines,3.96,https://www.goodreads.com/book/show/7621071-pornland,https://i.gr-assets.com/images/S/compressed.photo.goodreads.com/books/1320477253i/7621071._SY75_.jpg,3,Pornland: How Porn Has Hijacked Our Sexuality,Best Feminist Books
N.K. Jemisin,https://www.goodreads.com/author/show/2917917.N_K_Jemisin,4.28,https://www.goodreads.com/book/show/19161852-the-fifth-season,https://i.gr-assets.com/images/S/compressed.photo.goodreads.com/books/1386803701i/19161852._SY75_.jpg,4,"The Fifth Season (The Broken Earth, #1)",Best Feminist Books
Muriel Barbery,https://www.goodreads.com/author/show/643126.Muriel_Barbery,3.81,https://www.goodreads.com/book/show/2967752-the-elegance-of-the-hedgehog,https://i.gr-assets.com/images/S/compressed.photo.goodreads.com/books/1347755370i/2967752._SY75_.jpg,3,The Elegance of the Hedgehog,Best Feminist Books
Linda R. Hirshman,https://www.goodreads.com/author/show/430419.Linda_R_Hirshman,3.63,https://www.goodreads.com/book/show/719977.Get_to_Work,https://i.gr-assets.com/images/S/compressed.photo.goodreads.com/books/1309197237i/719977._SX50_.jpg,3,Get to Work: A Manifesto for Women of the World,Best Feminist Books
Lisa See,https://www.goodreads.com/author/show/713.Lisa_See,3.64,https://www.goodreads.com/book/show/24472.Peony_in_Love,https://i.gr-assets.com/images/S/compressed.photo.goodreads.com/books/1438435175i/24472._SX50_.jpg,3,Peony in Love,Best Feminist Books
Alice Walker,https://www.goodreads.com/author/show/7380.Alice_Walker,4.09,https://www.goodreads.com/book/show/2761997-possessing-the-secret-of-joy,https://i.gr-assets.com/images/S/compressed.photo.goodreads.com/books/1328751632i/2761997._SX50_.jpg,4,Possessing the Secret of Joy,Best Feminist Books
Dan Kindlon,https://www.goodreads.com/author/show/29170.Dan_Kindlon,4.01,https://www.goodreads.com/book/show/51723.Raising_Cain,https://i.gr-assets.com/images/S/compressed.photo.goodreads.com/books/1431663431i/51723._SY75_.jpg,4,Raising Cain: Protecting the Emotional Life of Boys,Best Feminist Books
bell hooks,https://www.goodreads.com/author/show/10697.bell_hooks,4.34,https://www.goodreads.com/book/show/32886.Communion,https://i.gr-assets.com/images/S/compressed.photo.goodreads.com/books/1410138598i/32886._SY75_.jpg,4,"Communion: The Female Search for Love (Love Song to the Nation, #2)",Best Feminist Books
Assata Shakur,https://www.goodreads.com/author/show/57925.Assata_Shakur,4.6,https://www.goodreads.com/book/show/100322.Assata,https://i.gr-assets.com/images/S/compressed.photo.goodreads.com/books/1328857268i/100322._SX50_.jpg,4,Assata: An Autobiography,Best Feminist Books
Erma Bombeck,https://www.goodreads.com/author/show/11882.Erma_Bombeck,4.03,https://www.goodreads.com/book/show/432283.If_Life_Is_a_Bowl_of_Cherries_What_Am_I_Doing_in_the_Pits_,https://i.gr-assets.com/images/S/compressed.photo.goodreads.com/books/1348835773i/432283._SY75_.jpg,4,If Life Is a Bowl of Cherries What Am I Doing in the Pits?,Best Feminist Books
Ashley Montagu,https://www.goodreads.com/author/show/29045.Ashley_Montagu,3.93,https://www.goodreads.com/book/show/586741.The_Natural_Superiority_of_Women,https://i.gr-assets.com/images/S/compressed.photo.goodreads.com/books/1349075039i/586741._SY75_.jpg,3,The Natural Superiority of Women,Best Feminist Books
Hanne Blank,https://www.goodreads.com/author/show/61858.Hanne_Blank,3.95,https://www.goodreads.com/book/show/225909.Virgin,https://i.gr-assets.com/images/S/compressed.photo.goodreads.com/books/1442813380i/225909._SY75_.jpg,3,Virgin: The Untouched History,Best Feminist Books
Cordelia Fine,https://www.goodreads.com/author/show/204893.Cordelia_Fine,3.79,https://www.goodreads.com/book/show/35187176-testosterone-rex,https://i.gr-assets.com/images/S/compressed.photo.goodreads.com/books/1497194077i/35187176._SX50_.jpg,3,"Testosterone Rex: Myths of Sex, Science, and Society",Best Feminist Books
Tara Westover,https://www.goodreads.com/author/show/16121977.Tara_Westover,4.46,https://www.goodreads.com/book/show/35133922-educated,https://i.gr-assets.com/images/S/compressed.photo.goodreads.com/books/1774287363i/35133922._SY75_.jpg,4,Educated,Best Feminist Books
Harriet Lerner,https://www.goodreads.com/author/show/84497.Harriet_Lerner,4.11,https://www.goodreads.com/book/show/31312.The_Dance_of_Anger,https://i.gr-assets.com/images/S/compressed.photo.goodreads.com/books/1388261597i/31312._SY75_.jpg,4,The Dance of Anger: A Woman's Guide to Changing the Patterns of Intimate Relationships,Best Feminist Books
Carolyn Keene,https://www.goodreads.com/author/show/6001.Carolyn_Keene,3.97,https://www.goodreads.com/book/show/32979.The_Secret_of_the_Old_Clock,https://i.gr-assets.com/images/S/compressed.photo.goodreads.com/books/1351534678i/32979._SX50_.jpg,3,"The Secret of the Old Clock (Nancy Drew Mystery Stories, #1)",Best Feminist Books
Lisa See,https://www.goodreads.com/author/show/713.Lisa_See,3.92,https://www.goodreads.com/book/show/5960325-shanghai-girls,https://i.gr-assets.com/images/S/compressed.photo.goodreads.com/books/1327968416i/5960325._SY75_.jpg,3,"Shanghai Girls (Shanghai Girls, #1)",Best Feminist Books
Rebecca Traister,https://www.goodreads.com/author/show/3132215.Rebecca_Traister,4.36,https://www.goodreads.com/book/show/39939208-good-and-mad,https://i.gr-assets.com/images/S/compressed.photo.goodreads.com/books/1537726614i/39939208._SY75_.jpg,4,Good and Mad: The Revolutionary Power of Women's Anger,Best Feminist Books
Peggy Orenstein,https://www.goodreads.com/author/show/15569.Peggy_Orenstein,3.85,https://www.goodreads.com/book/show/60917.Flux,https://i.gr-assets.com/images/S/compressed.photo.goodreads.com/books/1388980479i/60917._SY75_.jpg,3,"Flux: Women on Sex, Work, Love, Kids, and Life in a Half-Changed World",Best Feminist Books
Jeanette Winterson,https://www.goodreads.com/author/show/9399.Jeanette_Winterson,4.08,https://www.goodreads.com/book/show/15054.Written_on_the_Body,https://i.gr-assets.com/images/S/compressed.photo.goodreads.com/books/1386924844i/15054._SY75_.jpg,4,Written on the Body,Best Feminist Books
L.M. Montgomery,https://www.goodreads.com/author/show/5350.L_M_Montgomery,4.23,https://www.goodreads.com/book/show/77390.Anne_of_Avonlea,https://i.gr-assets.com/images/S/compressed.photo.goodreads.com/books/1764879073i/77390._SY75_.jpg,4,"Anne of Avonlea (Anne of Green Gables, #2)",Best Feminist Books
Roxane Gay,https://www.goodreads.com/author/show/3360355.Roxane_Gay,4.43,https://www.goodreads.com/book/show/35068524-not-that-bad,https://i.gr-assets.com/images/S/compressed.photo.goodreads.com/books/1509771460i/35068524._SY75_.jpg,4,Not That Bad: Dispatches from Rape Culture,Best Feminist Books
D.H. Lawrence,https://www.goodreads.com/author/show/17623.D_H_Lawrence,3.66,https://www.goodreads.com/book/show/9784.Women_in_Love,https://i.gr-assets.com/images/S/compressed.photo.goodreads.com/books/1386919531i/9784._SY75_.jpg,3,Women in Love,Best Feminist Books
Nicola Griffith,https://www.goodreads.com/author/show/90780.Nicola_Griffith,3.85,https://www.goodreads.com/book/show/17332243-hild,https://i.gr-assets.com/images/S/compressed.photo.goodreads.com/books/1375931640i/17332243._SX50_.jpg,3,"Hild (The Hild Sequence, #1)",Best Feminist Books
Anonymous,https://www.goodreads.com/author/show/5158478.Anonymous,4.29,https://www.goodreads.com/book/show/30851.A_Woman_in_Berlin,https://i.gr-assets.com/images/S/compressed.photo.goodreads.com/books/1366385038i/30851._SX50_.jpg,4,A Woman in Berlin: Eight Weeks in the Conquered City: A Diary,Best Feminist Books
Jeannette Walls,https://www.goodreads.com/author/show/3275.Jeannette_Walls,4.33,https://www.goodreads.com/book/show/7445.The_Glass_Castle,https://i.gr-assets.com/images/S/compressed.photo.goodreads.com/books/1523542886i/7445._SY75_.jpg,4,The Glass Castle,Best Feminist Books
Xinran,https://www.goodreads.com/author/show/104161.Xinran,4.32,https://www.goodreads.com/book/show/178796.The_Good_Women_of_China,https://i.gr-assets.com/images/S/compressed.photo.goodreads.com/books/1320438487i/178796._SY75_.jpg,4,The Good Women of China: Hidden Voices,Best Feminist Books
Joyce Carol Oates,https://www.goodreads.com/author/show/3524.Joyce_Carol_Oates,3.78,https://www.goodreads.com/book/show/156222.Foxfire,https://i.gr-assets.com/images/S/compressed.photo.goodreads.com/books/1172261802i/156222._SY75_.jpg,3,Foxfire: Confessions of a Girl Gang,Best Feminist Books
Pam Muñoz Ryan,https://www.goodreads.com/author/show/1244538.Pam_Mu_oz_Ryan,4.05,https://www.goodreads.com/book/show/89763.Esperanza_Rising,https://i.gr-assets.com/images/S/compressed.photo.goodreads.com/books/1328869043i/89763._SX50_.jpg,4,Esperanza Rising,Best Feminist Books
Toni Morrison,https://www.goodreads.com/author/show/3534.Toni_Morrison,3.87,https://www.goodreads.com/book/show/5198.Paradise,https://i.gr-assets.com/images/S/compressed.photo.goodreads.com/books/1558921210i/5198._SX50_.jpg,3,"Paradise (Beloved Trilogy, #3)",Best Feminist Books
Michele Fogal,https://www.goodreads.com/author/show/8508392.Michele_Fogal,4.07,https://www.goodreads.com/book/show/33027828-root-of-the-spark,https://i.gr-assets.com/images/S/compressed.photo.goodreads.com/books/1479795757i/33027828._SX50_.jpg,4,Root of the Spark,Best Feminist Books
Torbjørn Ydegaard,https://www.goodreads.com/author/show/8204941.Torbj_rn_Ydegaard,5,https://www.goodreads.com/book/show/249487311-the-history-of-greenland,https://i.gr-assets.com/images/S/compressed.photo.goodreads.com/books/1773066302i/249487311._SX50_.jpg,5,The History of Greenland: From prehistoric hunting cultures to independence in the late modernity,Best Feminist Books
Phillip Leighton-Daly,https://www.goodreads.com/author/show/16790386.Phillip_Leighton_Daly,4.81,https://www.goodreads.com/book/show/209183629-the-foundlings-and-the-fisherman-from-tumby,https://i.gr-assets.com/images/S/compressed.photo.goodreads.com/books/1718901499i/209183629._SX50_.jpg,4,The Foundlings and the Fisherman from Tumby,Best Feminist Books
Paula  Finn,https://www.goodreads.com/author/show/18081854.Paula_Finn,4.43,https://www.goodreads.com/book/show/39875290-sitcom-writers-talk-shop,https://i.gr-assets.com/images/S/compressed.photo.goodreads.com/books/1531163969i/39875290._SX50_.jpg,4,"Sitcom Writers Talk Shop: Behind the Scenes with Carl Reiner, Norman Lear, and Other Geniuses of TV Comedy",Best Feminist Books
Catharine A. MacKinnon,https://www.goodreads.com/author/show/127108.Catharine_A_MacKinnon,4.27,https://www.goodreads.com/book/show/589530.Are_Women_Human_,https://i.gr-assets.com/images/S/compressed.photo.goodreads.com/books/1387749455i/589530._SX50_.jpg,4,Are Women Human?: And Other International Dialogues,Best Feminist Books
Sara Marcus,https://www.goodreads.com/author/show/3378991.Sara_Marcus,3.95,https://www.goodreads.com/book/show/7742036-girls-to-the-front,https://i.gr-assets.com/images/S/compressed.photo.goodreads.com/books/1273785498i/7742036._SY75_.jpg,3,Girls to the Front: The True Story of the Riot Grrrl Revolution,Best Feminist Books
Cassandra Clare,https://www.goodreads.com/author/show/150038.Cassandra_Clare,4.42,https://www.goodreads.com/book/show/10025305-clockwork-prince,https://i.gr-assets.com/images/S/compressed.photo.goodreads.com/books/1460477747i/10025305._SY75_.jpg,4,"Clockwork Prince (The Infernal Devices, #2)",Best Feminist Books
Tara T. Green,https://www.goodreads.com/author/show/858753.Tara_T_Green,4.14,https://www.goodreads.com/book/show/57769829-see-me-naked,https://i.gr-assets.com/images/S/compressed.photo.goodreads.com/books/1642906273i/57769829._SY75_.jpg,4,See Me Naked: Black Women Defining Pleasure During the Interwar Era,Best Feminist Books
Ki Longfellow,https://www.goodreads.com/author/show/286014.Ki_Longfellow,4.37,https://www.goodreads.com/book/show/19405702-walks-away-woman,https://i.gr-assets.com/images/S/compressed.photo.goodreads.com/books/1386953097i/19405702._SY75_.jpg,4,Walks Away Woman,Best Feminist Books
Margaret Atwood,https://www.goodreads.com/author/show/3472.Margaret_Atwood,4.07,https://www.goodreads.com/book/show/6080337-the-year-of-the-flood,https://i.gr-assets.com/images/S/compressed.photo.goodreads.com/books/1327906873i/6080337._SX50_.jpg,4,"The Year of the Flood (MaddAddam, #2)",Best Feminist Books
Jennifer L. Pozner,https://www.goodreads.com/author/show/2865097.Jennifer_L_Pozner,3.85,https://www.goodreads.com/book/show/6307485-reality-bites-back,https://i.gr-assets.com/images/S/compressed.photo.goodreads.com/books/1328746850i/6307485._SX50_.jpg,3,Reality Bites Back: The Troubling Truth About Guilty Pleasure TV,Best Feminist Books
Sheila Jeffreys,https://www.goodreads.com/author/show/336478.Sheila_Jeffreys,4.03,https://www.goodreads.com/book/show/597663.Beauty_and_Misogyny,https://i.gr-assets.com/images/S/compressed.photo.goodreads.com/books/1342722018i/597663._SY75_.jpg,4,Beauty and Misogyny: Harmful Cultural Practices in the West,Best Feminist Books
Florence Given,https://www.goodreads.com/author/show/19596678.Florence_Given,3.69,https://www.goodreads.com/book/show/52252715-women-don-t-owe-you-pretty,https://i.gr-assets.com/images/S/compressed.photo.goodreads.com/books/1621185184i/52252715._SY75_.jpg,3,Women Don't Owe You Pretty,Best Feminist Books
Alice Munro,https://www.goodreads.com/author/show/6410.Alice_Munro,3.94,https://www.goodreads.com/book/show/14285.Lives_of_Girls_and_Women,https://i.gr-assets.com/images/S/compressed.photo.goodreads.com/books/1320391660i/14285._SY75_.jpg,3,Lives of Girls and Women,Best Feminist Books
Monica Ali,https://www.goodreads.com/author/show/11271.Monica_Ali,3.46,https://www.goodreads.com/book/show/18723.Brick_Lane,https://i.gr-assets.com/images/S/compressed.photo.goodreads.com/books/1433730686i/18723._SY75_.jpg,3,Brick Lane,Best Feminist Books
Charlotte Roche,https://www.goodreads.com/author/show/880630.Charlotte_Roche,2.88,https://www.goodreads.com/book/show/2914683-feuchtgebiete,https://i.gr-assets.com/images/S/compressed.photo.goodreads.com/books/1703878880i/2914683._SY75_.jpg,2,Feuchtgebiete,Best Feminist Books
Lena Dunham,https://www.goodreads.com/author/show/5877493.Lena_Dunham,3.29,https://www.goodreads.com/book/show/20588698-not-that-kind-of-girl,https://i.gr-assets.com/images/S/compressed.photo.goodreads.com/books/1402816003i/20588698._SY75_.jpg,3,"Not That Kind of Girl: A Young Woman Tells You What She's ""Learned""",Best Feminist Books
Gail Collins,https://www.goodreads.com/author/show/53959.Gail_Collins,4.16,https://www.goodreads.com/book/show/137675.America_s_Women,https://i.gr-assets.com/images/S/compressed.photo.goodreads.com/books/1407711348i/137675._SY75_.jpg,4,"America's Women: 400 Years of Dolls, Drudges, Helpmates, and Heroines",Best Feminist Books
Leslie Bennetts,https://www.goodreads.com/author/show/295119.Leslie_Bennetts,3.75,https://www.goodreads.com/book/show/534125.The_Feminine_Mistake,https://i.gr-assets.com/images/S/compressed.photo.goodreads.com/books/1347853165i/534125._SY75_.jpg,3,The Feminine Mistake: Are We Giving Up Too Much?,Best Feminist Books
Merri Lisa Johnson,https://www.goodreads.com/author/show/38057.Merri_Lisa_Johnson,4,https://www.goodreads.com/book/show/117649.Jane_Sexes_It_Up,https://i.gr-assets.com/images/S/compressed.photo.goodreads.com/books/1347620218i/117649._SY75_.jpg,4,Jane Sexes It Up: True Confessions of Feminist Desire,Best Feminist Books
Elizabeth Wein,https://www.goodreads.com/author/show/52320.Elizabeth_Wein,3.99,https://www.goodreads.com/book/show/11925514-code-name-verity,https://i.gr-assets.com/images/S/compressed.photo.goodreads.com/books/1388161911i/11925514._SY75_.jpg,3,"Code Name Verity (Code Name Verity, #1)",Best Feminist Books
Pauline Réage,https://www.goodreads.com/author/show/22692.Pauline_R_age,3.29,https://www.goodreads.com/book/show/40483.Histoire_d_O_Story_of_O,https://i.gr-assets.com/images/S/compressed.photo.goodreads.com/books/1464369941i/40483._SY75_.jpg,3,"Histoire d'O | Story of O (Story of O, #1)",Best Feminist Books
Wally Lamb,https://www.goodreads.com/author/show/3505.Wally_Lamb,3.92,https://www.goodreads.com/book/show/5203.She_s_Come_Undone,https://i.gr-assets.com/images/S/compressed.photo.goodreads.com/books/1543505339i/5203._SX50_.jpg,3,She’s Come Undone,Best Feminist Books
Anne Fausto-Sterling,https://www.goodreads.com/author/show/27828.Anne_Fausto_Sterling,4.11,https://www.goodreads.com/book/show/49432.Myths_of_Gender,https://i.gr-assets.com/images/S/compressed.photo.goodreads.com/books/1388215316i/49432._SY75_.jpg,4,Myths of Gender: Biological Theories about Women and Men,Best Feminist Books
Fatema Mernissi,https://www.goodreads.com/author/show/2792382.Fatema_Mernissi,3.9,https://www.goodreads.com/book/show/177340.Scheherazade_Goes_West,https://i.gr-assets.com/images/S/compressed.photo.goodreads.com/books/1347729444i/177340._SY75_.jpg,3,"Scheherazade Goes West: Different Cultures, Different Harems",Best Feminist Books
Mindy McGinnis,https://www.goodreads.com/author/show/5351825.Mindy_McGinnis,4.14,https://www.goodreads.com/book/show/25812109-the-female-of-the-species,https://i.gr-assets.com/images/S/compressed.photo.goodreads.com/books/1455917180i/25812109._SY75_.jpg,4,The Female of the Species,Best Feminist Books
Charles Portis,https://www.goodreads.com/author/show/27034.Charles_Portis,4.17,https://www.goodreads.com/book/show/257845.True_Grit,https://i.gr-assets.com/images/S/compressed.photo.goodreads.com/books/1436277655i/257845._SY75_.jpg,4,True Grit,Best Feminist Books
Anne Kingston,https://www.goodreads.com/author/show/125365.Anne_Kingston,3.67,https://www.goodreads.com/book/show/213746.The_Meaning_of_Wife,https://i.gr-assets.com/images/S/compressed.photo.goodreads.com/books/1442398858i/213746._SY75_.jpg,3,The Meaning of Wife: A Provocative Look at Women and Marriage in the Twenty-First Century,Best Feminist Books
Nancy L. Etcoff,https://www.goodreads.com/author/show/61852.Nancy_L_Etcoff,3.78,https://www.goodreads.com/book/show/106860.Survival_of_the_Prettiest,https://i.gr-assets.com/images/S/compressed.photo.goodreads.com/books/1320561778i/106860._SY75_.jpg,3,Survival of the Prettiest: The Science of Beauty,Best Feminist Books
Angela Y. Davis,https://www.goodreads.com/author/show/5863103.Angela_Y_Davis,4.38,https://www.goodreads.com/book/show/818709.Women_Culture_and_Politics,https://i.gr-assets.com/images/S/compressed.photo.goodreads.com/books/1609251058i/818709._SY75_.jpg,4,"Women, Culture, and Politics",Best Feminist Books
Vivek Shraya,https://www.goodreads.com/author/show/3495829.Vivek_Shraya,4.2,https://www.goodreads.com/book/show/39391177-i-m-afraid-of-men,https://i.gr-assets.com/images/S/compressed.photo.goodreads.com/books/1535813684i/39391177._SX50_.jpg,4,I'm Afraid of Men.,Best Feminist Books
Rosalind Miles,https://www.goodreads.com/author/show/13891.Rosalind_Miles,4.02,https://www.goodreads.com/book/show/56353.I_Elizabeth,https://i.gr-assets.com/images/S/compressed.photo.goodreads.com/books/1403186670i/56353._SY75_.jpg,4,"I, Elizabeth",Best Feminist Books
Gavin de Becker,https://www.goodreads.com/author/show/31933.Gavin_de_Becker,4.18,https://www.goodreads.com/book/show/320146.The_Gift_of_Fear,https://i.gr-assets.com/images/S/compressed.photo.goodreads.com/books/1320462078i/320146._SY75_.jpg,4,The Gift of Fear: And Other Survival Signals That Protect Us from Violence,Best Feminist Books
Sarah J. Maas,https://www.goodreads.com/author/show/3433047.Sarah_J_Maas,4.19,https://www.goodreads.com/book/show/7896527-throne-of-glass,https://i.gr-assets.com/images/S/compressed.photo.goodreads.com/books/1495278054i/7896527._SY75_.jpg,4,"Throne of Glass (Throne of Glass, #1)",Best Feminist Books
Kat Banyard,https://www.goodreads.com/author/show/3276302.Kat_Banyard,4.01,https://www.goodreads.com/book/show/7445096-the-equality-illusion,https://i.gr-assets.com/images/S/compressed.photo.goodreads.com/books/1348495865i/7445096._SY75_.jpg,4,The Equality Illusion: The Truth About Women and Men Today,Best Feminist Books
Dominique Christina,https://www.goodreads.com/author/show/8133576.Dominique_Christina,4.34,https://www.goodreads.com/book/show/25512218-this-is-woman-s-work,https://i.gr-assets.com/images/S/compressed.photo.goodreads.com/books/1431201488i/25512218._SX50_.jpg,4,"This Is Woman's Work: Calling Forth Your Inner Council of Wise, Brave, Crazy, Rebellious, Loving, Luminous Selves",Best Feminist Books
Susan Faludi,https://www.goodreads.com/author/show/117182.Susan_Faludi,3.93,https://www.goodreads.com/book/show/200884.Stiffed,https://i.gr-assets.com/images/S/compressed.photo.goodreads.com/books/1442173779i/200884._SX50_.jpg,3,Stiffed: The Betrayal of the American Man,Best Feminist Books
Sarah Dunant,https://www.goodreads.com/author/show/15830.Sarah_Dunant,3.8,https://www.goodreads.com/book/show/62212.In_the_Company_of_the_Courtesan,https://i.gr-assets.com/images/S/compressed.photo.goodreads.com/books/1386924737i/62212._SY75_.jpg,3,In the Company of the Courtesan,Best Feminist Books
Shere Hite,https://www.goodreads.com/author/show/24961.Shere_Hite,3.88,https://www.goodreads.com/book/show/44462.The_Hite_Report,https://i.gr-assets.com/images/S/compressed.photo.goodreads.com/books/1266458158i/44462._SY75_.jpg,3,The Hite Report: A Nationwide Study of Female Sexuality,Best Feminist Books
Rebecca Solnit,https://www.goodreads.com/author/show/15811.Rebecca_Solnit,4.19,https://www.goodreads.com/book/show/29633797-the-mother-of-all-questions,https://i.gr-assets.com/images/S/compressed.photo.goodreads.com/books/1488470783i/29633797._SX50_.jpg,4,The Mother of All Questions,Best Feminist Books
bell hooks,https://www.goodreads.com/author/show/10697.bell_hooks,4.24,https://www.goodreads.com/book/show/17603.Where_We_Stand,https://i.gr-assets.com/images/S/compressed.photo.goodreads.com/books/1348975093i/17603._SY75_.jpg,4,Where We Stand: Class Matters,Best Feminist Books
Ali Smith,https://www.goodreads.com/author/show/68992.Ali_Smith,3.66,https://www.goodreads.com/book/show/20439328-how-to-be-both,https://i.gr-assets.com/images/S/compressed.photo.goodreads.com/books/1405890478i/20439328._SY75_.jpg,3,How to be Both,Best Feminist Books
Cassandra Clare,https://www.goodreads.com/author/show/150038.Cassandra_Clare,4.55,https://www.goodreads.com/book/show/18335634-clockwork-princess,https://i.gr-assets.com/images/S/compressed.photo.goodreads.com/books/1436788488i/18335634._SY75_.jpg,4,"Clockwork Princess (The Infernal Devices, #3)",Best Feminist Books
David Zucchino,https://www.goodreads.com/author/show/31200.David_Zucchino,4.3,https://www.goodreads.com/book/show/651971.Myth_of_the_Welfare_Queen,https://i.gr-assets.com/images/S/compressed.photo.goodreads.com/books/1347233374i/651971._SY75_.jpg,4,Myth of the Welfare Queen: A Pulitzer Prize-Winning Journalist's Portrait of Women on the Line,Best Feminist Books
June Jordan,https://www.goodreads.com/author/show/66066.June_Jordan,4.45,https://www.goodreads.com/book/show/188048.Some_of_Us_Did_Not_Die,https://i.gr-assets.com/images/S/compressed.photo.goodreads.com/books/1348608568i/188048._SY75_.jpg,4,Some of Us Did Not Die: New and Selected Essays,Best Feminist Books
Marion Zimmer Bradley,https://www.goodreads.com/author/show/4841825.Marion_Zimmer_Bradley,3.98,https://www.goodreads.com/book/show/947965.Thendara_House,https://i.gr-assets.com/images/S/compressed.photo.goodreads.com/books/1319732468i/947965._SY75_.jpg,3,"Thendara House (Darkover, #13)",Best Feminist Books
Dava Sobel,https://www.goodreads.com/author/show/3277.Dava_Sobel,3.76,https://www.goodreads.com/book/show/18646.Galileo_s_Daughter,https://i.gr-assets.com/images/S/compressed.photo.goodreads.com/books/1414607526i/18646._SY75_.jpg,3,"Galileo's Daughter: A Historical Memoir of Science, Faith and Love",Best Feminist Books
Andrea Dworkin,https://www.goodreads.com/author/show/23879.Andrea_Dworkin,4.15,https://www.goodreads.com/book/show/209327.Heartbreak,https://i.gr-assets.com/images/S/compressed.photo.goodreads.com/books/1348701503i/209327._SY75_.jpg,4,Heartbreak: The Political Memoir of a Feminist Militant,Best Feminist Books
Henry James,https://www.goodreads.com/author/show/159.Henry_James,3.71,https://www.goodreads.com/book/show/133954.Washington_Square,https://i.gr-assets.com/images/S/compressed.photo.goodreads.com/books/1309286618i/133954._SY75_.jpg,3,Washington Square,Best Feminist Books
Ellen Forney,https://www.goodreads.com/author/show/202782.Ellen_Forney,4.02,https://www.goodreads.com/book/show/13542990-marbles,https://i.gr-assets.com/images/S/compressed.photo.goodreads.com/books/1388198802i/13542990._SY75_.jpg,4,"Marbles: Mania, Depression, Michelangelo, and Me",Best Feminist Books
Christa Wolf,https://www.goodreads.com/author/show/61946.Christa_Wolf,3.92,https://www.goodreads.com/book/show/153480.Medea,https://i.gr-assets.com/images/S/compressed.photo.goodreads.com/books/1348888046i/153480._SY75_.jpg,3,Medea,Best Feminist Books
Robin Morgan,https://www.goodreads.com/author/show/27879.Robin_Morgan,4,https://www.goodreads.com/book/show/544192.Going_Too_Far,https://i.gr-assets.com/images/S/compressed.photo.goodreads.com/books/1318651260i/544192._SY75_.jpg,4,Going Too Far: The Personal Chronicle of a Feminist,Best Feminist Books
Han Kang,https://www.goodreads.com/author/show/4119155.Han_Kang,3.65,https://www.goodreads.com/book/show/25489025-the-vegetarian,https://i.gr-assets.com/images/S/compressed.photo.goodreads.com/books/1728661771i/25489025._SY75_.jpg,3,The Vegetarian,Best Feminist Books
William Shakespeare,https://www.goodreads.com/author/show/947.William_Shakespeare,3.77,https://www.goodreads.com/book/show/24128.The_Merchant_of_Venice,https://i.gr-assets.com/images/S/compressed.photo.goodreads.com/books/1327871054i/24128._SY75_.jpg,3,The Merchant of Venice,Best Feminist Books
Simone de Beauvoir,https://www.goodreads.com/author/show/5548.Simone_de_Beauvoir,4.01,https://www.goodreads.com/book/show/141421.The_Woman_Destroyed,https://i.gr-assets.com/images/S/compressed.photo.goodreads.com/books/1525378903i/141421._SY75_.jpg,4,The Woman Destroyed,Best Feminist Books
Elissa Stein,https://www.goodreads.com/author/show/62456.Elissa_Stein,3.71,https://www.goodreads.com/book/show/6878730-flow,https://i.gr-assets.com/images/S/compressed.photo.goodreads.com/books/1403102691i/6878730._SY75_.jpg,3,Flow: The Cultural Story of Menstruation,Best Feminist Books
David Henry Hwang,https://www.goodreads.com/author/show/55111.David_Henry_Hwang,3.94,https://www.goodreads.com/book/show/95833.M_Butterfly,https://i.gr-assets.com/images/S/compressed.photo.goodreads.com/books/1387665953i/95833._SY75_.jpg,3,M. Butterfly,Best Feminist Books
Patricia Daniels Cornwell,https://www.goodreads.com/author/show/21321678.Patricia_Daniels_Cornwell,4.03,https://www.goodreads.com/book/show/765731.Postmortem,https://i.gr-assets.com/images/S/compressed.photo.goodreads.com/books/1412705418i/765731._SY75_.jpg,4,"Postmortem (Kay Scarpetta, #1)",Best Feminist Books
Joan Jacobs Brumberg,https://www.goodreads.com/author/show/87050.Joan_Jacobs_Brumberg,3.82,https://www.goodreads.com/book/show/150749.The_Body_Project,https://i.gr-assets.com/images/S/compressed.photo.goodreads.com/books/1320482726i/150749._SY75_.jpg,3,The Body Project: An Intimate History of American Girls,Best Feminist Books
Lundy   Bancroft,https://www.goodreads.com/author/show/62431129.Lundy_Bancroft,4.49,https://www.goodreads.com/book/show/224552.Why_Does_He_Do_That_Inside_the_Minds_of_Angry_and_Controlling_Men,https://i.gr-assets.com/images/S/compressed.photo.goodreads.com/books/1479651155i/224552._SX50_.jpg,4,Why Does He Do That? Inside the Minds of Angry and Controlling Men,Best Feminist Books
Rebecca Traister,https://www.goodreads.com/author/show/3132215.Rebecca_Traister,4,https://www.goodreads.com/book/show/25814394-all-the-single-ladies,https://i.gr-assets.com/images/S/compressed.photo.goodreads.com/books/1454864662i/25814394._SY75_.jpg,4,All the Single Ladies: Unmarried Women and the Rise of an Independent Nation,Best Feminist Books
Michelle Goldberg,https://www.goodreads.com/author/show/84561.Michelle_Goldberg,4.03,https://www.goodreads.com/book/show/5997693-the-means-of-reproduction,https://i.gr-assets.com/images/S/compressed.photo.goodreads.com/books/1347670173i/5997693._SY75_.jpg,4,"The Means of Reproduction: Sex, Power, and the Future of the World",Best Feminist Books
Karen Armstrong,https://www.goodreads.com/author/show/2637.Karen_Armstrong,3.8,https://www.goodreads.com/book/show/108757.The_Gospel_According_to_Woman,https://i.gr-assets.com/images/S/compressed.photo.goodreads.com/books/1387734708i/108757._SY75_.jpg,3,The Gospel According to Woman: Christianity's Creation of the Sex War in the West,Best Feminist Books
bell hooks,https://www.goodreads.com/author/show/10697.bell_hooks,4.26,https://www.goodreads.com/book/show/51394.Bone_Black,https://i.gr-assets.com/images/S/compressed.photo.goodreads.com/books/1382759124i/51394._SY75_.jpg,4,Bone Black,Best Feminist Books
Anne Sexton,https://www.goodreads.com/author/show/26814.Anne_Sexton,4.29,https://www.goodreads.com/book/show/47730.The_Complete_Poems,https://i.gr-assets.com/images/S/compressed.photo.goodreads.com/books/1425271044i/47730._SY75_.jpg,4,The Complete Poems,Best Feminist Books
Susan Vreeland,https://www.goodreads.com/author/show/11075.Susan_Vreeland,3.91,https://www.goodreads.com/book/show/98048.The_Passion_of_Artemisia,https://i.gr-assets.com/images/S/compressed.photo.goodreads.com/books/1311648181i/98048._SY75_.jpg,3,The Passion of Artemisia,Best Feminist Books
Marjane Satrapi,https://www.goodreads.com/author/show/6238.Marjane_Satrapi,4.22,https://www.goodreads.com/book/show/9517.Persepolis_2,https://i.gr-assets.com/images/S/compressed.photo.goodreads.com/books/1327865598i/9517._SX50_.jpg,4,"Persepolis 2: The Story of a Return (Persepolis, #2)",Best Feminist Books
Rebecca Wells,https://www.goodreads.com/author/show/3489.Rebecca_Wells,3.86,https://www.goodreads.com/book/show/137791.Divine_Secrets_of_the_Ya_Ya_Sisterhood,https://i.gr-assets.com/images/S/compressed.photo.goodreads.com/books/1408313524i/137791._SY75_.jpg,3,Divine Secrets of the Ya-Ya Sisterhood,Best Feminist Books
Stieg Larsson,https://www.goodreads.com/author/show/706255.Stieg_Larsson,4.25,https://www.goodreads.com/book/show/6892870-the-girl-who-kicked-the-hornet-s-nest,https://i.gr-assets.com/images/S/compressed.photo.goodreads.com/books/1327708260i/6892870._SX50_.jpg,4,"The Girl Who Kicked the Hornet’s Nest (Millennium, #3)",Best Feminist Books
E.L. Konigsburg,https://www.goodreads.com/author/show/2713.E_L_Konigsburg,4.16,https://www.goodreads.com/book/show/3980.From_the_Mixed_Up_Files_of_Mrs_Basil_E_Frankweiler,https://i.gr-assets.com/images/S/compressed.photo.goodreads.com/books/1327784751i/3980._SY75_.jpg,4,From the Mixed-Up Files of Mrs. Basil E. Frankweiler,Best Feminist Books
Antonia Fraser,https://www.goodreads.com/author/show/6582.Antonia_Fraser,3.92,https://www.goodreads.com/book/show/234625.The_Weaker_Vessel,https://i.gr-assets.com/images/S/compressed.photo.goodreads.com/books/1387736198i/234625._SY75_.jpg,3,The Weaker Vessel,Best Feminist Books
Frida Kahlo,https://www.goodreads.com/author/show/52760.Frida_Kahlo,3.89,https://www.goodreads.com/book/show/91760.The_Diary_of_Frida_Kahlo,https://i.gr-assets.com/images/S/compressed.photo.goodreads.com/books/1407009131i/91760._SY75_.jpg,3,The Diary of Frida Kahlo: An Intimate Self-Portrait,Best Feminist Books
Alice Sebold,https://www.goodreads.com/author/show/316.Alice_Sebold,3.77,https://www.goodreads.com/book/show/82970.Lucky,https://i.gr-assets.com/images/S/compressed.photo.goodreads.com/books/1631155279i/82970._SY75_.jpg,3,Lucky,Best Feminist Books
Courtney Milan,https://www.goodreads.com/author/show/2906892.Courtney_Milan,4.06,https://www.goodreads.com/book/show/17343236-the-suffragette-scandal,https://i.gr-assets.com/images/S/compressed.photo.goodreads.com/books/1399859670i/17343236._SY75_.jpg,4,"The Suffragette Scandal (Brothers Sinister, #4)",Best Feminist Books
Caitlin Moran,https://www.goodreads.com/author/show/939363.Caitlin_Moran,4,https://www.goodreads.com/book/show/35068933-how-to-be-famous,https://i.gr-assets.com/images/S/compressed.photo.goodreads.com/books/1530236261i/35068933._SX50_.jpg,4,"How to be Famous (How to Build a Girl, #2)",Best Feminist Books
Jim Fergus,https://www.goodreads.com/author/show/18854.Jim_Fergus,3.91,https://www.goodreads.com/book/show/33512.One_Thousand_White_Women,https://i.gr-assets.com/images/S/compressed.photo.goodreads.com/books/1389821957i/33512._SY75_.jpg,3,"One Thousand White Women: The Journals of May Dodd (One Thousand White Women, #1)",Best Feminist Books
Rebecca Dunham,https://www.goodreads.com/author/show/750489.Rebecca_Dunham,3.83,https://www.goodreads.com/book/show/9404409-the-flight-cage,https://i.gr-assets.com/images/S/compressed.photo.goodreads.com/books/1348418649i/9404409._SX50_.jpg,3,The Flight Cage,Best Feminist Books
Miranda K. Simon,https://www.goodreads.com/author/show/12095762.Miranda_K_Simon,4.04,https://www.goodreads.com/book/show/24343901-sexy-serenity,https://i.gr-assets.com/images/S/compressed.photo.goodreads.com/books/1420795458i/24343901._SX50_.jpg,4,Sexy Serenity: A Memoir,Best Feminist Books
Louise Fitzhugh,https://www.goodreads.com/author/show/2560.Louise_Fitzhugh,3.95,https://www.goodreads.com/book/show/232576.Harriet_the_Spy,https://i.gr-assets.com/images/S/compressed.photo.goodreads.com/books/1518446869i/232576._SX50_.jpg,3,Harriet the Spy (Harriet the Spy #1),Best Feminist Books
Isabella Pax,https://www.goodreads.com/author/show/17649995.Isabella_Pax,4.22,https://www.goodreads.com/book/show/38207428-diary-of-an-international-call-girl,https://i.gr-assets.com/images/S/compressed.photo.goodreads.com/books/1516946764i/38207428._SX50_.jpg,4,DIARY OF AN INTERNATIONAL CALL GIRL,Best Feminist Books
Rachel Pudelek,https://www.goodreads.com/author/show/17238794.Rachel_Pudelek,3.8,https://www.goodreads.com/book/show/36418857-freyja-s-daughter,https://i.gr-assets.com/images/S/compressed.photo.goodreads.com/books/1523836275i/36418857._SY75_.jpg,3,"Freyja's Daughter (Wild Women, #1)",Best Feminist Books
Lidija Stankovikj,https://www.goodreads.com/author/show/19080303.Lidija_Stankovikj,4.06,https://www.goodreads.com/book/show/45182637-the-outcasts---a-thousand-dreams-of-redemption,https://i.gr-assets.com/images/S/compressed.photo.goodreads.com/books/1555781869i/45182637._SY75_.jpg,4,The Outcasts - A Thousand Dreams of Redemption,Best Feminist Books
Christopher      Kelly,https://www.goodreads.com/author/show/13851422.Christopher_Kelly,3.37,https://www.goodreads.com/book/show/24490466-america-invades,https://i.gr-assets.com/images/S/compressed.photo.goodreads.com/books/1421215978i/24490466._SY75_.jpg,3,America Invades: How We've Invaded or been Militarily Involved with almost Every Country on Earth,Best Feminist Books
Linda Summersea,https://www.goodreads.com/author/show/60123708.Linda_Summersea,4.44,https://www.goodreads.com/book/show/242329450-the-girl-with-the-black-and-blue-doll,https://i.gr-assets.com/images/S/compressed.photo.goodreads.com/books/1759428425i/242329450._SY75_.jpg,4,The Girl with the Black and Blue Doll,Best Feminist Books
Susan M. Shaw,https://www.goodreads.com/author/show/56664.Susan_M_Shaw,3.91,https://www.goodreads.com/book/show/56564.Women_s_Voices_Feminist_Visions,https://i.gr-assets.com/images/S/compressed.photo.goodreads.com/books/1388378985i/56564._SX50_.jpg,3,"Women's Voices, Feminist Visions: Classic and Contemporary Readings",Best Feminist Books
Bon Blossman,https://www.goodreads.com/author/show/4678212.Bon_Blossman,3.76,https://www.goodreads.com/book/show/25799875-shillingstone-witch,https://i.gr-assets.com/images/S/compressed.photo.goodreads.com/books/1435331345i/25799875._SX50_.jpg,3,"Shillingstone Witch (Fiona Frost, #4)",Best Feminist Books
Nuria Varela,https://www.goodreads.com/author/show/1248171.Nuria_Varela,4.28,https://www.goodreads.com/book/show/2878998-feminismo-para-principiantes,https://i.gr-assets.com/images/S/compressed.photo.goodreads.com/books/1328011551i/2878998._SY75_.jpg,4,Feminismo para principiantes,Best Feminist Books
Brittney Cooper,https://www.goodreads.com/author/show/13436913.Brittney_Cooper,4.37,https://www.goodreads.com/book/show/44602121-feminist-af,https://i.gr-assets.com/images/S/compressed.photo.goodreads.com/books/1635225464i/44602121._SX50_.jpg,4,Feminist AF: A Guide to Crushing Girlhood,Best Feminist Books
Stephen  King,https://www.goodreads.com/author/show/3389.Stephen_King,3.59,https://www.goodreads.com/book/show/32692.Gerald_s_Game,https://i.gr-assets.com/images/S/compressed.photo.goodreads.com/books/1297737756i/32692._SY75_.jpg,3,Gerald's Game,Best Feminist Books
Margaret Atwood,https://www.goodreads.com/author/show/3472.Margaret_Atwood,3.96,https://www.goodreads.com/book/show/227614.The_Blind_Assassin,https://i.gr-assets.com/images/S/compressed.photo.goodreads.com/books/1388204009i/227614._SY75_.jpg,3,The Blind Assassin,Best Feminist Books
Amy Mason Doan,https://www.goodreads.com/author/show/16722065.Amy_Mason_Doan,3.83,https://www.goodreads.com/book/show/41396910-summer-hours,https://i.gr-assets.com/images/S/compressed.photo.goodreads.com/books/1543942538i/41396910._SX50_.jpg,3,Summer Hours,Best Feminist Books
Cassandra Lane,https://www.goodreads.com/author/show/7833483.Cassandra_Lane,4.03,https://www.goodreads.com/book/show/55926788-we-are-bridges,https://i.gr-assets.com/images/S/compressed.photo.goodreads.com/books/1605715041i/55926788._SX50_.jpg,4,We Are Bridges: A Memoir,Best Feminist Books
Kate Brauning,https://www.goodreads.com/author/show/7964607.Kate_Brauning,3.65,https://www.goodreads.com/book/show/21865261-how-we-fall,https://i.gr-assets.com/images/S/compressed.photo.goodreads.com/books/1440504866i/21865261._SX50_.jpg,3,How We Fall,Best Feminist Books
Rhiannon Barnsley,https://www.goodreads.com/author/show/46460493.Rhiannon_Barnsley,3.82,https://www.goodreads.com/book/show/201772320-the-clique,https://i.gr-assets.com/images/S/compressed.photo.goodreads.com/books/1708678761i/201772320._SY75_.jpg,3,The Clique,Best Feminist Books
Terry Tempest Williams,https://www.goodreads.com/author/show/8155.Terry_Tempest_Williams,4.21,https://www.goodreads.com/book/show/13722527-when-women-were-birds,https://i.gr-assets.com/images/S/compressed.photo.goodreads.com/books/1366550676i/13722527._SY75_.jpg,4,When Women Were Birds: Fifty-four Variations on Voice,Best Feminist Books
Germaine Greer,https://www.goodreads.com/author/show/56667.Germaine_Greer,3.47,https://www.goodreads.com/book/show/1740851.Shakespeare_s_Wife,https://i.gr-assets.com/images/S/compressed.photo.goodreads.com/books/1356139609i/1740851._SY75_.jpg,3,Shakespeare's Wife,Best Feminist Books
Grace Chang,https://www.goodreads.com/author/show/302533.Grace_Chang,4.25,https://www.goodreads.com/book/show/550778.Disposable_Domestics,https://i.gr-assets.com/images/S/compressed.photo.goodreads.com/books/1328770011i/550778._SY75_.jpg,4,Disposable Domestics: Immigrant Women Workers in the Global Economy,Best Feminist Books
June Eric-Udorie,https://www.goodreads.com/author/show/6030584.June_Eric_Udorie,4.25,https://www.goodreads.com/book/show/38496508-can-we-all-be-feminists,https://i.gr-assets.com/images/S/compressed.photo.goodreads.com/books/1519020109i/38496508._SY75_.jpg,4,"Can We All Be Feminists?: New Writing from Brit Bennett, Nicole Dennis-Benn, and 15 Others on Intersectionality, Identity, and the Way Forward for Feminism",Best Feminist Books
Monique Wittig,https://www.goodreads.com/author/show/135739.Monique_Wittig,4.13,https://www.goodreads.com/book/show/416129.The_Straight_Mind,https://i.gr-assets.com/images/S/compressed.photo.goodreads.com/books/1320492186i/416129._SY75_.jpg,4,The Straight Mind: And Other Essays,Best Feminist Books
Alice Walker,https://www.goodreads.com/author/show/7380.Alice_Walker,4.01,https://www.goodreads.com/book/show/34225781-you-can-t-keep-a-good-woman-down,https://i.gr-assets.com/images/S/compressed.photo.goodreads.com/books/1486816962i/34225781._SY75_.jpg,4,You Can't Keep a Good Woman Down: Stories,Best Feminist Books
Gail-Grenier Sweet,https://www.goodreads.com/author/show/31234505.Gail_Grenier_Sweet,3.75,https://www.goodreads.com/book/show/1386961.Pro_Life_Feminism,https://i.gr-assets.com/images/S/compressed.photo.goodreads.com/books/1183171508i/1386961._SX50_.jpg,3,Pro-Life Feminism: Different Voices,Best Feminist Books
Chimamanda Ngozi Adichie,https://www.goodreads.com/author/show/19992417.Chimamanda_Ngozi_Adichie,4.18,https://www.goodreads.com/book/show/126381.Purple_Hibiscus,https://i.gr-assets.com/images/S/compressed.photo.goodreads.com/books/1740964781i/126381._SY75_.jpg,4,Purple Hibiscus,Best Feminist Books
M.R. Carey,https://www.goodreads.com/author/show/7177350.M_R_Carey,3.95,https://www.goodreads.com/book/show/17235026-the-girl-with-all-the-gifts,https://i.gr-assets.com/images/S/compressed.photo.goodreads.com/books/1403033579i/17235026._SY75_.jpg,3,"The Girl with All the Gifts (The Girl With All the Gifts, #1)",Best Feminist Books
Caitlin Moran,https://www.goodreads.com/author/show/939363.Caitlin_Moran,3.71,https://www.goodreads.com/book/show/20525628-how-to-build-a-girl,https://i.gr-assets.com/images/S/compressed.photo.goodreads.com/books/1410131752i/20525628._SY75_.jpg,3,"How to Build a Girl (How to Build a Girl, #1)",Best Feminist Books
Mona Chollet,https://www.goodreads.com/author/show/1335174.Mona_Chollet,4.03,https://www.goodreads.com/book/show/57693411-in-defense-of-witches,https://i.gr-assets.com/images/S/compressed.photo.goodreads.com/books/1639950880i/57693411._SY75_.jpg,4,In Defense of Witches: The Legacy of the Witch Hunts and Why Women Are Still on Trial,Best Feminist Books
Meena Kandasamy,https://www.goodreads.com/author/show/3027717.Meena_Kandasamy,4.07,https://www.goodreads.com/book/show/38821165-when-i-hit-you,https://i.gr-assets.com/images/S/compressed.photo.goodreads.com/books/1519747128i/38821165._SY75_.jpg,4,When I Hit You,Best Feminist Books
Sarah Addison Allen,https://www.goodreads.com/author/show/566874.Sarah_Addison_Allen,4.07,https://www.goodreads.com/book/show/1158967.Garden_Spells,https://i.gr-assets.com/images/S/compressed.photo.goodreads.com/books/1347309330i/1158967._SY75_.jpg,4,"Garden Spells (Waverley Family, #1)",Best Feminist Books
Tamora Pierce,https://www.goodreads.com/author/show/8596.Tamora_Pierce,4.31,https://www.goodreads.com/book/show/13834.The_Realms_of_the_Gods,https://i.gr-assets.com/images/S/compressed.photo.goodreads.com/books/1556165774i/13834._SY75_.jpg,4,"The Realms of the Gods (Immortals, #4)",Best Feminist Books
Tracy Chevalier,https://www.goodreads.com/author/show/1973.Tracy_Chevalier,3.9,https://www.goodreads.com/book/show/6457081-remarkable-creatures,https://i.gr-assets.com/images/S/compressed.photo.goodreads.com/books/1327161912i/6457081._SY75_.jpg,3,Remarkable Creatures,Best Feminist Books
Marina Warner,https://www.goodreads.com/author/show/66285.Marina_Warner,4.12,https://www.goodreads.com/book/show/365940.From_the_Beast_to_the_Blonde,https://i.gr-assets.com/images/S/compressed.photo.goodreads.com/books/1388248044i/365940._SY75_.jpg,4,From the Beast to the Blonde: On Fairy Tales and Their Tellers,Best Feminist Books
Ann Crittenden,https://www.goodreads.com/author/show/133152.Ann_Crittenden,4.06,https://www.goodreads.com/book/show/227506.The_Price_of_Motherhood,https://i.gr-assets.com/images/S/compressed.photo.goodreads.com/books/1402890878i/227506._SX50_.jpg,4,The Price of Motherhood: Why the Most Important Job in the World Is Still the Least Valued,Best Feminist Books
Kameron Hurley,https://www.goodreads.com/author/show/4369922.Kameron_Hurley,3.86,https://www.goodreads.com/book/show/26114477-the-geek-feminist-revolution,https://i.gr-assets.com/images/S/compressed.photo.goodreads.com/books/1442933437i/26114477._SY75_.jpg,3,The Geek Feminist Revolution,Best Feminist Books
Dorothy Bryant,https://www.goodreads.com/author/show/103308.Dorothy_Bryant,4.15,https://www.goodreads.com/book/show/177406.The_Kin_of_Ata_Are_Waiting_for_You,https://i.gr-assets.com/images/S/compressed.photo.goodreads.com/books/1685243883i/177406._SY75_.jpg,4,The Kin of Ata Are Waiting for You,Best Feminist Books
Bernardine Evaristo,https://www.goodreads.com/author/show/51051.Bernardine_Evaristo,4.25,https://www.goodreads.com/book/show/41081373-girl-woman-other,https://i.gr-assets.com/images/S/compressed.photo.goodreads.com/books/1542296262i/41081373._SY75_.jpg,4,"Girl, Woman, Other",Best Feminist Books
Alison Bechdel,https://www.goodreads.com/author/show/54223321.Alison_Bechdel,3.71,https://www.goodreads.com/book/show/11566956-are-you-my-mother,https://i.gr-assets.com/images/S/compressed.photo.goodreads.com/books/1511409644i/11566956._SX50_.jpg,3,Are You My Mother?: A Comic Drama,Best Feminist Books
Tamora Pierce,https://www.goodreads.com/author/show/8596.Tamora_Pierce,4.21,https://www.goodreads.com/book/show/24094.Wolf_Speaker,https://i.gr-assets.com/images/S/compressed.photo.goodreads.com/books/1495451734i/24094._SY75_.jpg,4,"Wolf-Speaker (The Immortals, #2)",Best Feminist Books
Carmen Maria Machado,https://www.goodreads.com/author/show/6860265.Carmen_Maria_Machado,3.8,https://www.goodreads.com/book/show/33375622-her-body-and-other-parties,https://i.gr-assets.com/images/S/compressed.photo.goodreads.com/books/1485266434i/33375622._SX50_.jpg,3,Her Body and Other Parties: Stories,Best Feminist Books
Scarlett Curtis,https://www.goodreads.com/author/show/18019531.Scarlett_Curtis,3.99,https://www.goodreads.com/book/show/40174593-feminists-don-t-wear-pink-and-other-lies,https://i.gr-assets.com/images/S/compressed.photo.goodreads.com/books/1526732607i/40174593._SX50_.jpg,3,Feminists Don't Wear Pink (And Other Lies): Amazing Women on What the F-Word Means to Them,Best Feminist Books
Tamora Pierce,https://www.goodreads.com/author/show/8596.Tamora_Pierce,4.29,https://www.goodreads.com/book/show/13833.Emperor_Mage,https://i.gr-assets.com/images/S/compressed.photo.goodreads.com/books/1555634015i/13833._SY75_.jpg,4,"Emperor Mage (The Immortals, #3)",Best Feminist Books
Mary Eagleton,https://www.goodreads.com/author/show/133534.Mary_Eagleton,3.78,https://www.goodreads.com/book/show/228268.Feminist_Literary_Theory,https://i.gr-assets.com/images/S/compressed.photo.goodreads.com/books/1390363948i/228268._SY75_.jpg,3,Feminist Literary Theory: A Reader,Best Feminist Books
Susan Bordo,https://www.goodreads.com/author/show/44779.Susan_Bordo,4.12,https://www.goodreads.com/book/show/78808.Unbearable_Weight,https://i.gr-assets.com/images/S/compressed.photo.goodreads.com/books/1727120898i/78808._SX50_.jpg,4,"Unbearable Weight: Feminism, Western Culture, and the Body",Best Feminist Books
E.K. Johnston,https://www.goodreads.com/author/show/7418796.E_K_Johnston,3.9,https://www.goodreads.com/book/show/25528801-exit-pursued-by-a-bear,https://i.gr-assets.com/images/S/compressed.photo.goodreads.com/books/1449491313i/25528801._SX50_.jpg,3,"Exit, Pursued by a Bear",Best Feminist Books
Erin Gibson,https://www.goodreads.com/author/show/6499150.Erin_Gibson,3.99,https://www.goodreads.com/book/show/37954228-feminasty,https://i.gr-assets.com/images/S/compressed.photo.goodreads.com/books/1522083222i/37954228._SY75_.jpg,3,Feminasty: The Complicated Woman's Guide to Surviving the Patriarchy Without Drinking Herself to Death,Best Feminist Books
Sapphire,https://www.goodreads.com/author/show/5021508.Sapphire,3.88,https://www.goodreads.com/book/show/71332.Push,https://i.gr-assets.com/images/S/compressed.photo.goodreads.com/books/1414633395i/71332._SY75_.jpg,3,Push,Best Feminist Books
Amy Poehler,https://www.goodreads.com/author/show/7350402.Amy_Poehler,3.85,https://www.goodreads.com/book/show/20910157-yes-please,https://i.gr-assets.com/images/S/compressed.photo.goodreads.com/books/1402815435i/20910157._SY75_.jpg,3,Yes Please,Best Feminist Books
Emma Goldman,https://www.goodreads.com/author/show/15591.Emma_Goldman,4.06,https://www.goodreads.com/book/show/551926.Anarchism_and_Other_Essays,https://i.gr-assets.com/images/S/compressed.photo.goodreads.com/books/1328865558i/551926._SX50_.jpg,4,Anarchism and Other Essays,Best Feminist Books
George Bernard Shaw,https://www.goodreads.com/author/show/5217.George_Bernard_Shaw,3.88,https://www.goodreads.com/book/show/12230.Pygmalion,https://i.gr-assets.com/images/S/compressed.photo.goodreads.com/books/1707969248i/12230._SY75_.jpg,3,Pygmalion,Best Feminist Books
Robert D. San Souci,https://www.goodreads.com/author/show/29541.Robert_D_San_Souci,3.87,https://www.goodreads.com/book/show/52325.Fa_Mulan,https://i.gr-assets.com/images/S/compressed.photo.goodreads.com/books/1170386921i/52325._SX50_.jpg,3,Fa Mulan: The Story of a Woman Warrior,Best Feminist Books
Angela Carter,https://www.goodreads.com/author/show/27500.Angela_Carter,4.04,https://www.goodreads.com/book/show/276751.The_Sadeian_Woman,https://i.gr-assets.com/images/S/compressed.photo.goodreads.com/books/1756077814i/276751._SY75_.jpg,4,The Sadeian Woman: And the Ideology of Pornography,Best Feminist Books
Kristin Cashore,https://www.goodreads.com/author/show/1373880.Kristin_Cashore,4.06,https://www.goodreads.com/book/show/3236307-graceling,https://i.gr-assets.com/images/S/compressed.photo.goodreads.com/books/1331548394i/3236307._SY75_.jpg,4,"Graceling (Graceling Realm, #1)",Best Feminist Books
Julia Long,https://www.goodreads.com/author/show/5847111.Julia_Long,3.98,https://www.goodreads.com/book/show/13721486-anti-porn,https://i.gr-assets.com/images/S/compressed.photo.goodreads.com/books/1368973990i/13721486._SY75_.jpg,3,Anti-Porn: The Resurgence of Anti-Pornography Feminism,Best Feminist Books
Susan Squire,https://www.goodreads.com/author/show/337175.Susan_Squire,3.45,https://www.goodreads.com/book/show/3550810-i-don-t,https://i.gr-assets.com/images/S/compressed.photo.goodreads.com/books/1347492817i/3550810._SY75_.jpg,3,I Don't: A Contrarian History of Marriage,Best Feminist Books
Howard Zinn,https://www.goodreads.com/author/show/1899.Howard_Zinn,4.09,https://www.goodreads.com/book/show/2767.A_People_s_History_of_the_United_States,https://i.gr-assets.com/images/S/compressed.photo.goodreads.com/books/1494279423i/2767._SY75_.jpg,4,A People’s History of the United States: 1492 - Present,Best Feminist Books
Patricia Hill Collins,https://www.goodreads.com/author/show/33867.Patricia_Hill_Collins,4.35,https://www.goodreads.com/book/show/205369.Black_Sexual_Politics,https://i.gr-assets.com/images/S/compressed.photo.goodreads.com/books/1347566450i/205369._SY75_.jpg,4,"Black Sexual Politics: African Americans, Gender, and the New Racism",Best Feminist Books
Ellen Chesler,https://www.goodreads.com/author/show/252466.Ellen_Chesler,3.71,https://www.goodreads.com/book/show/929001.Woman_of_Valor,https://i.gr-assets.com/images/S/compressed.photo.goodreads.com/books/1347407235i/929001._SY75_.jpg,3,Woman of Valor: Margaret Sanger and the Birth Control Movement in America,Best Feminist Books
Glennon Doyle,https://www.goodreads.com/author/show/17099759.Glennon_Doyle,3.97,https://www.goodreads.com/book/show/52129515-untamed,https://i.gr-assets.com/images/S/compressed.photo.goodreads.com/books/1585832694i/52129515._SY75_.jpg,3,Untamed,Best Feminist Books
Virginia Woolf,https://www.goodreads.com/author/show/6765.Virginia_Woolf,4.37,https://www.goodreads.com/book/show/2686072-shakespeare-s-sister,https://i.gr-assets.com/images/S/compressed.photo.goodreads.com/books/1347955985i/2686072._SY75_.jpg,4,Shakespeare's Sister,Best Feminist Books
Curtis Sittenfeld,https://www.goodreads.com/author/show/6429.Curtis_Sittenfeld,3.78,https://www.goodreads.com/book/show/2807199-american-wife,https://i.gr-assets.com/images/S/compressed.photo.goodreads.com/books/1441087673i/2807199._SY75_.jpg,3,American Wife,Best Feminist Books
Marion Zimmer Bradley,https://www.goodreads.com/author/show/4841825.Marion_Zimmer_Bradley,4,https://www.goodreads.com/book/show/361119.Hawkmistress_,https://i.gr-assets.com/images/S/compressed.photo.goodreads.com/books/1387719187i/361119._SY75_.jpg,4,Hawkmistress!,Best Feminist Books
Sarai Walker,https://www.goodreads.com/author/show/8393981.Sarai_Walker,3.56,https://www.goodreads.com/book/show/22749796-dietland,https://i.gr-assets.com/images/S/compressed.photo.goodreads.com/books/1429097346i/22749796._SY75_.jpg,3,Dietland,Best Feminist Books
Carol Tavris,https://www.goodreads.com/author/show/58990.Carol_Tavris,4.07,https://www.goodreads.com/book/show/692689.Mismeasure_of_Woman,https://i.gr-assets.com/images/S/compressed.photo.goodreads.com/books/1348694154i/692689._SY75_.jpg,4,"Mismeasure of Woman: Why Women Are Not the Better Sex, the Inferior Sex, or the Opposite Sex",Best Feminist Books
Anna Quindlen,https://www.goodreads.com/author/show/3500.Anna_Quindlen,3.89,https://www.goodreads.com/book/show/5157.Black_and_Blue,https://i.gr-assets.com/images/S/compressed.photo.goodreads.com/books/1587872743i/5157._SY75_.jpg,3,Black and Blue,Best Feminist Books
Karen Cushman,https://www.goodreads.com/author/show/9640.Karen_Cushman,3.73,https://www.goodreads.com/book/show/15595.The_Midwife_s_Apprentice,https://i.gr-assets.com/images/S/compressed.photo.goodreads.com/books/1305983479i/15595._SX50_.jpg,3,The Midwife's Apprentice,Best Feminist Books
Kami Garcia,https://www.goodreads.com/author/show/2895706.Kami_Garcia,3.78,https://www.goodreads.com/book/show/6304335-beautiful-creatures,https://i.gr-assets.com/images/S/compressed.photo.goodreads.com/books/1327873282i/6304335._SY75_.jpg,3,"Beautiful Creatures (Caster Chronicles, #1)",Best Feminist Books
Gail Carson Levine,https://www.goodreads.com/author/show/13677.Gail_Carson_Levine,4.06,https://www.goodreads.com/book/show/183656.The_Two_Princesses_of_Bamarre,https://i.gr-assets.com/images/S/compressed.photo.goodreads.com/books/1442734248i/183656._SY75_.jpg,4,"The Two Princesses of Bamarre (The Two Princesses of Bamarre, #1)",Best Feminist Books
Naomi Wolf,https://www.goodreads.com/author/show/22393.Naomi_Wolf,3.79,https://www.goodreads.com/book/show/13426037-vagina,https://i.gr-assets.com/images/S/compressed.photo.goodreads.com/books/1355828572i/13426037._SX50_.jpg,3,Vagina: A New Biography,Best Feminist Books
Jeanette Winterson,https://www.goodreads.com/author/show/9399.Jeanette_Winterson,4.02,https://www.goodreads.com/book/show/11395597-why-be-happy-when-you-could-be-normal,https://i.gr-assets.com/images/S/compressed.photo.goodreads.com/books/1320512373i/11395597._SY75_.jpg,4,Why Be Happy When You Could Be Normal?,Best Feminist Books
Emily   White,https://www.goodreads.com/author/show/5289170.Emily_White,3.4,https://www.goodreads.com/book/show/105649.Fast_Girls,https://i.gr-assets.com/images/S/compressed.photo.goodreads.com/books/1309202279i/105649._SY75_.jpg,3,Fast Girls: Teenage Tribes and the Myth of the Slut,Best Feminist Books
Kim Brittingham,https://www.goodreads.com/author/show/4526207.Kim_Brittingham,3.71,https://www.goodreads.com/book/show/9979079-read-my-hips,https://i.gr-assets.com/images/S/compressed.photo.goodreads.com/books/1320502696i/9979079._SY75_.jpg,3,"Read My Hips: How I Learned to Love My Body, Ditch Dieting, and Live Large",Best Feminist Books
Ursula K. Le Guin,https://www.goodreads.com/author/show/874602.Ursula_K_Le_Guin,3.87,https://www.goodreads.com/book/show/2214574.Lavinia,https://i.gr-assets.com/images/S/compressed.photo.goodreads.com/books/1328834317i/2214574._SY75_.jpg,3,Lavinia,Best Feminist Books
Courtney Milan,https://www.goodreads.com/author/show/2906892.Courtney_Milan,3.91,https://www.goodreads.com/book/show/13489925-the-countess-conspiracy,https://i.gr-assets.com/images/S/compressed.photo.goodreads.com/books/1363009130i/13489925._SY75_.jpg,3,"The Countess Conspiracy (Brothers Sinister, #3)",Best Feminist Books
Soraya Chemaly,https://www.goodreads.com/author/show/7824894.Soraya_Chemaly,4.32,https://www.goodreads.com/book/show/38532207-rage-becomes-her,https://i.gr-assets.com/images/S/compressed.photo.goodreads.com/books/1536485995i/38532207._SY75_.jpg,4,Rage Becomes Her: The Power of Women's Anger,Best Feminist Books
Jenny Nordberg,https://www.goodreads.com/author/show/4959634.Jenny_Nordberg,4.11,https://www.goodreads.com/book/show/18077802-the-underground-girls-of-kabul,https://i.gr-assets.com/images/S/compressed.photo.goodreads.com/books/1387054886i/18077802._SY75_.jpg,4,The Underground Girls of Kabul: In Search of a Hidden Resistance in Afghanistan,Best Feminist Books
Kathy Acker,https://www.goodreads.com/author/show/6304.Kathy_Acker,3.83,https://www.goodreads.com/book/show/146897.Literal_Madness,https://i.gr-assets.com/images/S/compressed.photo.goodreads.com/books/1739899080i/146897._SY75_.jpg,3,Literal Madness: Three Novels,Best Feminist Books
Christine de Pizan,https://www.goodreads.com/author/show/51133.Christine_de_Pizan,3.8,https://www.goodreads.com/book/show/89049.The_Book_of_the_City_of_Ladies,https://i.gr-assets.com/images/S/compressed.photo.goodreads.com/books/1347707507i/89049._SY75_.jpg,3,The Book of the City of Ladies,Best Feminist Books
Andi Zeisler,https://www.goodreads.com/author/show/80750.Andi_Zeisler,4.11,https://www.goodreads.com/book/show/25898263-we-were-feminists-once,https://i.gr-assets.com/images/S/compressed.photo.goodreads.com/books/1447140346i/25898263._SY75_.jpg,4,"We Were Feminists Once: From Riot Grrrl to CoverGirl, the Buying and Selling of a Political Movement",Best Feminist Books
Jeaniene Frost,https://www.goodreads.com/author/show/669810.Jeaniene_Frost,4.13,https://www.goodreads.com/book/show/1421990.Halfway_to_the_Grave,https://i.gr-assets.com/images/S/compressed.photo.goodreads.com/books/1373855613i/1421990._SY75_.jpg,4,"Halfway to the Grave (Night Huntress, #1)",Best Feminist Books
Sara Ahmed,https://www.goodreads.com/author/show/11036.Sara_Ahmed,4.3,https://www.goodreads.com/book/show/29771377-living-a-feminist-life,https://i.gr-assets.com/images/S/compressed.photo.goodreads.com/books/1476470236i/29771377._SY75_.jpg,4,Living a Feminist Life,Best Feminist Books
Katha Pollitt,https://www.goodreads.com/author/show/84079.Katha_Pollitt,3.94,https://www.goodreads.com/book/show/145359.Virginity_or_Death_,https://i.gr-assets.com/images/S/compressed.photo.goodreads.com/books/1320434044i/145359._SY75_.jpg,3,Virginity or Death!: And Other Social and Political Issues of Our Time,Best Feminist Books
Svetlana Alexievich,https://www.goodreads.com/author/show/19003531.Svetlana_Alexievich,4.51,https://www.goodreads.com/book/show/4025275-war-s-unwomanly-face,https://i.gr-assets.com/images/S/compressed.photo.goodreads.com/books/1338204032i/4025275._SX50_.jpg,4,War's Unwomanly Face,Best Feminist Books
Dorothy I. Height,https://www.goodreads.com/author/show/60930.Dorothy_I_Height,4.19,https://www.goodreads.com/book/show/105265.Open_Wide_the_Freedom_Gates,https://i.gr-assets.com/images/S/compressed.photo.goodreads.com/books/1347797593i/105265._SX50_.jpg,4,Open Wide the Freedom Gates: A Memoir,Best Feminist Books
Mineko Iwasaki,https://www.goodreads.com/author/show/617.Mineko_Iwasaki,3.93,https://www.goodreads.com/book/show/522534.Geisha_a_Life,https://i.gr-assets.com/images/S/compressed.photo.goodreads.com/books/1359402937i/522534._SY75_.jpg,3,"Geisha, a Life",Best Feminist Books
Robin York,https://www.goodreads.com/author/show/7279470.Robin_York,3.99,https://www.goodreads.com/book/show/18525821-deeper,https://i.gr-assets.com/images/S/compressed.photo.goodreads.com/books/1390668647i/18525821._SY75_.jpg,3,"Deeper (Caroline & West, #1)",Best Feminist Books
Ilona Andrews,https://www.goodreads.com/author/show/21748.Ilona_Andrews,4.05,https://www.goodreads.com/book/show/38619.Magic_Bites,https://i.gr-assets.com/images/S/compressed.photo.goodreads.com/books/1331612872i/38619._SY75_.jpg,4,"Magic Bites (Kate Daniels, #1)",Best Feminist Books
Robin Morgan,https://www.goodreads.com/author/show/27879.Robin_Morgan,4.22,https://www.goodreads.com/book/show/132084.Sisterhood_Is_Powerful,https://i.gr-assets.com/images/S/compressed.photo.goodreads.com/books/1360206539i/132084._SY75_.jpg,4,Sisterhood Is Powerful: An Anthology of Writings from the Women's Liberation Movement,Best Feminist Books
E.J. Graff,https://www.goodreads.com/author/show/31224.E_J_Graff,3.85,https://www.goodreads.com/book/show/597218.What_Is_Marriage_For_,https://i.gr-assets.com/images/S/compressed.photo.goodreads.com/books/1320528278i/597218._SX50_.jpg,3,What Is Marriage For?: The Strange Social History of Our Most Intimate Institution,Best Feminist Books
Pénélope Bagieu,https://www.goodreads.com/author/show/1194324.P_n_lope_Bagieu,4.51,https://www.goodreads.com/book/show/34506937-brazen,https://i.gr-assets.com/images/S/compressed.photo.goodreads.com/books/1500773758i/34506937._SX50_.jpg,4,Brazen: Rebel Ladies Who Rocked the World,Best Feminist Books
Laura Lederer,https://www.goodreads.com/author/show/527722.Laura_Lederer,3.81,https://www.goodreads.com/book/show/3118678-take-back-the-night,https://i.gr-assets.com/images/S/compressed.photo.goodreads.com/books/1472189613i/3118678._SY75_.jpg,3,Take Back the Night: Women on Pornography,Best Feminist Books
Julia Serano,https://www.goodreads.com/author/show/328504.Julia_Serano,3.92,https://www.goodreads.com/book/show/17623891-excluded,https://i.gr-assets.com/images/S/compressed.photo.goodreads.com/books/1364184090i/17623891._SX50_.jpg,3,Excluded: Making Feminist and Queer Movements More Inclusive,Best Feminist Books
Therese Oneill,https://www.goodreads.com/author/show/15071132.Therese_Oneill,3.82,https://www.goodreads.com/book/show/29467289-unmentionable,https://i.gr-assets.com/images/S/compressed.photo.goodreads.com/books/1472978198i/29467289._SX50_.jpg,3,"Unmentionable: The Victorian Lady's Guide to Sex, Marriage, and Manners",Best Feminist Books
Jon Krakauer,https://www.goodreads.com/author/show/1235.Jon_Krakauer,4.12,https://www.goodreads.com/book/show/24911006-missoula,https://i.gr-assets.com/images/S/compressed.photo.goodreads.com/books/1491227618i/24911006._SY75_.jpg,4,Missoula: Rape and the Justice System in a College Town,Best Feminist Books
Dee L.R. Graham,https://www.goodreads.com/author/show/5676030.Dee_L_R_Graham,4.52,https://www.goodreads.com/book/show/25144262-loving-to-survive,https://i.gr-assets.com/images/S/compressed.photo.goodreads.com/books/1426379798i/25144262._SY75_.jpg,4,"Loving to Survive: Sexual Terror, Men's Violence, and Women's Lives (Feminist Crosscurrents, 3)",Best Feminist Books
Sena Jeter Naslund,https://www.goodreads.com/author/show/5234.Sena_Jeter_Naslund,4.04,https://www.goodreads.com/book/show/7742.Ahab_s_Wife_or_The_Star_Gazer,https://i.gr-assets.com/images/S/compressed.photo.goodreads.com/books/1442524251i/7742._SY75_.jpg,4,"Ahab's Wife, or The Star-Gazer",Best Feminist Books
Rachel Hills,https://www.goodreads.com/author/show/9824974.Rachel_Hills,3.55,https://www.goodreads.com/book/show/23492818-the-sex-myth,https://i.gr-assets.com/images/S/compressed.photo.goodreads.com/books/1438581520i/23492818._SY75_.jpg,3,The Sex Myth: The Gap Between Our Fantasies and Reality,Best Feminist Books
Amana Fontanella-Khan,https://www.goodreads.com/author/show/6620816.Amana_Fontanella_Khan,3.57,https://www.goodreads.com/book/show/18378032-pink-sari-revolution,https://i.gr-assets.com/images/S/compressed.photo.goodreads.com/books/1381288040i/18378032._SX50_.jpg,3,Pink Sari Revolution: A Tale of Women and Power in India,Best Feminist Books
Hillary Rodham Clinton,https://www.goodreads.com/author/show/2778471.Hillary_Rodham_Clinton,3.76,https://www.goodreads.com/book/show/56073.Living_History,https://i.gr-assets.com/images/S/compressed.photo.goodreads.com/books/1442705677i/56073._SY75_.jpg,3,Living History,Best Feminist Books
Jennifer Mathieu,https://www.goodreads.com/author/show/6549106.Jennifer_Mathieu,4.18,https://www.goodreads.com/book/show/33163378-moxie,https://i.gr-assets.com/images/S/compressed.photo.goodreads.com/books/1494950979i/33163378._SY75_.jpg,4,Moxie,Best Feminist Books
Estelle B. Freedman,https://www.goodreads.com/author/show/3850458.Estelle_B_Freedman,4.2,https://www.goodreads.com/book/show/1702201.The_Essential_Feminist_Reader,https://i.gr-assets.com/images/S/compressed.photo.goodreads.com/books/1320547356i/1702201._SY75_.jpg,4,The Essential Feminist Reader,Best Feminist Books
Michelle Obama,https://www.goodreads.com/author/show/2338628.Michelle_Obama,4.43,https://www.goodreads.com/book/show/38746485-becoming,https://i.gr-assets.com/images/S/compressed.photo.goodreads.com/books/1528206996i/38746485._SY75_.jpg,4,Becoming,Best Feminist Books
Zahra Fatima Hankir,https://www.goodreads.com/author/show/18628944.Zahra_Fatima_Hankir,4.49,https://www.goodreads.com/book/show/42853221-our-women-on-the-ground,https://i.gr-assets.com/images/S/compressed.photo.goodreads.com/books/1542488427i/42853221._SY75_.jpg,4,Our Women on the Ground: Essays by Arab Women Reporting from the Arab World,Best Feminist Books
Susan Brownmiller,https://www.goodreads.com/author/show/35623.Susan_Brownmiller,3.79,https://www.goodreads.com/book/show/250344.In_Our_Time,https://i.gr-assets.com/images/S/compressed.photo.goodreads.com/books/1173138309i/250344._SY75_.jpg,3,In Our Time: Memoir of a Revolution,Best Feminist Books
Simone de Beauvoir,https://www.goodreads.com/author/show/5548.Simone_de_Beauvoir,4.17,https://www.goodreads.com/book/show/21119.The_Ethics_of_Ambiguity,https://i.gr-assets.com/images/S/compressed.photo.goodreads.com/books/1740311283i/21119._SY75_.jpg,4,The Ethics of Ambiguity,Best Feminist Books
Beverly Guy-Sheftall,https://www.goodreads.com/author/show/202794.Beverly_Guy_Sheftall,4.47,https://www.goodreads.com/book/show/353602.Words_of_Fire,https://i.gr-assets.com/images/S/compressed.photo.goodreads.com/books/1328752376i/353602._SY75_.jpg,4,Words of Fire: An Anthology of African-American Feminist Thought,Best Feminist Books
Etaf Rum,https://www.goodreads.com/author/show/16458196.Etaf_Rum,4.25,https://www.goodreads.com/book/show/34313931-a-woman-is-no-man,https://i.gr-assets.com/images/S/compressed.photo.goodreads.com/books/1533072101i/34313931._SY75_.jpg,4,A Woman Is No Man,Best Feminist Books
Bonnie Garmus,https://www.goodreads.com/author/show/21370624.Bonnie_Garmus,4.28,https://www.goodreads.com/book/show/58065033-lessons-in-chemistry,https://i.gr-assets.com/images/S/compressed.photo.goodreads.com/books/1634748496i/58065033._SY75_.jpg,4,Lessons in Chemistry,Best Feminist Books
Tamora Pierce,https://www.goodreads.com/author/show/8596.Tamora_Pierce,4.31,https://www.goodreads.com/book/show/13836.Wild_Magic,https://i.gr-assets.com/images/S/compressed.photo.goodreads.com/books/1554192590i/13836._SY75_.jpg,4,"Wild Magic (Immortals, #1)",Best Feminist Books
Kate Bornstein,https://www.goodreads.com/author/show/5854.Kate_Bornstein,3.98,https://www.goodreads.com/book/show/858394.My_Gender_Workbook,https://i.gr-assets.com/images/S/compressed.photo.goodreads.com/books/1348579052i/858394._SX50_.jpg,3,"My Gender Workbook: How to Become a Real Man, a Real Woman, the Real You, or Something Else Entirely",Best Feminist Books
Elizabeth Strout,https://www.goodreads.com/author/show/97313.Elizabeth_Strout,3.86,https://www.goodreads.com/book/show/1736739.Olive_Kitteridge,https://i.gr-assets.com/images/S/compressed.photo.goodreads.com/books/1320430655i/1736739._SY75_.jpg,3,"Olive Kitteridge (Olive Kitteridge, #1)",Best Feminist Books
Sarah J. Maas,https://www.goodreads.com/author/show/3433047.Sarah_J_Maas,4.15,https://www.goodreads.com/book/show/16096824-a-court-of-thorns-and-roses,https://i.gr-assets.com/images/S/compressed.photo.goodreads.com/books/1546406962i/16096824._SY75_.jpg,4,"A Court of Thorns and Roses (A Court of Thorns and Roses, #1)",Best Feminist Books
Melody Ermachild Chavis,https://www.goodreads.com/author/show/287093.Melody_Ermachild_Chavis,4.16,https://www.goodreads.com/book/show/516902.Meena_Heroine_of_Afghanistan,https://i.gr-assets.com/images/S/compressed.photo.goodreads.com/books/1312028346i/516902._SX50_.jpg,4,"Meena, Heroine of Afghanistan: The Martyr Who Founded RAWA, the Revolutionary Association of the Women of Afghanistan",Best Feminist Books
Dorothy Allison,https://www.goodreads.com/author/show/5599.Dorothy_Allison,4.27,https://www.goodreads.com/book/show/91871.Skin,https://i.gr-assets.com/images/S/compressed.photo.goodreads.com/books/1387739693i/91871._SY75_.jpg,4,"Skin: Talking About Sex, Class And Literature",Best Feminist Books
Hanne Blank,https://www.goodreads.com/author/show/61858.Hanne_Blank,3.78,https://www.goodreads.com/book/show/12053371-straight,https://i.gr-assets.com/images/S/compressed.photo.goodreads.com/books/1320556986i/12053371._SY75_.jpg,3,Straight: The Surprisingly Short History Of Heterosexuality,Best Feminist Books
Angela Y. Davis,https://www.goodreads.com/author/show/5863103.Angela_Y_Davis,4.45,https://www.goodreads.com/book/show/125441.An_Autobiography,https://i.gr-assets.com/images/S/compressed.photo.goodreads.com/books/1590784209i/125441._SX50_.jpg,4,An Autobiography,Best Feminist Books
L.M. Montgomery,https://www.goodreads.com/author/show/5350.L_M_Montgomery,4.01,https://www.goodreads.com/book/show/65840.Anne_of_Windy_Poplars,https://i.gr-assets.com/images/S/compressed.photo.goodreads.com/books/1348613064i/65840._SY75_.jpg,4,"Anne of Windy Poplars (Anne of Green Gables, #4)",Best Feminist Books
Simone de Beauvoir,https://www.goodreads.com/author/show/5548.Simone_de_Beauvoir,4.21,https://www.goodreads.com/book/show/21124.Le_deuxi_me_sexe_I,https://i.gr-assets.com/images/S/compressed.photo.goodreads.com/books/1504454058i/21124._SY75_.jpg,4,"Le deuxième sexe, I",Best Feminist Books
Nevada Barr,https://www.goodreads.com/author/show/43613.Nevada_Barr,3.92,https://www.goodreads.com/book/show/86442.High_Country,https://i.gr-assets.com/images/S/compressed.photo.goodreads.com/books/1309288594i/86442._SY75_.jpg,3,"High Country (Anna Pigeon, #12)",Best Feminist Books
Sara Ahmed,https://www.goodreads.com/author/show/11036.Sara_Ahmed,4.31,https://www.goodreads.com/book/show/13206153-on-being-included,https://i.gr-assets.com/images/S/compressed.photo.goodreads.com/books/1331572510i/13206153._SX50_.jpg,4,On Being Included: Racism and Diversity in Institutional Life,Best Feminist Books
Mary-Alice Waters,https://www.goodreads.com/author/show/66114.Mary_Alice_Waters,3.91,https://www.goodreads.com/book/show/670227.Feminism_and_the_Marxist_Movement,https://i.gr-assets.com/images/S/compressed.photo.goodreads.com/books/1356472772i/670227._SY75_.jpg,3,Feminism and the Marxist Movement,Best Feminist Books
Kelly Sue DeConnick,https://www.goodreads.com/author/show/16587.Kelly_Sue_DeConnick,4.15,https://www.goodreads.com/book/show/23609469-bitch-planet-1,https://i.gr-assets.com/images/S/compressed.photo.goodreads.com/books/1416866446i/23609469._SY75_.jpg,4,Bitch Planet #1,Best Feminist Books
Sophie Kinsella,https://www.goodreads.com/author/show/6160.Sophie_Kinsella,3.87,https://www.goodreads.com/book/show/164910.The_Undomestic_Goddess,https://i.gr-assets.com/images/S/compressed.photo.goodreads.com/books/1546504558i/164910._SY75_.jpg,3,The Undomestic Goddess,Best Feminist Books
Jackson Katz,https://www.goodreads.com/author/show/350520.Jackson_Katz,4.17,https://www.goodreads.com/book/show/651653.The_Macho_Paradox,https://i.gr-assets.com/images/S/compressed.photo.goodreads.com/books/1348090848i/651653._SX50_.jpg,4,The Macho Paradox: Why Some Men Hurt Women and How All Men Can Help,Best Feminist Books
Judith Butler,https://www.goodreads.com/author/show/5231.Judith_Butler,4.12,https://www.goodreads.com/book/show/181549.Bodies_That_Matter,https://i.gr-assets.com/images/S/compressed.photo.goodreads.com/books/1386921284i/181549._SY75_.jpg,4,"Bodies That Matter: On the Discursive Limits of ""Sex""",Best Feminist Books
Truman Capote,https://www.goodreads.com/author/show/431149.Truman_Capote,3.85,https://www.goodreads.com/book/show/251688.Breakfast_at_Tiffany_s_and_Three_Stories,https://i.gr-assets.com/images/S/compressed.photo.goodreads.com/books/1739711613i/251688._SY75_.jpg,3,Breakfast at Tiffany’s and Three Stories,Best Feminist Books
Alice Munro,https://www.goodreads.com/author/show/6410.Alice_Munro,3.96,https://www.goodreads.com/book/show/14280.Runaway,https://i.gr-assets.com/images/S/compressed.photo.goodreads.com/books/1557155619i/14280._SY75_.jpg,3,Runaway: Stories,Best Feminist Books
Elfriede Jelinek,https://www.goodreads.com/author/show/128607.Elfriede_Jelinek,3.31,https://www.goodreads.com/book/show/301829.Lust,https://i.gr-assets.com/images/S/compressed.photo.goodreads.com/books/1328705088i/301829._SY75_.jpg,3,Lust,Best Feminist Books
Colette Dowling,https://www.goodreads.com/author/show/88690.Colette_Dowling,4.13,https://www.goodreads.com/book/show/457578.The_Frailty_Myth,https://i.gr-assets.com/images/S/compressed.photo.goodreads.com/books/1320422964i/457578._SY75_.jpg,4,The Frailty Myth: Redefining the Physical Potential of Women and Girls,Best Feminist Books
Ken Kesey,https://www.goodreads.com/author/show/7285.Ken_Kesey,4.2,https://www.goodreads.com/book/show/332613.One_Flew_Over_the_Cuckoo_s_Nest,https://i.gr-assets.com/images/S/compressed.photo.goodreads.com/books/1516211014i/332613._SX50_.jpg,4,One Flew Over the Cuckoo’s Nest,Best Feminist Books
Judy Norsigian,https://www.goodreads.com/author/show/1963524.Judy_Norsigian,4.01,https://www.goodreads.com/book/show/97867.Our_Bodies_Ourselves,https://i.gr-assets.com/images/S/compressed.photo.goodreads.com/books/1393775944i/97867._SX50_.jpg,4,"Our Bodies, Ourselves: Menopause",Best Feminist Books
Courtney Milan,https://www.goodreads.com/author/show/2906892.Courtney_Milan,3.82,https://www.goodreads.com/book/show/13489919-the-duchess-war,https://i.gr-assets.com/images/S/compressed.photo.goodreads.com/books/1363009176i/13489919._SY75_.jpg,3,"The Duchess War (Brothers Sinister, #1)",Best Feminist Books
Elizabeth George Speare,https://www.goodreads.com/author/show/7549.Elizabeth_George_Speare,4.03,https://www.goodreads.com/book/show/703292.The_Witch_of_Blackbird_Pond,https://i.gr-assets.com/images/S/compressed.photo.goodreads.com/books/1345499790i/703292._SY75_.jpg,4,The Witch of Blackbird Pond,Best Feminist Books
Lisa Bloom,https://www.goodreads.com/author/show/251075.Lisa_Bloom,3.94,https://www.goodreads.com/book/show/10782350-think,https://i.gr-assets.com/images/S/compressed.photo.goodreads.com/books/1442893650i/10782350._SY75_.jpg,3,Think: Straight Talk for Women to Stay Smart in a Dumbed-Down World,Best Feminist Books
Jennifer Finney Boylan,https://www.goodreads.com/author/show/30973.Jennifer_Finney_Boylan,3.97,https://www.goodreads.com/book/show/8783179-she-s-not-there,https://i.gr-assets.com/images/S/compressed.photo.goodreads.com/books/1360576041i/8783179._SY75_.jpg,3,She's Not There: A Life in Two Genders,Best Feminist Books
Jody Raphael,https://www.goodreads.com/author/show/353281.Jody_Raphael,4.16,https://www.goodreads.com/book/show/16056736-rape-is-rape,https://i.gr-assets.com/images/S/compressed.photo.goodreads.com/books/1352351464i/16056736._SX50_.jpg,4,"Rape is Rape: How Denial, Distortion, and Victim Blaming are Fueling a Hidden Acquaintance Rape Crisis",Best Feminist Books
Jessica McDiarmid,https://www.goodreads.com/author/show/16764704.Jessica_McDiarmid,4.3,https://www.goodreads.com/book/show/43328763-highway-of-tears,https://i.gr-assets.com/images/S/compressed.photo.goodreads.com/books/1560825445i/43328763._SX50_.jpg,4,"Highway of Tears: A True Story of Racism, Indifference and the Pursuit of Justice for Missing and Murdered Indigenous Women and Girls",Best Feminist Books
Octavia E. Butler,https://www.goodreads.com/author/show/29535.Octavia_E_Butler,3.78,https://www.goodreads.com/book/show/60925.Fledgling,https://i.gr-assets.com/images/S/compressed.photo.goodreads.com/books/1441479816i/60925._SY75_.jpg,3,Fledgling,Best Feminist Books
Germaine Greer,https://www.goodreads.com/author/show/56667.Germaine_Greer,3.69,https://www.goodreads.com/book/show/1135196.The_Change,https://i.gr-assets.com/images/S/compressed.photo.goodreads.com/books/1181271195i/1135196._SY75_.jpg,3,"The Change: Women, Ageing, and the Menopause",Best Feminist Books
Maya Angelou,https://www.goodreads.com/author/show/3503.Maya_Angelou,4.09,https://www.goodreads.com/book/show/4016515-letter-to-my-daughter,https://i.gr-assets.com/images/S/compressed.photo.goodreads.com/books/1320448534i/4016515._SY75_.jpg,4,Letter to My Daughter,Best Feminist Books
Qanta A. Ahmed,https://www.goodreads.com/author/show/1468626.Qanta_A_Ahmed,3.74,https://www.goodreads.com/book/show/3483356-in-the-land-of-invisible-women,https://i.gr-assets.com/images/S/compressed.photo.goodreads.com/books/1347435267i/3483356._SX50_.jpg,3,In the Land of Invisible Women: A Female Doctor's Journey in the Saudi Kingdom,Best Feminist Books
Caitlin Moran,https://www.goodreads.com/author/show/939363.Caitlin_Moran,4.04,https://www.goodreads.com/book/show/25705800-moranifesto,https://i.gr-assets.com/images/S/compressed.photo.goodreads.com/books/1449843213i/25705800._SY75_.jpg,4,Moranifesto,Best Feminist Books
Angela Y. Davis,https://www.goodreads.com/author/show/5863103.Angela_Y_Davis,4.48,https://www.goodreads.com/book/show/635636.The_Angela_Y_Davis_Reader,https://i.gr-assets.com/images/S/compressed.photo.goodreads.com/books/1348028325i/635636._SX50_.jpg,4,The Angela Y. Davis Reader,Best Feminist Books
bell hooks,https://www.goodreads.com/author/show/10697.bell_hooks,4.37,https://www.goodreads.com/book/show/728685.Talking_Back,https://i.gr-assets.com/images/S/compressed.photo.goodreads.com/books/1387669557i/728685._SY75_.jpg,4,"Talking Back: Thinking Feminist, Thinking Black",Best Feminist Books
D.H. Lawrence,https://www.goodreads.com/author/show/17623.D_H_Lawrence,3.7,https://www.goodreads.com/book/show/31491.The_Rainbow,https://i.gr-assets.com/images/S/compressed.photo.goodreads.com/books/1388193710i/31491._SY75_.jpg,3,The Rainbow,Best Feminist Books
Melissa Gira Grant,https://www.goodreads.com/author/show/4107474.Melissa_Gira_Grant,3.88,https://www.goodreads.com/book/show/18077972-playing-the-whore,https://i.gr-assets.com/images/S/compressed.photo.goodreads.com/books/1389886285i/18077972._SY75_.jpg,3,Playing the Whore: The Work of Sex Work,Best Feminist Books
Tennessee Williams,https://www.goodreads.com/author/show/7751.Tennessee_Williams,4.06,https://www.goodreads.com/book/show/72159.Cat_on_a_Hot_Tin_Roof,https://i.gr-assets.com/images/S/compressed.photo.goodreads.com/books/1389369390i/72159._SY75_.jpg,4,Cat on a Hot Tin Roof,Best Feminist Books
Rachel Moran,https://www.goodreads.com/author/show/4100649.Rachel_Moran,3.96,https://www.goodreads.com/book/show/24724603-paid-for,https://i.gr-assets.com/images/S/compressed.photo.goodreads.com/books/1434999032i/24724603._SY75_.jpg,3,Paid For: My Journey Through Prostitution,Best Feminist Books
Melinda French Gates,https://www.goodreads.com/author/show/4197697.Melinda_French_Gates,4.27,https://www.goodreads.com/book/show/40776644-the-moment-of-lift,https://i.gr-assets.com/images/S/compressed.photo.goodreads.com/books/1540299907i/40776644._SY75_.jpg,4,The Moment of Lift: How Empowering Women Changes the World,Best Feminist Books
Laura Kipnis,https://www.goodreads.com/author/show/71247.Laura_Kipnis,3.63,https://www.goodreads.com/book/show/123732.Against_Love,https://i.gr-assets.com/images/S/compressed.photo.goodreads.com/books/1320470533i/123732._SY75_.jpg,3,Against Love: A Polemic,Best Feminist Books
Jenifer Mohammed,https://www.goodreads.com/author/show/7541065.Jenifer_Mohammed,3.85,https://www.goodreads.com/book/show/19389578-resurrecting-cybele,https://i.gr-assets.com/images/S/compressed.photo.goodreads.com/books/1386829361i/19389578._SX50_.jpg,3,Resurrecting Cybele,Best Feminist Books
Emmeline Pankhurst,https://www.goodreads.com/author/show/5840159.Emmeline_Pankhurst,4.15,https://www.goodreads.com/book/show/2485756.My_Own_Story,https://i.gr-assets.com/images/S/compressed.photo.goodreads.com/books/1444253362i/2485756._SX50_.jpg,4,My Own Story,Best Feminist Books
Kate Elizabeth Russell,https://www.goodreads.com/author/show/18692517.Kate_Elizabeth_Russell,4.1,https://www.goodreads.com/book/show/44890081-my-dark-vanessa,https://i.gr-assets.com/images/S/compressed.photo.goodreads.com/books/1583447793i/44890081._SY75_.jpg,4,My Dark Vanessa,Best Feminist Books
Chelle Cordero,https://www.goodreads.com/author/show/1173092.Chelle_Cordero,3.9,https://www.goodreads.com/book/show/3886481-bartlett-s-rule,https://i.gr-assets.com/images/S/compressed.photo.goodreads.com/books/1348209808i/3886481._SY75_.jpg,3,Bartlett's Rule,Best Feminist Books
R.A. McDonald,https://www.goodreads.com/author/show/4141550.R_A_McDonald,3.96,https://www.goodreads.com/book/show/10087445-ada,https://i.gr-assets.com/images/S/compressed.photo.goodreads.com/books/1330115553i/10087445._SY75_.jpg,3,Ada: Legend of a Healer,Best Feminist Books
Ioanna Vakali,https://www.goodreads.com/author/show/6565875.Ioanna_Vakali,4.33,https://www.goodreads.com/book/show/16112201,https://i.gr-assets.com/images/S/compressed.photo.goodreads.com/books/1351358121i/16112201._SY75_.jpg,4,Η μαμά ή μανιφέστο μιας παρ’ ολίγον πουτάνας,Best Feminist Books
Garry Craig Powell,https://www.goodreads.com/author/show/6524448.Garry_Craig_Powell,3.87,https://www.goodreads.com/book/show/16001768-stoning-the-devil,https://i.gr-assets.com/images/S/compressed.photo.goodreads.com/books/1347297126i/16001768._SY75_.jpg,3,Stoning the Devil,Best Feminist Books
M.H. Boroson,https://www.goodreads.com/author/show/13652897.M_H_Boroson,3.85,https://www.goodreads.com/book/show/25159239-the-girl-with-ghost-eyes,https://i.gr-assets.com/images/S/compressed.photo.goodreads.com/books/1445052645i/25159239._SX50_.jpg,3,The Girl with Ghost Eyes,Best Feminist Books
Stacy B. Davids,https://www.goodreads.com/author/show/4115302.Stacy_B_Davids,4.33,https://www.goodreads.com/book/show/26948937-annie-s-plaid-shirt,https://i.gr-assets.com/images/S/compressed.photo.goodreads.com/books/1444335230i/26948937._SX50_.jpg,4,Annie's Plaid Shirt,Best Feminist Books
Rosa-Linda  Fregoso,https://www.goodreads.com/author/show/3285729.Rosa_Linda_Fregoso,4.39,https://www.goodreads.com/book/show/7472698-terrorizing-women,https://i.gr-assets.com/images/S/compressed.photo.goodreads.com/books/1348590340i/7472698._SY75_.jpg,4,Terrorizing Women: Feminicide in the Americas,Best Feminist Books
Peter L. Laurence,https://www.goodreads.com/author/show/14956772.Peter_L_Laurence,4,https://www.goodreads.com/book/show/26371412-becoming-jane-jacobs,https://i.gr-assets.com/images/S/compressed.photo.goodreads.com/books/1453681569i/26371412._SY75_.jpg,4,Becoming Jane Jacobs,Best Feminist Books
Beth M. Caruso,https://www.goodreads.com/author/show/14648928.Beth_M_Caruso,4.07,https://www.goodreads.com/book/show/28012748-one-of-windsor,https://i.gr-assets.com/images/S/compressed.photo.goodreads.com/books/1448854899i/28012748._SY75_.jpg,4,One of Windsor: The Untold Story of America's First Witch Hanging,Best Feminist Books
Robert Uttaro,https://www.goodreads.com/author/show/7366477.Robert_Uttaro,4.03,https://www.goodreads.com/book/show/18733034-to-the-survivors,https://i.gr-assets.com/images/S/compressed.photo.goodreads.com/books/1386585637i/18733034._SX50_.jpg,4,To the Survivors: One Man's Journey as a Rape Crisis Counselor with True Stories of Sexual Violence,Best Feminist Books
Alesa Lightbourne,https://www.goodreads.com/author/show/429486.Alesa_Lightbourne,3.9,https://www.goodreads.com/book/show/31206812-the-kurdish-bike,https://i.gr-assets.com/images/S/compressed.photo.goodreads.com/books/1512454411i/31206812._SY75_.jpg,3,The Kurdish Bike,Best Feminist Books
K.C. Hilton,https://www.goodreads.com/author/show/4606082.K_C_Hilton,3.84,https://www.goodreads.com/book/show/35532786-cars-coffee-and-a-badass-ninja-toilet,https://i.gr-assets.com/images/S/compressed.photo.goodreads.com/books/1528047504i/35532786._SX50_.jpg,3,"Cars, Coffee, and a Badass Ninja Toilet (Julia Karr, #1)",Best Feminist Books
Aimee Herman,https://www.goodreads.com/author/show/3319320.Aimee_Herman,3.79,https://www.goodreads.com/book/show/42932817-everything-grows,https://i.gr-assets.com/images/S/compressed.photo.goodreads.com/books/1542927921i/42932817._SX50_.jpg,3,Everything Grows,Best Feminist Books
Beth Koritz,https://www.goodreads.com/author/show/19199774.Beth_Koritz,3.98,https://www.goodreads.com/book/show/46002829-resilience-road,https://i.gr-assets.com/images/S/compressed.photo.goodreads.com/books/1558673062i/46002829._SY75_.jpg,3,Resilience Road: Exploring Your Authentic Life Path,Best Feminist Books
Anna Larner,https://www.goodreads.com/author/show/15515390.Anna_Larner,4.05,https://www.goodreads.com/book/show/44430783-love-s-portrait,https://i.gr-assets.com/images/S/compressed.photo.goodreads.com/books/1552586744i/44430783._SY75_.jpg,4,Love's Portrait,Best Feminist Books
Rebecca  Siegel,https://www.goodreads.com/author/show/19882874.Rebecca_Siegel,4.08,https://www.goodreads.com/book/show/44575049-to-fly-among-the-stars,https://i.gr-assets.com/images/S/compressed.photo.goodreads.com/books/1560051621i/44575049._SX50_.jpg,4,To Fly Among the Stars: The Hidden Story of the Fight for Women Astronauts,Best Feminist Books
Cathy Mulroy,https://www.goodreads.com/author/show/19549770.Cathy_Mulroy,4.26,https://www.goodreads.com/book/show/52950517-my-view-from-the-blackened-rocks,https://i.gr-assets.com/images/S/compressed.photo.goodreads.com/books/1568303995l/52950517._SX50_SY75_.jpg,4,My View from the Blackened Rocks: A Woman's Battle for Equality and Respect in Canada's Mining Industry,Best Feminist Books
Karen   Sherman,https://www.goodreads.com/author/show/19819324.Karen_Sherman,4.25,https://www.goodreads.com/book/show/44901967-brick-by-brick,https://i.gr-assets.com/images/S/compressed.photo.goodreads.com/books/1555128459i/44901967._SX50_.jpg,4,Brick by Brick: Building Hope and Opportunity for Women Survivors Everywhere,Best Feminist Books
Cassandra Yorke,https://www.goodreads.com/author/show/20211211.Cassandra_Yorke,4.13,https://www.goodreads.com/book/show/53181134-mary-everything,https://i.gr-assets.com/images/S/compressed.photo.goodreads.com/books/1587061707i/53181134._SX50_.jpg,4,"Mary, Everything (The Flapper Covenant, #1)",Best Feminist Books
Ciahnan Darrell,https://www.goodreads.com/author/show/20597172.Ciahnan_Darrell,4.51,https://www.goodreads.com/book/show/54963174-a-lifetime-of-men,https://i.gr-assets.com/images/S/compressed.photo.goodreads.com/books/1601696809i/54963174._SY75_.jpg,4,A Lifetime of Men,Best Feminist Books
Nancy Smirl Jorgensen,https://www.goodreads.com/author/show/1500873.Nancy_Smirl_Jorgensen,4,https://www.goodreads.com/book/show/44126360-go-gwen-go,https://i.gr-assets.com/images/S/compressed.photo.goodreads.com/books/1553579305i/44126360._SX50_.jpg,4,"Go, Gwen, Go: A Family's Journey to Olympic Gold",Best Feminist Books
Dominique  Clarke,https://www.goodreads.com/author/show/20797923.Dominique_Clarke,4.45,https://www.goodreads.com/book/show/55630647-mujer-insurgente,https://i.gr-assets.com/images/S/compressed.photo.goodreads.com/books/1602459025i/55630647._SY75_.jpg,4,Mujer Insurgente,Best Feminist Books
Lindsay Merbaum,https://www.goodreads.com/author/show/15162019.Lindsay_Merbaum,3.7,https://www.goodreads.com/book/show/57205122-the-gold-persimmon,https://i.gr-assets.com/images/S/compressed.photo.goodreads.com/books/1614264740i/57205122._SX50_.jpg,3,The Gold Persimmon,Best Feminist Books
Pam Munter,https://www.goodreads.com/author/show/620755.Pam_Munter,4.45,https://www.goodreads.com/book/show/57199645-fading-fame,https://i.gr-assets.com/images/S/compressed.photo.goodreads.com/books/1614307464i/57199645._SY75_.jpg,4,Fading Fame: Women of a Certain Age in Hollywood,Best Feminist Books
Kate Brauning,https://www.goodreads.com/author/show/7964607.Kate_Brauning,3.57,https://www.goodreads.com/book/show/55878024-the-ballad-of-dinah-caldwell,https://i.gr-assets.com/images/S/compressed.photo.goodreads.com/books/1613570083i/55878024._SY75_.jpg,3,The Ballad of Dinah Caldwell,Best Feminist Books
River Selby,https://www.goodreads.com/author/show/52053133.River_Selby,3.67,https://www.goodreads.com/book/show/219301091-hotshot,https://i.gr-assets.com/images/S/compressed.photo.goodreads.com/books/1739100108i/219301091._SY75_.jpg,3,Hotshot: A Life on Fire,Best Feminist Books
Stephen Heartland,https://www.goodreads.com/author/show/50926968.Stephen_Heartland,4.22,https://www.goodreads.com/book/show/220200476-louis-pasteur-condemns-big-pharma,https://i.gr-assets.com/images/S/compressed.photo.goodreads.com/books/1728325446i/220200476._SY75_.jpg,4,"Louis Pasteur Condemns Big Pharma: Vaccines, Drugs, and Healthcare in the United States",Best Feminist Books
Robert Bohannon,https://www.goodreads.com/author/show/17976663.Robert_Bohannon,4.98,https://www.goodreads.com/book/show/231692603-geneticide,https://i.gr-assets.com/images/S/compressed.photo.goodreads.com/books/1746964092i/231692603._SX50_.jpg,4,Geneticide: The CRISPER Conspiracy,Best Feminist Books
Arune Savage,https://www.goodreads.com/author/show/55463728.Arune_Savage,5,https://www.goodreads.com/book/show/230611955-lost-my-mind-here-someplace,https://i.gr-assets.com/images/S/compressed.photo.goodreads.com/books/1743210884i/230611955._SY75_.jpg,5,Lost My Mind Here Someplace: A Memoir,Best Feminist Books
Kaia Gallagher,https://www.goodreads.com/author/show/6746495.Kaia_Gallagher,4.66,https://www.goodreads.com/book/show/208553502-candles-for-the-defiant,https://i.gr-assets.com/images/S/compressed.photo.goodreads.com/books/1708024782i/208553502._SY75_.jpg,4,Candles for the Defiant: Discovering My Family's Estonian Past,Best Feminist Books
Jayne Haines,https://www.goodreads.com/author/show/4550341.Jayne_Haines,5,https://www.goodreads.com/book/show/12424624-cry-for-the-moon,https://i.gr-assets.com/images/S/compressed.photo.goodreads.com/books/1347796111i/12424624._SX50_.jpg,5,Cry For The Moon,Best Feminist Books
Melinda Blau,https://www.goodreads.com/author/show/76610.Melinda_Blau,4.65,https://www.goodreads.com/book/show/201187419-the-wisdom-whisperers,https://i.gr-assets.com/images/S/compressed.photo.goodreads.com/books/1719738740i/201187419._SY75_.jpg,4,"The Wisdom Whisperers: Golden Guides to a Long Life of Grit, Grace, and Laughter",Best Feminist Books
Erica M. Elliott,https://www.goodreads.com/author/show/19119252.Erica_M_Elliott,4.7,https://www.goodreads.com/book/show/241902697-from-doctor-to-healer,https://i.gr-assets.com/images/S/compressed.photo.goodreads.com/books/1758480609i/241902697._SY75_.jpg,4,From Doctor to Healer: The Mountain Lion’s Gift,Best Feminist Books
Ela Thier,https://www.goodreads.com/author/show/69377658.Ela_Thier,4.75,https://www.goodreads.com/book/show/250594209-how-to-fail-as-an-artist-my-best-tips,https://i.gr-assets.com/images/S/compressed.photo.goodreads.com/books/1775231399i/250594209._SY75_.jpg,4,"How to Fail as an Artist, My Best Tips: Your Creativity Wants You Back",Best Feminist Books
Alexis Bomanza,https://www.goodreads.com/author/show/60123104.Alexis_Bomanza,5,https://www.goodreads.com/book/show/250582434-l-art-de-l-ducation-financi-re,https://i.gr-assets.com/images/S/compressed.photo.goodreads.com/books/1775210785i/250582434._SX50_.jpg,5,"L'Art de l'éducation financière: Comprendre l’argent, investir avec assurance et atteindre l’indépendance financière.",Best Feminist Books
Hwee-rhak Park,https://www.goodreads.com/author/show/23418084.Hwee_rhak_Park,4.93,https://www.goodreads.com/book/show/251376106-20-questions-on-nuclear-north-korea,https://i.gr-assets.com/images/S/compressed.photo.goodreads.com/books/1776939168i/251376106._SY75_.jpg,4,20 Questions on Nuclear North Korea: 2026 Revision,Best Feminist Books
Jennifer Speidel,https://www.goodreads.com/author/show/69268901.Jennifer_Speidel,4.56,https://www.goodreads.com/book/show/249441593-lady-justice-and-the-sisterhood-of-the-crones,https://i.gr-assets.com/images/S/compressed.photo.goodreads.com/books/1772962479i/249441593._SX50_.jpg,4,Lady Justice and the Sisterhood of the Crones,Best Feminist Books
Brenda Mohammed,https://www.goodreads.com/author/show/20856694.Brenda_Mohammed,5,https://www.goodreads.com/book/show/231681249-memoirs-of-dr-andrew-moonir-khan,https://i.gr-assets.com/images/S/compressed.photo.goodreads.com/books/1760703540i/231681249._SX50_.jpg,5,Memoirs of Dr. Andrew Moonir Khan: Journey of an Educator,Best Feminist Books
Ruth Schwartz Cowan,https://www.goodreads.com/author/show/372941.Ruth_Schwartz_Cowan,4.07,https://www.goodreads.com/book/show/698373.More_Work_For_Mother,https://i.gr-assets.com/images/S/compressed.photo.goodreads.com/books/1348667336i/698373._SY75_.jpg,4,More Work For Mother: The Ironies Of Household Technology From The Open Hearth To The Microwave,Best Feminist Books
Harpie,https://www.goodreads.com/author/show/13853924.Harpie,3.71,https://www.goodreads.com/book/show/26226538-2003---thanks-for-the-vodka,https://i.gr-assets.com/images/S/compressed.photo.goodreads.com/books/1441393792i/26226538._SX50_.jpg,3,2003 - Thanks for the Vodka,Best Feminist Books
Amy Lou Jenkins,https://www.goodreads.com/author/show/3318712.Amy_Lou_Jenkins,3.68,https://www.goodreads.com/book/show/40231428-corners,https://i.gr-assets.com/images/S/compressed.photo.goodreads.com/books/1527705598i/40231428._SY75_.jpg,3,Corners: Voices on Change,Best Feminist Books
Angela Carter,https://www.goodreads.com/author/show/27500.Angela_Carter,4.1,https://www.goodreads.com/book/show/81021.Angela_Carter_s_Book_of_Fairy_Tales,https://i.gr-assets.com/images/S/compressed.photo.goodreads.com/books/1704226581i/81021._SY75_.jpg,4,Angela Carter's Book of Fairy Tales,Best Feminist Books
Anuradha Ghandy,https://www.goodreads.com/author/show/14124195.Anuradha_Ghandy,4.37,https://www.goodreads.com/book/show/33128290-philosophical-trends-in-the-feminist-movement,https://i.gr-assets.com/images/S/compressed.photo.goodreads.com/books/1752181735i/33128290._SY75_.jpg,4,Philosophical Trends in the Feminist Movement,Best Feminist Books
Sasha M. Stevens,https://www.goodreads.com/author/show/53227648.Sasha_M_Stevens,4.75,https://www.goodreads.com/book/show/221789139-the-peacock-s-legacy,https://i.gr-assets.com/images/S/compressed.photo.goodreads.com/books/1734596424i/221789139._SX50_.jpg,4,The Peacock's Legacy: A Victorian Saga of Triumph over Adversity,Best Feminist Books
David Fradin,https://www.goodreads.com/author/show/16171959.David_Fradin,4.93,https://www.goodreads.com/book/show/223035611-letters-from-my-hymie,https://i.gr-assets.com/images/S/compressed.photo.goodreads.com/books/1735341871i/223035611._SY75_.jpg,4,"Letters from My Hymie: A Little First-Person History of Immigration from Ukraine in 1914 to the New World, World War II, Disneyland, and Beyond",Best Feminist Books
Daniel Hurst,https://www.goodreads.com/author/show/14290064.Daniel_Hurst,4.02,https://www.goodreads.com/book/show/246317980-the-doctor,https://i.gr-assets.com/images/S/compressed.photo.goodreads.com/books/1768917311i/246317980._SY75_.jpg,4,"The Doctor (The Doctor's Wife, #5)",Best Feminist Books
James  Gilbert,https://www.goodreads.com/author/show/20420579.James_Gilbert,4.73,https://www.goodreads.com/book/show/217302992-reunion-by-the-lake,https://i.gr-assets.com/images/S/compressed.photo.goodreads.com/books/1723139346i/217302992._SY75_.jpg,4,Reunion by the Lake,Best Feminist Books
L.E. Harvey,https://www.goodreads.com/author/show/2769836.L_E_Harvey,4.33,https://www.goodreads.com/book/show/6064139-loving-her,https://i.gr-assets.com/images/S/compressed.photo.goodreads.com/books/1348637618i/6064139._SY75_.jpg,4,Loving Her,Best Feminist Books
Joanne  Smith,https://www.goodreads.com/author/show/8433403.Joanne_Smith,3.85,https://www.goodreads.com/book/show/8198461-hey-shorty,https://i.gr-assets.com/images/S/compressed.photo.goodreads.com/books/1328756041i/8198461._SX50_.jpg,3,"Hey, Shorty!: A Guide to Combating Sexual Harassment and Violence in Schools and on the Streets",Best Feminist Books
Catherine Blackledge,https://www.goodreads.com/author/show/207260.Catherine_Blackledge,3.86,https://www.goodreads.com/book/show/361984.The_Story_of_V_,https://i.gr-assets.com/images/S/compressed.photo.goodreads.com/books/1174100492i/361984._SY75_.jpg,3,The Story of V : Opening Pandora's Box,Best Feminist Books
Emer O'Toole,https://www.goodreads.com/author/show/10448959.Emer_O_Toole,4.2,https://www.goodreads.com/book/show/23699151-girls-will-be-girls,https://i.gr-assets.com/images/S/compressed.photo.goodreads.com/books/1417885641i/23699151._SY75_.jpg,4,"Girls Will Be Girls: Dressing Up, Playing Parts and Daring to Act Differently",Best Feminist Books
Harpie,https://www.goodreads.com/author/show/13853924.Harpie,4.68,https://www.goodreads.com/book/show/28489915-2004---thanks-for-the-vodka,https://i.gr-assets.com/images/S/compressed.photo.goodreads.com/books/1452292509i/28489915._SX50_.jpg,4,2004 - Thanks for the Vodka,Best Feminist Books
Jamie Le Fay,https://www.goodreads.com/author/show/8195049.Jamie_Le_Fay,3.5,https://www.goodreads.com/book/show/31943050-beginnings,https://i.gr-assets.com/images/S/compressed.photo.goodreads.com/books/1473622250i/31943050._SY75_.jpg,3,"Beginnings (Ahe'ey, #1)",Best Feminist Books
Erika Schelby,https://www.goodreads.com/author/show/5028722.Erika_Schelby,3.87,https://www.goodreads.com/book/show/35379170-looking-for-humboldt-searching-for-german-footprints-in-new-mexico-and,https://i.gr-assets.com/images/S/compressed.photo.goodreads.com/books/1497162948i/35379170._SY75_.jpg,3,Looking for Humboldt & Searching for German Footprints in New Mexico and Beyond,Best Feminist Books
Yvonne  Martinez,https://www.goodreads.com/author/show/56983101.Yvonne_Martinez,3.4,https://www.goodreads.com/book/show/227944672-scabmuggers,https://i.gr-assets.com/images/S/compressed.photo.goodreads.com/books/1739791832i/227944672._SY75_.jpg,3,Scabmuggers: A Novel,Best Feminist Books
Joseph A. Anderson,https://www.goodreads.com/author/show/60891527.Joseph_A_Anderson,4.4,https://www.goodreads.com/book/show/242834294-eden-2,https://i.gr-assets.com/images/S/compressed.photo.goodreads.com/books/1765794074i/242834294._SX50_.jpg,4,Eden 2:b (The Star Dreamers #1),Best Feminist Books
Phillip Kurata,https://www.goodreads.com/author/show/2398972.Phillip_Kurata,4.2,https://www.goodreads.com/book/show/223817456-the-israeli,https://i.gr-assets.com/images/S/compressed.photo.goodreads.com/books/1737424395i/223817456._SY75_.jpg,4,The Israeli: A Work of Historical Fiction,Best Feminist Books
A.N. Roquelaure,https://www.goodreads.com/author/show/437669.A_N_Roquelaure,3.63,https://www.goodreads.com/book/show/18750.Beauty_s_Punishment,https://i.gr-assets.com/images/S/compressed.photo.goodreads.com/books/1426861477i/18750._SY75_.jpg,3,"Beauty's Punishment (Sleeping Beauty, #2)",Best Feminist Books
Kelli Sullivan,https://www.goodreads.com/author/show/4495290.Kelli_Sullivan,3.86,https://www.goodreads.com/book/show/9838977-ice-in-my-veins,https://i.gr-assets.com/images/S/compressed.photo.goodreads.com/books/1292303746i/9838977._SX50_.jpg,3,Ice in My Veins,Best Feminist Books
Katha Pollitt,https://www.goodreads.com/author/show/84079.Katha_Pollitt,3.95,https://www.goodreads.com/book/show/372583.Reasonable_Creatures,https://i.gr-assets.com/images/S/compressed.photo.goodreads.com/books/1320433050i/372583._SY75_.jpg,3,Reasonable Creatures: Essays on Women and Feminism,Best Feminist Books
Federico Andahazi,https://www.goodreads.com/author/show/116834.Federico_Andahazi,3.64,https://www.goodreads.com/book/show/540871.The_Anatomist,https://i.gr-assets.com/images/S/compressed.photo.goodreads.com/books/1175639739i/540871._SY75_.jpg,3,The Anatomist,Best Feminist Books
Barbara Kingsolver,https://www.goodreads.com/author/show/3541.Barbara_Kingsolver,4.02,https://www.goodreads.com/book/show/30868.The_Bean_Trees,https://i.gr-assets.com/images/S/compressed.photo.goodreads.com/books/1443483961i/30868._SY75_.jpg,4,"The Bean Trees (Greer Family, #1)",Best Feminist Books
Kirsty Eagar,https://www.goodreads.com/author/show/3119823.Kirsty_Eagar,3.73,https://www.goodreads.com/book/show/26211610-summer-skin,https://i.gr-assets.com/images/S/compressed.photo.goodreads.com/books/1453873095i/26211610._SY75_.jpg,3,Summer Skin,Best Feminist Books
Frances Hardinge,https://www.goodreads.com/author/show/119830.Frances_Hardinge,3.83,https://www.goodreads.com/book/show/23592175-the-lie-tree,https://i.gr-assets.com/images/S/compressed.photo.goodreads.com/books/1423240440i/23592175._SY75_.jpg,3,The Lie Tree,Best Feminist Books
Maureen Joyce Connolly,https://www.goodreads.com/author/show/18343265.Maureen_Joyce_Connolly,3.85,https://www.goodreads.com/book/show/40645166-little-lovely-things,https://i.gr-assets.com/images/S/compressed.photo.goodreads.com/books/1535122949i/40645166._SX50_.jpg,3,Little Lovely Things,Best Feminist Books
Germaine Greer,https://www.goodreads.com/author/show/56667.Germaine_Greer,3.76,https://www.goodreads.com/book/show/1135191.Sex_and_Destiny,https://i.gr-assets.com/images/S/compressed.photo.goodreads.com/books/1214098311i/1135191._SY75_.jpg,3,Sex and Destiny: The Politics of Human Fertility,Best Feminist Books
Kathryn Joyce,https://www.goodreads.com/author/show/1459231.Kathryn_Joyce,3.78,https://www.goodreads.com/book/show/3464030-quiverfull,https://i.gr-assets.com/images/S/compressed.photo.goodreads.com/books/1320430103i/3464030._SY75_.jpg,3,Quiverfull: Inside the Christian Patriarchy Movement,Best Feminist Books
Julie Kagawa,https://www.goodreads.com/author/show/2995873.Julie_Kagawa,3.87,https://www.goodreads.com/book/show/6644117-the-iron-king,https://i.gr-assets.com/images/S/compressed.photo.goodreads.com/books/1327877670i/6644117._SY75_.jpg,3,"The Iron King (The Iron Fey, #1)",Best Feminist Books
Ayn Cates Sullivan,https://www.goodreads.com/author/show/6646907.Ayn_Cates_Sullivan,5,https://www.goodreads.com/book/show/231229411-mythic-adventures,https://i.gr-assets.com/images/S/compressed.photo.goodreads.com/books/1744235838i/231229411._SX50_.jpg,5,Mythic Adventures: Paintings & Poetry,Best Feminist Books
Liz Prince,https://www.goodreads.com/author/show/45388.Liz_Prince,3.9,https://www.goodreads.com/book/show/20256612-tomboy,https://i.gr-assets.com/images/S/compressed.photo.goodreads.com/books/1395769985i/20256612._SX50_.jpg,3,Tomboy: A Graphic Memoir,Best Feminist Books
Felicia Day,https://www.goodreads.com/author/show/3440476.Felicia_Day,4.07,https://www.goodreads.com/book/show/23705512-you-re-never-weird-on-the-internet,https://i.gr-assets.com/images/S/compressed.photo.goodreads.com/books/1440565049i/23705512._SY75_.jpg,4,You're Never Weird on the Internet,Best Feminist Books
Kij Johnson,https://www.goodreads.com/author/show/110153.Kij_Johnson,3.85,https://www.goodreads.com/book/show/29635545-the-dream-quest-of-vellitt-boe,https://i.gr-assets.com/images/S/compressed.photo.goodreads.com/books/1460207637i/29635545._SY75_.jpg,3,The Dream-Quest of Vellitt Boe,Best Feminist Books
Robin DiAngelo,https://www.goodreads.com/author/show/5283261.Robin_DiAngelo,4.16,https://www.goodreads.com/book/show/43708708-white-fragility,https://i.gr-assets.com/images/S/compressed.photo.goodreads.com/books/1614966481i/43708708._SX50_.jpg,4,White Fragility: Why It's So Hard for White People to Talk About Racism,Best Feminist Books
Maria Semple,https://www.goodreads.com/author/show/1588088.Maria_Semple,3.87,https://www.goodreads.com/book/show/13526165-where-d-you-go-bernadette,https://i.gr-assets.com/images/S/compressed.photo.goodreads.com/books/1338822317i/13526165._SY75_.jpg,3,"Where'd You Go, Bernadette",Best Feminist Books
Herb  Cohen,https://www.goodreads.com/author/show/61614282.Herb_Cohen,5,https://www.goodreads.com/book/show/237290660-unveiled,https://i.gr-assets.com/images/S/compressed.photo.goodreads.com/books/1750904621i/237290660._SY75_.jpg,5,Unveiled: A Journey to Soul Realization,Best Feminist Books
Christopher Paolini,https://www.goodreads.com/author/show/8349.Christopher_Paolini,4.17,https://www.goodreads.com/book/show/7664041-inheritance,https://i.gr-assets.com/images/S/compressed.photo.goodreads.com/books/1390886502i/7664041._SX50_.jpg,4,"Inheritance (The Inheritance Cycle, #4)",Best Feminist Books
Susan Ee,https://www.goodreads.com/author/show/4890182.Susan_Ee,4.13,https://www.goodreads.com/book/show/17849112-world-after,https://i.gr-assets.com/images/S/compressed.photo.goodreads.com/books/1423238855i/17849112._SX50_.jpg,4,"World After (Penryn & the End of Days, #2)",Best Feminist Books
Zoe  Quinn,https://www.goodreads.com/author/show/14242480.Zoe_Quinn,4.08,https://www.goodreads.com/book/show/28251812-crash-override,https://i.gr-assets.com/images/S/compressed.photo.goodreads.com/books/1491330884i/28251812._SY75_.jpg,4,"Crash Override: How Gamergate (Nearly) Destroyed My Life, and How We Can Win the Fight Against Online Hate",Best Feminist Books
Amanda Montell,https://www.goodreads.com/author/show/18005649.Amanda_Montell,4.22,https://www.goodreads.com/book/show/41716694-wordslut,https://i.gr-assets.com/images/S/compressed.photo.goodreads.com/books/1547581692i/41716694._SY75_.jpg,4,Wordslut: A Feminist Guide to Taking Back the English Language,Best Feminist Books
Wendy Shalit,https://www.goodreads.com/author/show/32113.Wendy_Shalit,3.63,https://www.goodreads.com/book/show/282552.Girls_Gone_Mild,https://i.gr-assets.com/images/S/compressed.photo.goodreads.com/books/1320446663i/282552._SY75_.jpg,3,Girls Gone Mild: Young Women Reclaim Self-Respect and Find It's Not Bad to Be Good,Best Feminist Books
Debran Rowland,https://www.goodreads.com/author/show/341194.Debran_Rowland,4.14,https://www.goodreads.com/book/show/631837.The_Boundaries_of_Her_Body,https://i.gr-assets.com/images/S/compressed.photo.goodreads.com/books/1176504153i/631837._SX50_.jpg,4,The Boundaries of Her Body: A Shocking History of Women's Rights in America,Best Feminist Books
Incite! Women of Color Against Violence,https://www.goodreads.com/author/show/230721.Incite_Women_of_Color_Against_Violence,4.28,https://www.goodreads.com/book/show/407267.The_Revolution_Will_Not_Be_Funded,https://i.gr-assets.com/images/S/compressed.photo.goodreads.com/books/1328770093i/407267._SY75_.jpg,4,The Revolution Will Not Be Funded: Beyond the Non-Profit Industrial Complex,Best Feminist Books
Loretta J. Ross,https://www.goodreads.com/author/show/8610877.Loretta_J_Ross,4.35,https://www.goodreads.com/book/show/419260.Undivided_Rights,https://i.gr-assets.com/images/S/compressed.photo.goodreads.com/books/1328770079i/419260._SY75_.jpg,4,Undivided Rights: Women Of Color Organize For Reproductive Justice,Best Feminist Books
Mimi Marinucci,https://www.goodreads.com/author/show/4158935.Mimi_Marinucci,3.99,https://www.goodreads.com/book/show/8721813-feminism-is-queer,https://i.gr-assets.com/images/S/compressed.photo.goodreads.com/books/1317795249i/8721813._SY75_.jpg,3,Feminism is Queer: The Intimate Connection Between Queer and Feminist Theory,Best Feminist Books
Nnedi Okorafor,https://www.goodreads.com/author/show/588356.Nnedi_Okorafor,3.93,https://www.goodreads.com/book/show/7767021-who-fears-death,https://i.gr-assets.com/images/S/compressed.photo.goodreads.com/books/1348469489i/7767021._SX50_.jpg,3,Who Fears Death,Best Feminist Books
Robin McKinley,https://www.goodreads.com/author/show/5339.Robin_McKinley,4.2,https://www.goodreads.com/book/show/407813.The_Blue_Sword,https://i.gr-assets.com/images/S/compressed.photo.goodreads.com/books/1563198223i/407813._SY75_.jpg,4,"The Blue Sword (Damar, #1)",Best Feminist Books
Alexandra Bracken,https://www.goodreads.com/author/show/2973783.Alexandra_Bracken,4.15,https://www.goodreads.com/book/show/10576365-the-darkest-minds,https://i.gr-assets.com/images/S/compressed.photo.goodreads.com/books/1343178841i/10576365._SY75_.jpg,4,"The Darkest Minds (The Darkest Minds, #1)",Best Feminist Books
Susan Ee,https://www.goodreads.com/author/show/4890182.Susan_Ee,4.1,https://www.goodreads.com/book/show/15863832-angelfall,https://i.gr-assets.com/images/S/compressed.photo.goodreads.com/books/1464206558i/15863832._SY75_.jpg,4,"Angelfall (Penryn & the End of Days, #1)",Best Feminist Books
Julie Bindel,https://www.goodreads.com/author/show/1439971.Julie_Bindel,4.06,https://www.goodreads.com/book/show/34428143-the-pimping-of-prostitution,https://i.gr-assets.com/images/S/compressed.photo.goodreads.com/books/1491403947i/34428143._SX50_.jpg,4,The Pimping of Prostitution: Abolishing the Sex Work Myth,Best Feminist Books
Lyn Webster Wilde,https://www.goodreads.com/author/show/363222.Lyn_Webster_Wilde,3.19,https://www.goodreads.com/book/show/29474246-a-brief-history-of-the-amazons,https://i.gr-assets.com/images/S/compressed.photo.goodreads.com/books/1457576748i/29474246._SY75_.jpg,3,A Brief History of the Amazons: Women Warriors in Myth and History,Best Feminist Books
Rebecca  Walker,https://www.goodreads.com/author/show/49532.Rebecca_Walker,3.84,https://www.goodreads.com/book/show/86489.To_Be_Real,https://i.gr-assets.com/images/S/compressed.photo.goodreads.com/books/1403183396i/86489._SY75_.jpg,3,To Be Real: Telling the Truth and Changing the Face of Feminism,Best Feminist Books
Hannah  Rubenstein,https://www.goodreads.com/author/show/15650347.Hannah_Rubenstein,4.13,https://www.goodreads.com/book/show/31550085-wedlocked,https://i.gr-assets.com/images/S/compressed.photo.goodreads.com/books/1471488724i/31550085._SY75_.jpg,4,WEDLOCKED: A Story of Forced Marriage,Best Feminist Books
Ki Longfellow,https://www.goodreads.com/author/show/286014.Ki_Longfellow,3.84,https://www.goodreads.com/book/show/11324204-houdini-heart,https://i.gr-assets.com/images/S/compressed.photo.goodreads.com/books/1510418043i/11324204._SY75_.jpg,3,Houdini Heart,Best Feminist Books
Ronald Hutton,https://www.goodreads.com/author/show/128353.Ronald_Hutton,3.62,https://www.goodreads.com/book/show/34324501-the-witch,https://i.gr-assets.com/images/S/compressed.photo.goodreads.com/books/1497092904i/34324501._SX50_.jpg,3,"The Witch: A History of Fear, from Ancient Times to the Present",Best Feminist Books
Maggie Nelson,https://www.goodreads.com/author/show/58605.Maggie_Nelson,4.01,https://www.goodreads.com/book/show/22929741-the-argonauts,https://i.gr-assets.com/images/S/compressed.photo.goodreads.com/books/1410981835i/22929741._SX50_.jpg,4,The Argonauts,Best Feminist Books
Marilyn Frye,https://www.goodreads.com/author/show/103082.Marilyn_Frye,4.16,https://www.goodreads.com/book/show/176883.The_Politics_of_Reality,https://i.gr-assets.com/images/S/compressed.photo.goodreads.com/books/1347456529i/176883._SY75_.jpg,4,The Politics of Reality: Essays in Feminist Theory,Best Feminist Books
Justine Cassell,https://www.goodreads.com/author/show/2031484.Justine_Cassell,3.76,https://www.goodreads.com/book/show/1072970.From_Barbie_to_Mortal_Kombat,https://i.gr-assets.com/images/S/compressed.photo.goodreads.com/books/1180748625i/1072970._SX50_.jpg,3,From Barbie to Mortal Kombat: Gender and Computer Games,Best Feminist Books
Nikki van der Gaag,https://www.goodreads.com/author/show/345551.Nikki_van_der_Gaag,4.21,https://www.goodreads.com/book/show/30897394-nononsense-feminism,https://i.gr-assets.com/images/S/compressed.photo.goodreads.com/books/1487809798i/30897394._SY75_.jpg,4,NoNonsense Feminism: Alive and Kicking,Best Feminist Books
Victoria Smith,https://www.goodreads.com/author/show/17049526.Victoria_Smith,3.44,https://www.goodreads.com/book/show/61086853-hags,https://i.gr-assets.com/images/S/compressed.photo.goodreads.com/books/1666575489i/61086853._SY75_.jpg,3,Hags: The Demonisation of Middle-Aged Women,Best Feminist Books
Belinda Olsson,https://www.goodreads.com/author/show/1352649.Belinda_Olsson,3.68,https://www.goodreads.com/book/show/3176847-pilluparvi,https://i.gr-assets.com/images/S/compressed.photo.goodreads.com/books/1207667973i/3176847._SY75_.jpg,3,Pilluparvi,Best Feminist Books
HeatherAsh Amara,https://www.goodreads.com/author/show/4441501.HeatherAsh_Amara,4.03,https://www.goodreads.com/book/show/21544940-warrior-goddess-training,https://i.gr-assets.com/images/S/compressed.photo.goodreads.com/books/1410107961i/21544940._SY75_.jpg,4,Warrior Goddess Training: Become the Woman You Are Meant to Be,Best Feminist Books
Annie Ernaux,https://www.goodreads.com/author/show/56176.Annie_Ernaux,3.89,https://www.goodreads.com/book/show/29750989-m-moire-de-fille,https://i.gr-assets.com/images/S/compressed.photo.goodreads.com/books/1459461763i/29750989._SX50_.jpg,3,Mémoire de fille,Best Feminist Books
Rosemary Radford Ruether,https://www.goodreads.com/author/show/89884.Rosemary_Radford_Ruether,4.06,https://www.goodreads.com/book/show/367714.Sexism_and_God_Talk,https://i.gr-assets.com/images/S/compressed.photo.goodreads.com/books/1388290667i/367714._SY75_.jpg,4,Sexism and God Talk: Toward a Feminist Theology,Best Feminist Books
Colette Dowling,https://www.goodreads.com/author/show/88690.Colette_Dowling,3.79,https://www.goodreads.com/book/show/153378.The_Cinderella_Complex,https://i.gr-assets.com/images/S/compressed.photo.goodreads.com/books/1387744512i/153378._SY75_.jpg,3,The Cinderella Complex: Women's Hidden Fear of Independence,Best Feminist Books
Harriet Beecher Stowe,https://www.goodreads.com/author/show/26242.Harriet_Beecher_Stowe,3.92,https://www.goodreads.com/book/show/46787.Uncle_Tom_s_Cabin,https://i.gr-assets.com/images/S/compressed.photo.goodreads.com/books/1414349231i/46787._SY75_.jpg,3,Uncle Tom’s Cabin,Best Feminist Books
Adrien Katherine Wing,https://www.goodreads.com/author/show/238681.Adrien_Katherine_Wing,4.5,https://www.goodreads.com/book/show/423213.Critical_Race_Feminism,https://i.gr-assets.com/images/S/compressed.photo.goodreads.com/books/1417982882i/423213._SX50_.jpg,4,Critical Race Feminism: A Reader,Best Feminist Books
Margaret Cho,https://www.goodreads.com/author/show/15949.Margaret_Cho,3.68,https://www.goodreads.com/book/show/28356.I_m_the_One_That_I_Want,https://i.gr-assets.com/images/S/compressed.photo.goodreads.com/books/1389285841i/28356._SX50_.jpg,3,I'm the One That I Want,Best Feminist Books
Lily King,https://www.goodreads.com/author/show/117786.Lily_King,3.87,https://www.goodreads.com/book/show/18467802-euphoria,https://i.gr-assets.com/images/S/compressed.photo.goodreads.com/books/1418788366i/18467802._SY75_.jpg,3,Euphoria,Best Feminist Books
David Ebershoff,https://www.goodreads.com/author/show/49229.David_Ebershoff,3.65,https://www.goodreads.com/book/show/2586771-the-19th-wife,https://i.gr-assets.com/images/S/compressed.photo.goodreads.com/books/1255632165i/2586771._SY75_.jpg,3,The 19th Wife,Best Feminist Books
Alison Kafer,https://www.goodreads.com/author/show/4412686.Alison_Kafer,4.38,https://www.goodreads.com/book/show/16217547-feminist-queer-crip,https://i.gr-assets.com/images/S/compressed.photo.goodreads.com/books/1354544661i/16217547._SY75_.jpg,4,"Feminist, Queer, Crip",Best Feminist Books
Yuval Noah Harari,https://www.goodreads.com/author/show/395812.Yuval_Noah_Harari,4.33,https://www.goodreads.com/book/show/23692271-sapiens,https://i.gr-assets.com/images/S/compressed.photo.goodreads.com/books/1703329310i/23692271._SY75_.jpg,4,Sapiens: A Brief History of Humankind,Best Feminist Books
Patty Blount,https://www.goodreads.com/author/show/5344531.Patty_Blount,4.05,https://www.goodreads.com/book/show/18509683-some-boys,https://i.gr-assets.com/images/S/compressed.photo.goodreads.com/books/1397596614i/18509683._SX50_.jpg,4,Some Boys,Best Feminist Books
Gabrielle Korn,https://www.goodreads.com/author/show/29830802.Gabrielle_Korn,4.19,https://www.goodreads.com/book/show/240019834-long-island-girls,https://i.gr-assets.com/images/S/compressed.photo.goodreads.com/books/1754915548i/240019834._SY75_.jpg,4,Long Island Girls,Best Feminist Books
Alice Fulton,https://www.goodreads.com/author/show/179907.Alice_Fulton,3.56,https://www.goodreads.com/book/show/2829442-the-nightingales-of-troy,https://i.gr-assets.com/images/S/compressed.photo.goodreads.com/books/1348936805i/2829442._SY75_.jpg,3,The Nightingales of Troy: Connected Stories,Best Feminist Books
Elena Ferrante,https://www.goodreads.com/author/show/44085.Elena_Ferrante,4.36,https://www.goodreads.com/book/show/23156040-those-who-leave-and-those-who-stay,https://i.gr-assets.com/images/S/compressed.photo.goodreads.com/books/1411338052i/23156040._SY75_.jpg,4,"Those Who Leave and Those Who Stay (Neapolitan Novels, #3)",Best Feminist Books
Elisabeth Badinter,https://www.goodreads.com/author/show/29871957.Elisabeth_Badinter,3.36,https://www.goodreads.com/book/show/792867.Dead_End_Feminism,https://i.gr-assets.com/images/S/compressed.photo.goodreads.com/books/1348060284i/792867._SY75_.jpg,3,Dead End Feminism,Best Feminist Books
Anne Sexton,https://www.goodreads.com/author/show/26814.Anne_Sexton,4.27,https://www.goodreads.com/book/show/607220.Poetry_of_Anne_Sexton,https://i.gr-assets.com/images/S/compressed.photo.goodreads.com/nophoto/book/111x148._SX50_.png,4,Poetry of Anne Sexton,Best Feminist Books
Toni Morrison,https://www.goodreads.com/author/show/3534.Toni_Morrison,3.78,https://www.goodreads.com/book/show/23602473-god-help-the-child,https://i.gr-assets.com/images/S/compressed.photo.goodreads.com/books/1463008449i/23602473._SY75_.jpg,3,God Help the Child,Best Feminist Books
Jean Shinoda Bolen,https://www.goodreads.com/author/show/49000.Jean_Shinoda_Bolen,4.13,https://www.goodreads.com/book/show/18695290-goddesses-in-everywoman,https://i.gr-assets.com/images/S/compressed.photo.goodreads.com/books/1403186582i/18695290._SX50_.jpg,4,Goddesses in Everywoman: Powerful Archetypes in Women's Lives,Best Feminist Books
Abi Ketner,https://www.goodreads.com/author/show/6948816.Abi_Ketner,3.79,https://www.goodreads.com/book/show/17402117-branded,https://i.gr-assets.com/images/S/compressed.photo.goodreads.com/books/1366662015i/17402117._SX50_.jpg,3,"Branded (Sinners, #1)",Best Feminist Books
Delia Owens,https://www.goodreads.com/author/show/7043934.Delia_Owens,4.37,https://www.goodreads.com/book/show/37703550-where-the-crawdads-sing,https://i.gr-assets.com/images/S/compressed.photo.goodreads.com/books/1563462890i/37703550._SY75_.jpg,4,Where the Crawdads Sing,Best Feminist Books
Miranda Kiraly,https://www.goodreads.com/author/show/13711098.Miranda_Kiraly,4.1,https://www.goodreads.com/book/show/25218885-freedom-fallacy,https://i.gr-assets.com/images/S/compressed.photo.goodreads.com/books/1427317106i/25218885._SX50_.jpg,4,Freedom Fallacy: The Limits of Liberal Feminism,Best Feminist Books
Chimamanda Ngozi Adichie,https://www.goodreads.com/author/show/19992417.Chimamanda_Ngozi_Adichie,4.34,https://www.goodreads.com/book/show/18749.Half_of_a_Yellow_Sun,https://i.gr-assets.com/images/S/compressed.photo.goodreads.com/books/1327934717i/18749._SX50_.jpg,4,Half of a Yellow Sun,Best Feminist Books
Pat Barker,https://www.goodreads.com/author/show/4000.Pat_Barker,3.89,https://www.goodreads.com/book/show/37969723-the-silence-of-the-girls,https://i.gr-assets.com/images/S/compressed.photo.goodreads.com/books/1519448688i/37969723._SY75_.jpg,3,"The Silence of the Girls (Women of Troy, #1)",Best Feminist Books
Gabriella Gutiérrez y Muhs,https://www.goodreads.com/author/show/4147087.Gabriella_Guti_rrez_y_Muhs,4.52,https://www.goodreads.com/book/show/16072506-presumed-incompetent,https://i.gr-assets.com/images/S/compressed.photo.goodreads.com/books/1352204555i/16072506._SX50_.jpg,4,Presumed Incompetent: The Intersections of Race and Class for Women in Academia,Best Feminist Books
Marie Lu,https://www.goodreads.com/author/show/4342215.Marie_Lu,4.15,https://www.goodreads.com/book/show/9275658-legend,https://i.gr-assets.com/images/S/compressed.photo.goodreads.com/books/1501368160i/9275658._SY75_.jpg,4,"Legend (Legend, #1)",Best Feminist Books
Peggy Orenstein,https://www.goodreads.com/author/show/15569.Peggy_Orenstein,4.07,https://www.goodreads.com/book/show/25816707-girls-sex,https://i.gr-assets.com/images/S/compressed.photo.goodreads.com/books/1443493024i/25816707._SY75_.jpg,4,Girls & Sex: Navigating the Complicated New Landscape,Best Feminist Books
Camille Paglia,https://www.goodreads.com/author/show/10733.Camille_Paglia,3.7,https://www.goodreads.com/book/show/102894.Sex_Art_and_American_Culture,https://i.gr-assets.com/images/S/compressed.photo.goodreads.com/books/1320565141i/102894._SY75_.jpg,3,"Sex, Art, and American Culture: Essays",Best Feminist Books
Naomi Wolf,https://www.goodreads.com/author/show/22393.Naomi_Wolf,3.76,https://www.goodreads.com/book/show/102359.Misconceptions,https://i.gr-assets.com/images/S/compressed.photo.goodreads.com/books/1320492112i/102359._SY75_.jpg,3,"Misconceptions: Truth, Lies, and the Unexpected on the Journey to Motherhood",Best Feminist Books
Fatema Mernissi,https://www.goodreads.com/author/show/2792382.Fatema_Mernissi,3.92,https://www.goodreads.com/book/show/177335.Dreams_of_Trespass,https://i.gr-assets.com/images/S/compressed.photo.goodreads.com/books/1349011875i/177335._SY75_.jpg,3,Dreams of Trespass: Tales of a Harem Girlhood,Best Feminist Books
Leonard Shlain,https://www.goodreads.com/author/show/58133.Leonard_Shlain,4.16,https://www.goodreads.com/book/show/455992.The_Alphabet_Versus_the_Goddess,https://i.gr-assets.com/images/S/compressed.photo.goodreads.com/books/1348440082i/455992._SY75_.jpg,4,The Alphabet Versus the Goddess: The Conflict Between Word and Image,Best Feminist Books
Jennifer L. Armentrout,https://www.goodreads.com/author/show/4476934.Jennifer_L_Armentrout,4.23,https://www.goodreads.com/book/show/13362536-opal,https://i.gr-assets.com/images/S/compressed.photo.goodreads.com/books/1553011318i/13362536._SY75_.jpg,4,"Opal (Lux, #3)",Best Feminist Books
Matthew Quick,https://www.goodreads.com/author/show/1251730.Matthew_Quick,3.87,https://www.goodreads.com/book/show/13477676-forgive-me-leonard-peacock,https://i.gr-assets.com/images/S/compressed.photo.goodreads.com/books/1370282544i/13477676._SY75_.jpg,3,"Forgive Me, Leonard Peacock",Best Feminist Books
Patricia Hill Collins,https://www.goodreads.com/author/show/33867.Patricia_Hill_Collins,4.07,https://www.goodreads.com/book/show/27285564-intersectionality,https://i.gr-assets.com/images/S/compressed.photo.goodreads.com/books/1491001948i/27285564._SY75_.jpg,4,Intersectionality,Best Feminist Books
Susan Bordo,https://www.goodreads.com/author/show/44779.Susan_Bordo,3.9,https://www.goodreads.com/book/show/210862.The_Male_Body,https://i.gr-assets.com/images/S/compressed.photo.goodreads.com/books/1316729674i/210862._SY75_.jpg,3,The Male Body: A New Look at Men in Public and in Private,Best Feminist Books
Ninni Holmqvist,https://www.goodreads.com/author/show/1232086.Ninni_Holmqvist,3.75,https://www.goodreads.com/book/show/5730888-the-unit,https://i.gr-assets.com/images/S/compressed.photo.goodreads.com/books/1320530547i/5730888._SY75_.jpg,3,The Unit,Best Feminist Books
Ursula K. Le Guin,https://www.goodreads.com/author/show/874602.Ursula_K_Le_Guin,4.26,https://www.goodreads.com/book/show/13651.The_Dispossessed,https://i.gr-assets.com/images/S/compressed.photo.goodreads.com/books/1353467455i/13651._SY75_.jpg,4,The Dispossessed: An Ambiguous Utopia,Best Feminist Books
Ami McKay,https://www.goodreads.com/author/show/99709.Ami_McKay,4.04,https://www.goodreads.com/book/show/171102.The_Birth_House,https://i.gr-assets.com/images/S/compressed.photo.goodreads.com/books/1172385530i/171102._SX50_.jpg,4,The Birth House,Best Feminist Books
Catherine Belsey,https://www.goodreads.com/author/show/270160.Catherine_Belsey,3.45,https://www.goodreads.com/book/show/4028390-the-feminist-reader,https://i.gr-assets.com/images/S/compressed.photo.goodreads.com/nophoto/book/111x148._SX50_.png,3,The Feminist Reader: Essays in Gender and the Politics of Literary Theory,Best Feminist Books
Judith Lewis Herman,https://www.goodreads.com/author/show/44171.Judith_Lewis_Herman,4.4,https://www.goodreads.com/book/show/1772674.Trauma_And_Recovery,https://i.gr-assets.com/images/S/compressed.photo.goodreads.com/books/1188054217i/1772674.jpg,4,Trauma And Recovery: The Aftermath Of Violence--from Domestic Abuse To Political Terror,Best Feminist Books
Nancy Friday,https://www.goodreads.com/author/show/2042.Nancy_Friday,3.71,https://www.goodreads.com/book/show/182689.The_Power_of_Beauty,https://i.gr-assets.com/images/S/compressed.photo.goodreads.com/books/1391732279i/182689._SY75_.jpg,3,The Power of Beauty,Best Feminist Books
Zadie Smith,https://www.goodreads.com/author/show/2522.Zadie_Smith,3.56,https://www.goodreads.com/book/show/28390369-swing-time,https://i.gr-assets.com/images/S/compressed.photo.goodreads.com/books/1514344635i/28390369._SY75_.jpg,3,Swing Time,Best Feminist Books
Angela Y. Davis,https://www.goodreads.com/author/show/5863103.Angela_Y_Davis,4.44,https://www.goodreads.com/book/show/25330108-freedom-is-a-constant-struggle,https://i.gr-assets.com/images/S/compressed.photo.goodreads.com/books/1447140494i/25330108._SY75_.jpg,4,"Freedom is a Constant Struggle: Ferguson, Palestine and the Foundations of a Movement",Best Feminist Books
Christa Wolf,https://www.goodreads.com/author/show/61946.Christa_Wolf,3.87,https://www.goodreads.com/book/show/17329126-cassandra,https://i.gr-assets.com/images/S/compressed.photo.goodreads.com/books/1394321530i/17329126._SY75_.jpg,3,Cassandra,Best Feminist Books
Alix Olson,https://www.goodreads.com/author/show/56618.Alix_Olson,4.2,https://www.goodreads.com/book/show/661722.Word_Warriors,https://i.gr-assets.com/images/S/compressed.photo.goodreads.com/books/1328746809i/661722._SX50_.jpg,4,Word Warriors,Best Feminist Books
Murasaki Shikibu,https://www.goodreads.com/author/show/4739.Murasaki_Shikibu,3.72,https://www.goodreads.com/book/show/7309031-the-tale-of-genji,https://i.gr-assets.com/images/S/compressed.photo.goodreads.com/books/1364138519i/7309031._SY75_.jpg,3,The Tale of Genji,Best Feminist Books
Jo Knowles,https://www.goodreads.com/author/show/253326.Jo_Knowles,3.84,https://www.goodreads.com/book/show/451220.Lessons_from_a_Dead_Girl,https://i.gr-assets.com/images/S/compressed.photo.goodreads.com/books/1320474341i/451220._SX50_.jpg,3,Lessons from a Dead Girl,Best Feminist Books
Maureen Murdock,https://www.goodreads.com/author/show/117363.Maureen_Murdock,3.9,https://www.goodreads.com/book/show/19375673-the-heroine-s-journey,https://i.gr-assets.com/images/S/compressed.photo.goodreads.com/books/1386776349i/19375673._SY75_.jpg,3,The Heroine's Journey: Woman's Quest for Wholeness,Best Feminist Books
Ruth Ozeki,https://www.goodreads.com/author/show/7825.Ruth_Ozeki,4.06,https://www.goodreads.com/book/show/15811545-a-tale-for-the-time-being,https://i.gr-assets.com/images/S/compressed.photo.goodreads.com/books/1613060369i/15811545._SY75_.jpg,4,A Tale for the Time Being,Best Feminist Books
Patricia  Miller,https://www.goodreads.com/author/show/8136362.Patricia_Miller,4,https://www.goodreads.com/book/show/35259565-bringing-down-the-colonel,https://i.gr-assets.com/images/S/compressed.photo.goodreads.com/books/1523741128i/35259565._SY75_.jpg,4,"Bringing Down the Colonel: A Sex Scandal of the Gilded Age, and the ""Powerless"" Woman Who Took on Washington",Best Feminist Books
Caroline Criado Pérez,https://www.goodreads.com/author/show/19637490.Caroline_Criado_P_rez,4.18,https://www.goodreads.com/book/show/23206108-do-it-like-a-woman-and-change-the-world,https://i.gr-assets.com/images/S/compressed.photo.goodreads.com/books/1433498347i/23206108._SY75_.jpg,4,Do It Like a Woman... and Change the World,Best Feminist Books
Élisabeth Badinter,https://www.goodreads.com/author/show/415767._lisabeth_Badinter,3.49,https://www.goodreads.com/book/show/12016323-the-conflict,https://i.gr-assets.com/images/S/compressed.photo.goodreads.com/books/1317793920i/12016323._SX50_.jpg,3,The Conflict: How Modern Motherhood Undermines the Status of Women,Best Feminist Books
Jamie Le Fay,https://www.goodreads.com/author/show/8195049.Jamie_Le_Fay,3.9,https://www.goodreads.com/book/show/22062838-ange-el,https://i.gr-assets.com/images/S/compressed.photo.goodreads.com/books/1399785577i/22062838._SX50_.jpg,3,Ange'el,Best Feminist Books
Jean Shinoda Bolen,https://www.goodreads.com/author/show/49000.Jean_Shinoda_Bolen,4.06,https://www.goodreads.com/book/show/226520.Goddesses_in_Older_Women,https://i.gr-assets.com/images/S/compressed.photo.goodreads.com/books/1395430091i/226520._SY75_.jpg,4,Goddesses in Older Women,Best Feminist Books
Caitlin Kunkel,https://www.goodreads.com/author/show/18073195.Caitlin_Kunkel,3.96,https://www.goodreads.com/book/show/40965605-new-erotica-for-feminists,https://i.gr-assets.com/images/S/compressed.photo.goodreads.com/books/1532768784i/40965605._SX50_.jpg,3,"New Erotica for Feminists: Satirical Fantasies of Love, Lust, and Equal Pay",Best Feminist Books
Joan D. Vinge,https://www.goodreads.com/author/show/32279.Joan_D_Vinge,3.94,https://www.goodreads.com/book/show/535402.The_Snow_Queen,https://i.gr-assets.com/images/S/compressed.photo.goodreads.com/books/1314048182i/535402._SY75_.jpg,3,The Snow Queen,Best Feminist Books
Shiri Eisner,https://www.goodreads.com/author/show/6550746.Shiri_Eisner,3.79,https://www.goodreads.com/book/show/16073046-bi,https://i.gr-assets.com/images/S/compressed.photo.goodreads.com/books/1350395921i/16073046._SX50_.jpg,3,Bi: Notes for a Bisexual Revolution,Best Feminist Books
Margaret Atwood,https://www.goodreads.com/author/show/3472.Margaret_Atwood,3.68,https://www.goodreads.com/book/show/47122.Lady_Oracle,https://i.gr-assets.com/images/S/compressed.photo.goodreads.com/books/1388432970i/47122._SY75_.jpg,3,Lady Oracle,Best Feminist Books
Alina Klein,https://www.goodreads.com/author/show/3854021.Alina_Klein,3.99,https://www.goodreads.com/book/show/13630495-rape-girl,https://i.gr-assets.com/images/S/compressed.photo.goodreads.com/books/1336074981i/13630495._SY75_.jpg,3,Rape Girl,Best Feminist Books
Leymah Gbowee,https://www.goodreads.com/author/show/4937871.Leymah_Gbowee,4.16,https://www.goodreads.com/book/show/12343998-mighty-be-our-powers,https://i.gr-assets.com/images/S/compressed.photo.goodreads.com/books/1327978815i/12343998._SY75_.jpg,4,"Mighty Be Our Powers: How Sisterhood, Prayer, and Sex Changed a Nation at War",Best Feminist Books
Buchi Emecheta,https://www.goodreads.com/author/show/86920.Buchi_Emecheta,4.22,https://www.goodreads.com/book/show/210722.The_Joys_of_Motherhood,https://i.gr-assets.com/images/S/compressed.photo.goodreads.com/books/1708114164i/210722._SY75_.jpg,4,The Joys of Motherhood,Best Feminist Books
Libba Bray,https://www.goodreads.com/author/show/2526.Libba_Bray,3.94,https://www.goodreads.com/book/show/51428.Rebel_Angels,https://i.gr-assets.com/images/S/compressed.photo.goodreads.com/books/1333820283i/51428._SX50_.jpg,3,"Rebel Angels (Gemma Doyle, #2)",Best Feminist Books
Ijeoma Oluo,https://www.goodreads.com/author/show/14408819.Ijeoma_Oluo,4.48,https://www.goodreads.com/book/show/35099718-so-you-want-to-talk-about-race,https://i.gr-assets.com/images/S/compressed.photo.goodreads.com/books/1499224833i/35099718._SX50_.jpg,4,So You Want to Talk About Race,Best Feminist Books
Élisabeth Badinter,https://www.goodreads.com/author/show/415767._lisabeth_Badinter,4.18,https://www.goodreads.com/book/show/724298.Mother_Love,https://i.gr-assets.com/images/S/compressed.photo.goodreads.com/books/1414082192i/724298._SY75_.jpg,4,Mother Love: Myth and Reality. Motherhood in Modern History,Best Feminist Books
Lynn Peril,https://www.goodreads.com/author/show/49608.Lynn_Peril,4,https://www.goodreads.com/book/show/86637.Pink_Think,https://i.gr-assets.com/images/S/compressed.photo.goodreads.com/books/1348016740i/86637._SX50_.jpg,4,Pink Think: Becoming a Woman in Many Uneasy Lessons,Best Feminist Books
Florence  Williams,https://www.goodreads.com/author/show/5824043.Florence_Williams,3.84,https://www.goodreads.com/book/show/13418346-breasts,https://i.gr-assets.com/images/S/compressed.photo.goodreads.com/books/1347905367i/13418346._SY75_.jpg,3,Breasts: A Natural and Unnatural History,Best Feminist Books
Leta Hong Fincher,https://www.goodreads.com/author/show/7512648.Leta_Hong_Fincher,4.16,https://www.goodreads.com/book/show/37861785-betraying-big-brother,https://i.gr-assets.com/images/S/compressed.photo.goodreads.com/books/1519454896i/37861785._SY75_.jpg,4,Betraying Big Brother: The Feminist Awakening in China,Best Feminist Books
Mary Field Belenky,https://www.goodreads.com/author/show/97062.Mary_Field_Belenky,4.07,https://www.goodreads.com/book/show/139850.Women_s_Ways_of_Knowing,https://i.gr-assets.com/images/S/compressed.photo.goodreads.com/books/1347455607i/139850._SY75_.jpg,4,"Women's Ways of Knowing: The Development of Self, Voice, and Mind",Best Feminist Books
Sarah Weddington,https://www.goodreads.com/author/show/202826.Sarah_Weddington,4.18,https://www.goodreads.com/book/show/353650.A_Question_of_Choice,https://i.gr-assets.com/images/S/compressed.photo.goodreads.com/books/1437619364i/353650._SY75_.jpg,4,A Question of Choice,Best Feminist Books
Carson McCullers,https://www.goodreads.com/author/show/3506.Carson_McCullers,3.99,https://www.goodreads.com/book/show/37380.The_Heart_Is_a_Lonely_Hunter,https://i.gr-assets.com/images/S/compressed.photo.goodreads.com/books/1385265834i/37380._SY75_.jpg,3,The Heart Is a Lonely Hunter,Best Feminist Books
John Ajvide Lindqvist,https://www.goodreads.com/author/show/479779.John_Ajvide_Lindqvist,4.03,https://www.goodreads.com/book/show/943402.Let_the_Right_One_In,https://i.gr-assets.com/images/S/compressed.photo.goodreads.com/books/1327893384i/943402._SY75_.jpg,4,Let the Right One In,Best Feminist Books
Fumiko Enchi,https://www.goodreads.com/author/show/103307.Fumiko_Enchi,3.96,https://www.goodreads.com/book/show/177404.The_Waiting_Years,https://i.gr-assets.com/images/S/compressed.photo.goodreads.com/books/1744541469i/177404._SX50_.jpg,3,The Waiting Years,Best Feminist Books
Euripides,https://www.goodreads.com/author/show/973.Euripides,3.89,https://www.goodreads.com/book/show/3254.The_Trojan_Women,https://i.gr-assets.com/images/S/compressed.photo.goodreads.com/books/1348667122i/3254._SY75_.jpg,3,The Trojan Women,Best Feminist Books
Sarah Blaffer Hrdy,https://www.goodreads.com/author/show/157568.Sarah_Blaffer_Hrdy,4.43,https://www.goodreads.com/book/show/270100.Mother_Nature,https://i.gr-assets.com/images/S/compressed.photo.goodreads.com/books/1386919721i/270100._SY75_.jpg,4,Mother Nature: Maternal Instincts and How They Shape the Human Species,Best Feminist Books
K.A. Laity,https://www.goodreads.com/author/show/2915710.K_A_Laity,4.5,https://www.goodreads.com/book/show/39337609-my-wandering-uterus,https://i.gr-assets.com/images/S/compressed.photo.goodreads.com/books/1521634828i/39337609._SY75_.jpg,4,My Wandering Uterus: tales of traveling while female,Best Feminist Books
Virginia Woolf,https://www.goodreads.com/author/show/6765.Virginia_Woolf,3.76,https://www.goodreads.com/book/show/18852.The_Years,https://i.gr-assets.com/images/S/compressed.photo.goodreads.com/books/1486619020i/18852._SY75_.jpg,3,The Years,Best Feminist Books
L.M. Montgomery,https://www.goodreads.com/author/show/5350.L_M_Montgomery,4.64,https://www.goodreads.com/book/show/17336384-the-anne-stories-anne-of-green-gables-1-3-5-7-8,https://i.gr-assets.com/images/S/compressed.photo.goodreads.com/books/1360119229i/17336384._SX50_.jpg,4,"The Anne Stories (Anne of Green Gables, #1-3, 5, 7-8) (Story Girl, #1-2)",Best Feminist Books
Nor Hall,https://www.goodreads.com/author/show/205955.Nor_Hall,4.07,https://www.goodreads.com/book/show/775360.The_Moon_and_the_Virgin,https://i.gr-assets.com/images/S/compressed.photo.goodreads.com/books/1482265215i/775360._SY75_.jpg,4,The Moon and the Virgin: Reflections on the Archetypal Feminine,Best Feminist Books
Alice Munro,https://www.goodreads.com/author/show/6410.Alice_Munro,4.07,https://www.goodreads.com/book/show/322662.Dance_of_the_Happy_Shades,https://i.gr-assets.com/images/S/compressed.photo.goodreads.com/books/1359385192i/322662._SY75_.jpg,4,Dance of the Happy Shades,Best Feminist Books
Joan Morgan,https://www.goodreads.com/author/show/2850062.Joan_Morgan,3.99,https://www.goodreads.com/book/show/418688.When_Chickenheads_Come_Home_to_Roost,https://i.gr-assets.com/images/S/compressed.photo.goodreads.com/books/1174579665i/418688._SX50_.jpg,3,When Chickenheads Come Home to Roost: A Hip-Hop Feminist Breaks It Down,Best Feminist Books
Marilyn Waring,https://www.goodreads.com/author/show/223468.Marilyn_Waring,4.43,https://www.goodreads.com/book/show/414923.Counting_for_Nothing,https://i.gr-assets.com/images/S/compressed.photo.goodreads.com/books/1347755698i/414923._SY75_.jpg,4,Counting for Nothing: What Men Value and What Women are Worth,Best Feminist Books
Saleemah Abdul-Ghafur,https://www.goodreads.com/author/show/146930.Saleemah_Abdul_Ghafur,3.93,https://www.goodreads.com/book/show/251411.Living_Islam_Out_Loud,https://i.gr-assets.com/images/S/compressed.photo.goodreads.com/books/1386922153i/251411._SY75_.jpg,3,Living Islam Out Loud: American Muslim Women Speak,Best Feminist Books
Marge Piercy,https://www.goodreads.com/author/show/31845.Marge_Piercy,4.19,https://www.goodreads.com/book/show/129636.The_Moon_Is_Always_Female,https://i.gr-assets.com/images/S/compressed.photo.goodreads.com/books/1388272274i/129636._SX50_.jpg,4,The Moon Is Always Female: Poems,Best Feminist Books
Wendy Shalit,https://www.goodreads.com/author/show/32113.Wendy_Shalit,3.8,https://www.goodreads.com/book/show/56748.A_Return_to_Modesty,https://i.gr-assets.com/images/S/compressed.photo.goodreads.com/books/1404937260i/56748._SY75_.jpg,3,A Return to Modesty: Discovering the Lost Virtue,Best Feminist Books
Mayra Santos-Febres,https://www.goodreads.com/author/show/128496.Mayra_Santos_Febres,3.88,https://www.goodreads.com/book/show/3090376-sirena-selena-vestida-de-pena,https://i.gr-assets.com/images/S/compressed.photo.goodreads.com/books/1267769165i/3090376._SY75_.jpg,3,Sirena Selena vestida de pena,Best Feminist Books
Monique Wittig,https://www.goodreads.com/author/show/135739.Monique_Wittig,3.89,https://www.goodreads.com/book/show/231873.Les_Gu_rill_res,https://i.gr-assets.com/images/S/compressed.photo.goodreads.com/books/1386921365i/231873._SY75_.jpg,3,Les Guérillères,Best Feminist Books
Lux Alptraum,https://www.goodreads.com/author/show/17794559.Lux_Alptraum,3.95,https://www.goodreads.com/book/show/39089043-faking-it,https://i.gr-assets.com/images/S/compressed.photo.goodreads.com/books/1530732741i/39089043._SX50_.jpg,3,Faking It: The Lies Women Tell about Sex--And the Truths They Reveal,Best Feminist Books
Margaret Atwood,https://www.goodreads.com/author/show/3472.Margaret_Atwood,4.39,https://www.goodreads.com/book/show/17306783-the-female-body,https://i.gr-assets.com/images/S/compressed.photo.goodreads.com/books/1359749627i/17306783._SX50_.jpg,4,The Female Body,Best Feminist Books
Melanie Rehak,https://www.goodreads.com/author/show/48553.Melanie_Rehak,3.76,https://www.goodreads.com/book/show/84917.Girl_Sleuth,https://i.gr-assets.com/images/S/compressed.photo.goodreads.com/books/1328874868i/84917._SY75_.jpg,3,Girl Sleuth: Nancy Drew and the Women Who Created Her,Best Feminist Books
Jane Caro,https://www.goodreads.com/author/show/1241913.Jane_Caro,3.92,https://www.goodreads.com/book/show/17667275-destroying-the-joint,https://i.gr-assets.com/images/S/compressed.photo.goodreads.com/books/1363916154i/17667275._SX50_.jpg,3,Destroying the Joint: Why Women Have to Change the World,Best Feminist Books
Sarah Wendell,https://www.goodreads.com/author/show/2530671.Sarah_Wendell,3.94,https://www.goodreads.com/book/show/5660117-beyond-heaving-bosoms,https://i.gr-assets.com/images/S/compressed.photo.goodreads.com/books/1442883777i/5660117._SY75_.jpg,3,Beyond Heaving Bosoms: The Smart Bitches' Guide to Romance Novels,Best Feminist Books
Safiya Umoja Noble,https://www.goodreads.com/author/show/14532650.Safiya_Umoja_Noble,3.89,https://www.goodreads.com/book/show/34762552-algorithms-of-oppression,https://i.gr-assets.com/images/S/compressed.photo.goodreads.com/books/1492944248i/34762552._SX50_.jpg,3,Algorithms of Oppression: How Search Engines Reinforce Racism,Best Feminist Books
Mikki Kendall,https://www.goodreads.com/author/show/4510558.Mikki_Kendall,4.1,https://www.goodreads.com/book/show/41807239-amazons-abolitionists-and-activists,https://i.gr-assets.com/images/S/compressed.photo.goodreads.com/books/1575516750i/41807239._SX50_.jpg,4,"Amazons, Abolitionists, and Activists: A Graphic History of Women's Fight for Their Rights",Best Feminist Books
Paul Kivel,https://www.goodreads.com/author/show/54717.Paul_Kivel,4.26,https://www.goodreads.com/book/show/159941.Men_s_Work,https://i.gr-assets.com/images/S/compressed.photo.goodreads.com/books/1344692827i/159941._SY75_.jpg,4,Men's Work: How to Stop the Violence That Tears Our Lives Apart,Best Feminist Books
Angela Carter,https://www.goodreads.com/author/show/27500.Angela_Carter,3.67,https://www.goodreads.com/book/show/581720.The_Passion_of_New_Eve,https://i.gr-assets.com/images/S/compressed.photo.goodreads.com/books/1704226325i/581720._SY75_.jpg,3,The Passion of New Eve,Best Feminist Books
Katie Cappiello,https://www.goodreads.com/author/show/8077807.Katie_Cappiello,4.28,https://www.goodreads.com/book/show/21535476-slut,https://i.gr-assets.com/images/S/compressed.photo.goodreads.com/books/1422320390i/21535476._SY75_.jpg,4,SLUT: A Play and Guidebook for Combating Sexism and Sexual Violence,Best Feminist Books
Margaret George,https://www.goodreads.com/author/show/6599.Margaret_George,3.9,https://www.goodreads.com/book/show/360625.Mary_Called_Magdalene,https://i.gr-assets.com/images/S/compressed.photo.goodreads.com/books/1388463918i/360625._SY75_.jpg,3,"Mary, Called Magdalene",Best Feminist Books
Elfriede Jelinek,https://www.goodreads.com/author/show/128607.Elfriede_Jelinek,3.38,https://www.goodreads.com/book/show/301830.Greed,https://i.gr-assets.com/images/S/compressed.photo.goodreads.com/books/1348706816i/301830._SX50_.jpg,3,Greed,Best Feminist Books
Meenakshi Gigi Durham,https://www.goodreads.com/author/show/2383057.Meenakshi_Gigi_Durham,3.64,https://www.goodreads.com/book/show/2547969.The_Lolita_Effect,https://i.gr-assets.com/images/S/compressed.photo.goodreads.com/books/1347381095i/2547969._SX50_.jpg,3,The Lolita Effect: The Media Sexualization of Young Girls and What We Can Do About It,Best Feminist Books
Laura  Jones,https://www.goodreads.com/author/show/52347.Laura_Jones,4.12,https://www.goodreads.com/book/show/33022718-nasty-women,https://i.gr-assets.com/images/S/compressed.photo.goodreads.com/books/1486434555i/33022718._SY75_.jpg,4,Nasty Women,Best Feminist Books
Morgan Llywelyn,https://www.goodreads.com/author/show/24183.Morgan_Llywelyn,4.04,https://www.goodreads.com/book/show/825554.Grania,https://i.gr-assets.com/images/S/compressed.photo.goodreads.com/books/1312038813i/825554._SY75_.jpg,4,Grania: She-King of the Irish Seas,Best Feminist Books
Cokie Roberts,https://www.goodreads.com/author/show/48965.Cokie_Roberts,3.91,https://www.goodreads.com/book/show/18089879-founding-mothers,https://i.gr-assets.com/images/S/compressed.photo.goodreads.com/books/1384014995i/18089879._SX50_.jpg,3,Founding Mothers: Remembering the Ladies,Best Feminist Books
Grace Metalious,https://www.goodreads.com/author/show/21004.Grace_Metalious,3.81,https://www.goodreads.com/book/show/526869.Peyton_Place,https://i.gr-assets.com/images/S/compressed.photo.goodreads.com/books/1348089469i/526869._SY75_.jpg,3,"Peyton Place (Peyton Place, #1)",Best Feminist Books
Silvia Federici,https://www.goodreads.com/author/show/228896.Silvia_Federici,4.56,https://www.goodreads.com/book/show/403846.Caliban_and_the_Witch,https://i.gr-assets.com/images/S/compressed.photo.goodreads.com/books/1344937010i/403846._SX50_.jpg,4,"Caliban and the Witch: Women, the Body and Primitive Accumulation",Best Feminist Books
Dorothy Parker,https://www.goodreads.com/author/show/24956.Dorothy_Parker,4.33,https://www.goodreads.com/book/show/46231.The_Portable_Dorothy_Parker,https://i.gr-assets.com/images/S/compressed.photo.goodreads.com/books/1386926061i/46231._SY75_.jpg,4,The Portable Dorothy Parker,Best Feminist Books
Nevada Barr,https://www.goodreads.com/author/show/43613.Nevada_Barr,3.94,https://www.goodreads.com/book/show/5460711-borderline,https://i.gr-assets.com/images/S/compressed.photo.goodreads.com/books/1441798281i/5460711._SX50_.jpg,3,"Borderline (Anna Pigeon, #15)",Best Feminist Books
Sue Monk Kidd,https://www.goodreads.com/author/show/4711.Sue_Monk_Kidd,4,https://www.goodreads.com/book/show/24711.The_Dance_of_the_Dissident_Daughter,https://i.gr-assets.com/images/S/compressed.photo.goodreads.com/books/1386921740i/24711._SY75_.jpg,4,The Dance of the Dissident Daughter: A Woman's Journey from Christian Tradition to the Sacred Feminine,Best Feminist Books
Shahida Arabi,https://www.goodreads.com/author/show/2980385.Shahida_Arabi,4.19,https://www.goodreads.com/book/show/29528716-becoming-the-narcissist-s-nightmare,https://i.gr-assets.com/images/S/compressed.photo.goodreads.com/books/1458128736i/29528716._SY75_.jpg,4,Becoming the Narcissist’s Nightmare: How to Devalue and Discard the Narcissist While Supplying Yourself,Best Feminist Books
Laurie Elizabeth Flynn,https://www.goodreads.com/author/show/9816754.Laurie_Elizabeth_Flynn,3.57,https://www.goodreads.com/book/show/23480844-firsts,https://i.gr-assets.com/images/S/compressed.photo.goodreads.com/books/1434053866i/23480844._SY75_.jpg,3,Firsts,Best Feminist Books
Donald G. Dutton,https://www.goodreads.com/author/show/368793.Donald_G_Dutton,4.1,https://www.goodreads.com/book/show/689665.The_Abusive_Personality,https://i.gr-assets.com/images/S/compressed.photo.goodreads.com/books/1328855823i/689665._SX50_.jpg,4,The Abusive Personality: Violence and Control in Intimate Relationships,Best Feminist Books
Griet Vandermassen,https://www.goodreads.com/author/show/630147.Griet_Vandermassen,3.7,https://www.goodreads.com/book/show/49680318-dames-voor-darwin,https://i.gr-assets.com/images/S/compressed.photo.goodreads.com/books/1563469096l/49680318._SX50_SY75_.jpg,3,Dames voor Darwin,Best Feminist Books
Sonia Shah,https://www.goodreads.com/author/show/26609.Sonia_Shah,3.97,https://www.goodreads.com/book/show/47313.Dragon_Ladies,https://i.gr-assets.com/images/S/compressed.photo.goodreads.com/books/1390727567i/47313._SY75_.jpg,3,Dragon Ladies: Asian American Feminists Breathe Fire,Best Feminist Books
Nevada Barr,https://www.goodreads.com/author/show/43613.Nevada_Barr,3.92,https://www.goodreads.com/book/show/86492.A_Superior_Death,https://i.gr-assets.com/images/S/compressed.photo.goodreads.com/books/1437347433i/86492._SY75_.jpg,3,"A Superior Death (Anna Pigeon, #2)",Best Feminist Books
Koushun Takami,https://www.goodreads.com/author/show/32595.Koushun_Takami,4.26,https://www.goodreads.com/book/show/57891.Battle_Royale,https://i.gr-assets.com/images/S/compressed.photo.goodreads.com/books/1331235272i/57891._SY75_.jpg,4,Battle Royale,Best Feminist Books
Nevada Barr,https://www.goodreads.com/author/show/43613.Nevada_Barr,3.83,https://www.goodreads.com/book/show/76706.Track_of_the_Cat,https://i.gr-assets.com/images/S/compressed.photo.goodreads.com/books/1326365792i/76706._SY75_.jpg,3,"Track of the Cat (Anna Pigeon, #1)",Best Feminist Books
Janie L. Leatherman,https://www.goodreads.com/author/show/4745905.Janie_L_Leatherman,3.88,https://www.goodreads.com/book/show/10891111-sexual-violence-and-armed-conflict,https://i.gr-assets.com/images/S/compressed.photo.goodreads.com/books/1375677130i/10891111._SX50_.jpg,3,Sexual Violence and Armed Conflict,Best Feminist Books
Shannon Gibney,https://www.goodreads.com/author/show/8319916.Shannon_Gibney,4.67,https://www.goodreads.com/book/show/45038313-what-god-is-honored-here,https://i.gr-assets.com/images/S/compressed.photo.goodreads.com/books/1556416871i/45038313._SX50_.jpg,4,What God Is Honored Here?: Writings on Miscarriage and Infant Loss by and for Native Women and Women of Color,Best Feminist Books
Rebecca J. Mead,https://www.goodreads.com/author/show/505647.Rebecca_J_Mead,3.43,https://www.goodreads.com/book/show/1058040.How_the_Vote_Was_Won,https://i.gr-assets.com/images/S/compressed.photo.goodreads.com/books/1417984570i/1058040._SX50_.jpg,3,"How the Vote Was Won: Woman Suffrage in the Western United States, 1868-1914",Best Feminist Books
Elizabeth  George,https://www.goodreads.com/author/show/1402383.Elizabeth_George,4.03,https://www.goodreads.com/book/show/31374.A_Great_Deliverance,https://i.gr-assets.com/images/S/compressed.photo.goodreads.com/books/1422723527i/31374._SY75_.jpg,4,"A Great Deliverance (Inspector Lynley, #1)",Best Feminist Books
Jane Stern,https://www.goodreads.com/author/show/17032.Jane_Stern,3.73,https://www.goodreads.com/book/show/304594.Ambulance_Girl,https://i.gr-assets.com/images/S/compressed.photo.goodreads.com/books/1320461556i/304594._SY75_.jpg,3,Ambulance Girl: How I Saved Myself By Becoming an EMT,Best Feminist Books
Isabelle Eberhardt,https://www.goodreads.com/author/show/30030.Isabelle_Eberhardt,3.59,https://www.goodreads.com/book/show/53129.The_Nomad,https://i.gr-assets.com/images/S/compressed.photo.goodreads.com/books/1348292932i/53129._SY75_.jpg,3,The Nomad: Diaries of Isabelle Eberhardt,Best Feminist Books
David D. Gilmore,https://www.goodreads.com/author/show/41856.David_D_Gilmore,3.64,https://www.goodreads.com/book/show/290483.Misogyny,https://i.gr-assets.com/images/S/compressed.photo.goodreads.com/books/1173454038i/290483._SX50_.jpg,3,Misogyny: The Male Malady,Best Feminist Books
Sara Paretsky,https://www.goodreads.com/author/show/28509.Sara_Paretsky,3.86,https://www.goodreads.com/book/show/344674.Blacklist,https://i.gr-assets.com/images/S/compressed.photo.goodreads.com/books/1330102394i/344674._SX50_.jpg,3,"Blacklist (V.I. Warshawski, #11)",Best Feminist Books
Paula Gunn Allen,https://www.goodreads.com/author/show/64923.Paula_Gunn_Allen,4.05,https://www.goodreads.com/book/show/112217.The_Sacred_Hoop,https://i.gr-assets.com/images/S/compressed.photo.goodreads.com/books/1348469625i/112217._SY75_.jpg,4,The Sacred Hoop: Recovering the Feminine in American Indian Traditions,Best Feminist Books
Virginia Woolf,https://www.goodreads.com/author/show/6765.Virginia_Woolf,4.38,https://www.goodreads.com/book/show/14947.The_Diary_of_Virginia_Woolf_Volume_Two,https://i.gr-assets.com/images/S/compressed.photo.goodreads.com/books/1347329166i/14947._SY75_.jpg,4,"The Diary of Virginia Woolf, Volume Two: 1920-1924",Best Feminist Books
Kara Cooney,https://www.goodreads.com/author/show/7566267.Kara_Cooney,3.68,https://www.goodreads.com/book/show/37706369-when-women-ruled-the-world,https://i.gr-assets.com/images/S/compressed.photo.goodreads.com/books/1536115418i/37706369._SY75_.jpg,3,When Women Ruled the World: Six Queens of Egypt,Best Feminist Books
Dorothy Parker,https://www.goodreads.com/author/show/24956.Dorothy_Parker,4.25,https://www.goodreads.com/book/show/44458.The_Collected_Dorothy_Parker,https://i.gr-assets.com/images/S/compressed.photo.goodreads.com/books/1295889481i/44458._SY75_.jpg,4,The Collected Dorothy Parker,Best Feminist Books
Jean Sasson,https://www.goodreads.com/author/show/5448929.Jean_Sasson,4.04,https://www.goodreads.com/book/show/613283.Princess,https://i.gr-assets.com/images/S/compressed.photo.goodreads.com/books/1377538002i/613283._SX50_.jpg,4,Princess: A True Story of Life Behind the Veil in Saudi Arabia,Best Feminist Books
Gail Honeyman,https://www.goodreads.com/author/show/14558709.Gail_Honeyman,4.22,https://www.goodreads.com/book/show/31434883-eleanor-oliphant-is-completely-fine,https://i.gr-assets.com/images/S/compressed.photo.goodreads.com/books/1493724347i/31434883._SY75_.jpg,4,Eleanor Oliphant Is Completely Fine,Best Feminist Books
Mary Krane Derr,https://www.goodreads.com/author/show/2006115.Mary_Krane_Derr,4.26,https://www.goodreads.com/book/show/670195.ProLife_Feminism,https://i.gr-assets.com/images/S/compressed.photo.goodreads.com/books/1176968165i/670195._SY75_.jpg,4,ProLife Feminism: Yesterday and Today,Best Feminist Books
Thomas    Fleming,https://www.goodreads.com/author/show/987885.Thomas_Fleming,3.89,https://www.goodreads.com/book/show/2193020.The_Officers_Wives,https://i.gr-assets.com/images/S/compressed.photo.goodreads.com/books/1641330148i/2193020._SY75_.jpg,3,The Officers' Wives,Best Feminist Books
Misty Copeland,https://www.goodreads.com/author/show/7155409.Misty_Copeland,3.93,https://www.goodreads.com/book/show/18280687-life-in-motion,https://i.gr-assets.com/images/S/compressed.photo.goodreads.com/books/1419212983i/18280687._SX50_.jpg,3,Life in Motion: An Unlikely Ballerina,Best Feminist Books
Kimberly Chrisman-Campbell,https://www.goodreads.com/author/show/4483901.Kimberly_Chrisman_Campbell,3.77,https://www.goodreads.com/book/show/59808346-skirts,https://i.gr-assets.com/images/S/compressed.photo.goodreads.com/books/1654482606i/59808346._SY75_.jpg,3,Skirts: Fashioning Modern Femininity in the Twentieth Century,Best Feminist Books
Frédérique Delacoste,https://www.goodreads.com/author/show/307935.Fr_d_rique_Delacoste,3.96,https://www.goodreads.com/book/show/511903.Sex_Work,https://i.gr-assets.com/images/S/compressed.photo.goodreads.com/books/1347339108i/511903._SY75_.jpg,3,Sex Work: Writings by Women in the Sex Industry,Best Feminist Books
Susan Ee,https://www.goodreads.com/author/show/4890182.Susan_Ee,4.05,https://www.goodreads.com/book/show/18500665-end-of-days,https://i.gr-assets.com/images/S/compressed.photo.goodreads.com/books/1423384676i/18500665._SX50_.jpg,4,"End of Days (Penryn & the End of Days, #3)",Best Feminist Books
Melody Berger,https://www.goodreads.com/author/show/120139.Melody_Berger,3.83,https://www.goodreads.com/book/show/205525.We_Don_t_Need_Another_Wave,https://i.gr-assets.com/images/S/compressed.photo.goodreads.com/books/1386921697i/205525._SY75_.jpg,3,We Don't Need Another Wave: Dispatches from the Next Generation of Feminists,Best Feminist Books
Joan D. Vinge,https://www.goodreads.com/author/show/32279.Joan_D_Vinge,4.07,https://www.goodreads.com/book/show/139981.The_Summer_Queen,https://i.gr-assets.com/images/S/compressed.photo.goodreads.com/books/1389225762i/139981._SY75_.jpg,4,"The Summer Queen (The Snow Queen Cycle, #3)",Best Feminist Books
Margaret Grundstein,https://www.goodreads.com/author/show/9873766.Margaret_Grundstein,3.88,https://www.goodreads.com/book/show/23604106-naked-in-the-woods,https://i.gr-assets.com/images/S/compressed.photo.goodreads.com/books/1417602231i/23604106._SX50_.jpg,3,Naked in the Woods: My Unexpected Years in a Hippie Commune,Best Feminist Books
Simone de Beauvoir,https://www.goodreads.com/author/show/5548.Simone_de_Beauvoir,4.2,https://www.goodreads.com/book/show/19528.The_Mandarins,https://i.gr-assets.com/images/S/compressed.photo.goodreads.com/books/1484025834i/19528._SY75_.jpg,4,The Mandarins,Best Feminist Books
Tracy Walder,https://www.goodreads.com/author/show/19057986.Tracy_Walder,3.85,https://www.goodreads.com/book/show/45046678-the-unexpected-spy,https://i.gr-assets.com/images/S/compressed.photo.goodreads.com/books/1574745496i/45046678._SY75_.jpg,3,"The Unexpected Spy: From the CIA to the FBI, My Secret Life Taking Down Some of the World's Most Notorious Terrorists",Best Feminist Books
Shannon Drury,https://www.goodreads.com/author/show/6455233.Shannon_Drury,4.28,https://www.goodreads.com/book/show/22030305-the-radical-housewife,https://i.gr-assets.com/images/S/compressed.photo.goodreads.com/books/1409901331i/22030305._SY75_.jpg,4,The Radical Housewife: Redefining Family Values for the 21st Century,Best Feminist Books
Angela Carter,https://www.goodreads.com/author/show/27500.Angela_Carter,3.69,https://www.goodreads.com/book/show/922755.Wayward_Girls_and_Wicked_Women,https://i.gr-assets.com/images/S/compressed.photo.goodreads.com/books/1179493274i/922755._SY75_.jpg,3,Wayward Girls and Wicked Women,Best Feminist Books
Charlotte Perkins Gilman,https://www.goodreads.com/author/show/29527.Charlotte_Perkins_Gilman,3.63,https://www.goodreads.com/book/show/600806.Women_and_Economics,https://i.gr-assets.com/images/S/compressed.photo.goodreads.com/books/1347322299i/600806._SY75_.jpg,3,Women and Economics,Best Feminist Books
Kamala Kempadoo,https://www.goodreads.com/author/show/442809.Kamala_Kempadoo,4.34,https://www.goodreads.com/book/show/385665.Global_Sex_Workers,https://i.gr-assets.com/images/S/compressed.photo.goodreads.com/books/1388292264i/385665._SY75_.jpg,4,Global Sex Workers (Oxford Historical Monographs),Best Feminist Books
Marilyn French,https://www.goodreads.com/author/show/14160.Marilyn_French,4.07,https://www.goodreads.com/book/show/2884699-from-eve-to-dawn,https://i.gr-assets.com/images/S/compressed.photo.goodreads.com/books/1439533750i/2884699._SY75_.jpg,4,"From Eve to Dawn: A History of Women in the World, Vol. 1",Best Feminist Books
Allie Brosh,https://www.goodreads.com/author/show/6984726.Allie_Brosh,4.17,https://www.goodreads.com/book/show/17571564-hyperbole-and-a-half,https://i.gr-assets.com/images/S/compressed.photo.goodreads.com/books/1409522492i/17571564._SY75_.jpg,4,"Hyperbole and a Half: Unfortunate Situations, Flawed Coping Mechanisms, Mayhem, and Other Things That Happened",Best Feminist Books
Sara Paretsky,https://www.goodreads.com/author/show/28509.Sara_Paretsky,3.82,https://www.goodreads.com/book/show/50660.Deadlock,https://i.gr-assets.com/images/S/compressed.photo.goodreads.com/books/1436360805i/50660._SY75_.jpg,3,"Deadlock (V.I. Warshawski, #2)",Best Feminist Books
Maria Yagoda,https://www.goodreads.com/author/show/22656311.Maria_Yagoda,3.83,https://www.goodreads.com/book/show/61885081-laid-and-confused,https://i.gr-assets.com/images/S/compressed.photo.goodreads.com/books/1675083941i/61885081._SY75_.jpg,3,Laid and Confused: Why We Tolerate Bad Sex and How to Stop,Best Feminist Books
Sarah B. Pomeroy,https://www.goodreads.com/author/show/51275.Sarah_B_Pomeroy,3.99,https://www.goodreads.com/book/show/1100641.Goddesses_Whores_Wives_and_Slaves,https://i.gr-assets.com/images/S/compressed.photo.goodreads.com/books/1342994795i/1100641._SY75_.jpg,3,"Goddesses, Whores, Wives and Slaves: Women in Classical Antiquity",Best Feminist Books
Michael S. Kimmel,https://www.goodreads.com/author/show/85076.Michael_S_Kimmel,3.79,https://www.goodreads.com/book/show/16197150-angry-white-men,https://i.gr-assets.com/images/S/compressed.photo.goodreads.com/books/1369871308i/16197150._SY75_.jpg,3,Angry White Men: American Masculinity at the End of an Era,Best Feminist Books
Phyllis Schlafly,https://www.goodreads.com/author/show/76748.Phyllis_Schlafly,2.96,https://www.goodreads.com/book/show/6626286-power-of-the-positive-woman,https://i.gr-assets.com/images/S/compressed.photo.goodreads.com/nophoto/book/111x148._SX50_.png,2,Power of the Positive Woman,Best Feminist Books
Gert Boyle,https://www.goodreads.com/author/show/316811.Gert_Boyle,4,https://www.goodreads.com/book/show/580895.One_Tough_Mother,https://i.gr-assets.com/images/S/compressed.photo.goodreads.com/books/1175983449i/580895._SX50_.jpg,4,"One Tough Mother: Success in Life, Business and AP",Best Feminist Books
Vera Caspary,https://www.goodreads.com/author/show/11216.Vera_Caspary,3.96,https://www.goodreads.com/book/show/601799.Laura,https://i.gr-assets.com/images/S/compressed.photo.goodreads.com/books/1344733956i/601799._SY75_.jpg,3,Laura,Best Feminist Books
V. Vale,https://www.goodreads.com/author/show/13466.V_Vale,4.15,https://www.goodreads.com/book/show/516062.Angry_Women,https://i.gr-assets.com/images/S/compressed.photo.goodreads.com/books/1175456885i/516062._SX50_.jpg,4,Angry Women,Best Feminist Books
Jesmyn Ward,https://www.goodreads.com/author/show/1676417.Jesmyn_Ward,3.96,https://www.goodreads.com/book/show/10846336-salvage-the-bones,https://i.gr-assets.com/images/S/compressed.photo.goodreads.com/books/1317067649i/10846336._SX50_.jpg,3,Salvage the Bones,Best Feminist Books
Alex Dally MacFarlane,https://www.goodreads.com/author/show/2731828.Alex_Dally_MacFarlane,3.55,https://www.goodreads.com/book/show/21471316-the-mammoth-book-of-sf-stories-by-women,https://i.gr-assets.com/images/S/compressed.photo.goodreads.com/books/1395452242i/21471316._SY75_.jpg,3,The Mammoth Book of SF Stories by Women,Best Feminist Books
Nicole Higginbotham,https://www.goodreads.com/author/show/10797831.Nicole_Higginbotham,3.5,https://www.goodreads.com/book/show/40734534-sleeping-on-couches-sequestered,https://i.gr-assets.com/images/S/compressed.photo.goodreads.com/books/1530911891i/40734534._SY75_.jpg,3,Sleeping on Couches/Sequestered,Best Feminist Books
Wendy Shalit,https://www.goodreads.com/author/show/32113.Wendy_Shalit,3.78,https://www.goodreads.com/book/show/2076480.The_Good_Girl_Revolution,https://i.gr-assets.com/images/S/compressed.photo.goodreads.com/books/1320434055i/2076480._SY75_.jpg,3,The Good Girl Revolution: Young Rebels with Self-Esteem and High Standards,Best Feminist Books
Susan J. Douglas,https://www.goodreads.com/author/show/45048.Susan_J_Douglas,3.9,https://www.goodreads.com/book/show/306417.The_Mommy_Myth,https://i.gr-assets.com/images/S/compressed.photo.goodreads.com/books/1347349339i/306417._SY75_.jpg,3,The Mommy Myth: The Idealization of Motherhood and How It Has Undermined All Women,Best Feminist Books
Emma Cline,https://www.goodreads.com/author/show/2926065.Emma_Cline,3.51,https://www.goodreads.com/book/show/26893819-the-girls,https://i.gr-assets.com/images/S/compressed.photo.goodreads.com/books/1492065338i/26893819._SY75_.jpg,3,The Girls,Best Feminist Books
Alisson Wood,https://www.goodreads.com/author/show/18138959.Alisson_Wood,4.18,https://www.goodreads.com/book/show/50285706-being-lolita,https://i.gr-assets.com/images/S/compressed.photo.goodreads.com/books/1578260446i/50285706._SY75_.jpg,4,Being Lolita,Best Feminist Books
Helen Gurley Brown,https://www.goodreads.com/author/show/131708.Helen_Gurley_Brown,3.39,https://www.goodreads.com/book/show/225066.Sex_and_The_Single_Girl,https://i.gr-assets.com/images/S/compressed.photo.goodreads.com/books/1388853929i/225066._SY75_.jpg,3,Sex and The Single Girl,Best Feminist Books
John  Gray,https://www.goodreads.com/author/show/848.John_Gray,3.58,https://www.goodreads.com/book/show/1274.Men_Are_from_Mars_Women_Are_from_Venus,https://i.gr-assets.com/images/S/compressed.photo.goodreads.com/books/1441636319i/1274._SY75_.jpg,3,"Men Are from Mars, Women Are from Venus",Best Feminist Books
Adrienne Rich,https://www.goodreads.com/author/show/29947.Adrienne_Rich,4.19,https://www.goodreads.com/book/show/262467.Adrienne_Rich_s_Poetry,https://i.gr-assets.com/images/S/compressed.photo.goodreads.com/books/1439089927i/262467._SY75_.jpg,4,Adrienne Rich's Poetry: Texts of the Poems; The Poet on Her Work; Reviews and Criticism (Norton Critical Edition),Best Feminist Books
Annette Kobak,https://www.goodreads.com/author/show/17134403.Annette_Kobak,3.91,https://www.goodreads.com/book/show/1121130.Isabelle,https://i.gr-assets.com/images/S/compressed.photo.goodreads.com/books/1208182192i/1121130._SX50_.jpg,3,Isabelle: The Life of Isabelle Eberhardt,Best Feminist Books
Christine Horansky,https://www.goodreads.com/author/show/8424625.Christine_Horansky,3.95,https://www.goodreads.com/book/show/22850558-girl-power-in-the-age-of-the-millennials,https://i.gr-assets.com/images/S/compressed.photo.goodreads.com/books/1406917683i/22850558._SY75_.jpg,3,"Girl Power in the Age of the Millennials: Essays on Women, Youth and Global Social Change",Best Feminist Books
Lillian Faderman,https://www.goodreads.com/author/show/62649.Lillian_Faderman,4.12,https://www.goodreads.com/book/show/835180.Naked_in_the_Promised_Land,https://i.gr-assets.com/images/S/compressed.photo.goodreads.com/books/1348915610i/835180._SY75_.jpg,4,Naked in the Promised Land: A Memoir,Best Feminist Books
Ottessa Moshfegh,https://www.goodreads.com/author/show/3276202.Ottessa_Moshfegh,3.59,https://www.goodreads.com/book/show/44279110-my-year-of-rest-and-relaxation,https://i.gr-assets.com/images/S/compressed.photo.goodreads.com/books/1597676656i/44279110._SY75_.jpg,3,My Year of Rest and Relaxation,Best Feminist Books
Hélène Cixous,https://www.goodreads.com/author/show/88674.H_l_ne_Cixous,4.14,https://www.goodreads.com/book/show/958643.The_Newly_Born_Woman,https://i.gr-assets.com/images/S/compressed.photo.goodreads.com/books/1348228671i/958643._SY75_.jpg,4,The Newly Born Woman,Best Feminist Books
Keith  Stern,https://www.goodreads.com/author/show/6436942.Keith_Stern,3.79,https://www.goodreads.com/book/show/6839060-queers-in-history,https://i.gr-assets.com/images/S/compressed.photo.goodreads.com/books/1374029550i/6839060._SX50_.jpg,3,Queers in History,Best Feminist Books
Heidi W. Durrow,https://www.goodreads.com/author/show/2921547.Heidi_W_Durrow,3.61,https://www.goodreads.com/book/show/6449290-the-girl-who-fell-from-the-sky,https://i.gr-assets.com/images/S/compressed.photo.goodreads.com/books/1285276805i/6449290._SY75_.jpg,3,The Girl Who Fell from the Sky,Best Feminist Books
Kim Anderson,https://www.goodreads.com/author/show/158790.Kim_Anderson,4.59,https://www.goodreads.com/book/show/950280.A_Recognition_of_Being,https://i.gr-assets.com/images/S/compressed.photo.goodreads.com/books/1179735554i/950280._SX50_.jpg,4,A Recognition of Being: Reconstructing Native Womanhood,Best Feminist Books
Jane Bowles,https://www.goodreads.com/author/show/100439.Jane_Bowles,3.57,https://www.goodreads.com/book/show/215262.Two_Serious_Ladies,https://i.gr-assets.com/images/S/compressed.photo.goodreads.com/books/1172774282i/215262._SY75_.jpg,3,Two Serious Ladies,Best Feminist Books
Mary T. Newport,https://www.goodreads.com/author/show/5315994.Mary_T_Newport,4.28,https://www.goodreads.com/book/show/19027388-alzheimer-s-disease,https://i.gr-assets.com/images/S/compressed.photo.goodreads.com/books/1385663337i/19027388._SX50_.jpg,4,Alzheimer's Disease: What if There was a Cure? -,Best Feminist Books
Betsy Israel,https://www.goodreads.com/author/show/233712.Betsy_Israel,3.71,https://www.goodreads.com/book/show/665943.Bachelor_Girl,https://i.gr-assets.com/images/S/compressed.photo.goodreads.com/books/1399987634i/665943._SX50_.jpg,3,Bachelor Girl: The Secret History of Single Women in the Twentieth Century,Best Feminist Books
Oscar Wilde,https://www.goodreads.com/author/show/3565.Oscar_Wilde,3.87,https://www.goodreads.com/book/show/6978602-a-woman-of-no-importance,https://i.gr-assets.com/images/S/compressed.photo.goodreads.com/books/1332924679i/6978602._SY75_.jpg,3,A Woman of No Importance,Best Feminist Books
Janice G. Raymond,https://www.goodreads.com/author/show/370519.Janice_G_Raymond,4.04,https://www.goodreads.com/book/show/1001464.Women_As_Wombs,https://i.gr-assets.com/images/S/compressed.photo.goodreads.com/books/1412659695i/1001464._SX50_.jpg,4,Women As Wombs: Reproductive Technologies and the Battle over Women's Freedom,Best Feminist Books
Leila J. Rupp,https://www.goodreads.com/author/show/148449.Leila_J_Rupp,3.65,https://www.goodreads.com/book/show/6905436-sapphistries,https://i.gr-assets.com/images/S/compressed.photo.goodreads.com/books/1417981689i/6905436._SY75_.jpg,3,"Sapphistries: A Global History of Love between Women (Intersections, 15)",Best Feminist Books
Alyssa Cole,https://www.goodreads.com/author/show/7790155.Alyssa_Cole,3.82,https://www.goodreads.com/book/show/30237404-an-extraordinary-union,https://i.gr-assets.com/images/S/compressed.photo.goodreads.com/books/1484253653i/30237404._SY75_.jpg,3,"An Extraordinary Union (The Loyal League, #1)",Best Feminist Books
Alison M. Jaggar,https://www.goodreads.com/author/show/98384.Alison_M_Jaggar,3.67,https://www.goodreads.com/book/show/1569516.Living_With_Contradictions,https://i.gr-assets.com/images/S/compressed.photo.goodreads.com/books/1389392996i/1569516._SY75_.jpg,3,Living With Contradictions: Controversies In Feminist Social Ethics,Best Feminist Books
Cindy Gretchen Ovenrack Crabb,https://www.goodreads.com/author/show/784384.Cindy_Gretchen_Ovenrack_Crabb,4.58,https://www.goodreads.com/book/show/13356586-support,https://i.gr-assets.com/images/S/compressed.photo.goodreads.com/books/1344683006i/13356586._SY75_.jpg,4,Support,Best Feminist Books
Susan Starr Sered,https://www.goodreads.com/author/show/479464.Susan_Starr_Sered,3.7,https://www.goodreads.com/book/show/1005031.Priestess_Mother_Sacred_Sister,https://i.gr-assets.com/images/S/compressed.photo.goodreads.com/books/1348231362i/1005031._SY75_.jpg,3,"Priestess, Mother, Sacred Sister: Religions Dominated by Women",Best Feminist Books
Violette Leduc,https://www.goodreads.com/author/show/10382.Violette_Leduc,4.1,https://www.goodreads.com/book/show/99089.La_B_tarde,https://i.gr-assets.com/images/S/compressed.photo.goodreads.com/books/1562006526i/99089._SY75_.jpg,4,La Bâtarde,Best Feminist Books
Hayden Herrera,https://www.goodreads.com/author/show/8262.Hayden_Herrera,4.02,https://www.goodreads.com/book/show/91767.Frida,https://i.gr-assets.com/images/S/compressed.photo.goodreads.com/books/1407108642i/91767._SY75_.jpg,4,Frida: A Biography of Frida Kahlo,Best Feminist Books
Libba Bray,https://www.goodreads.com/author/show/2526.Libba_Bray,3.62,https://www.goodreads.com/book/show/13146186-beauty-queens,https://i.gr-assets.com/images/S/compressed.photo.goodreads.com/books/1338727209i/13146186._SY75_.jpg,3,Beauty Queens,Best Feminist Books
Susan Wicklund,https://www.goodreads.com/author/show/573666.Susan_Wicklund,4.32,https://www.goodreads.com/book/show/1175376.This_Common_Secret,https://i.gr-assets.com/images/S/compressed.photo.goodreads.com/books/1438631171i/1175376._SY75_.jpg,4,This Common Secret: My Journey as an Abortion Doctor,Best Feminist Books
Marissa Meyer,https://www.goodreads.com/author/show/4684322.Marissa_Meyer,4.4,https://www.goodreads.com/book/show/13206828-cress,https://i.gr-assets.com/images/S/compressed.photo.goodreads.com/books/1470057005i/13206828._SY75_.jpg,4,"Cress (The Lunar Chronicles, #3)",Best Feminist Books
Cindy Gretchen Ovenrack Crabb,https://www.goodreads.com/author/show/784384.Cindy_Gretchen_Ovenrack_Crabb,4.64,https://www.goodreads.com/book/show/12665259-the-encyclopedia-of-doris,https://i.gr-assets.com/images/S/compressed.photo.goodreads.com/books/1348360276i/12665259._SX50_.jpg,4,"The Encyclopedia of Doris: Stories, Essays, & Interviews",Best Feminist Books
Silvia Moreno-Garcia,https://www.goodreads.com/author/show/4088550.Silvia_Moreno_Garcia,3.66,https://www.goodreads.com/book/show/53152636-mexican-gothic,https://i.gr-assets.com/images/S/compressed.photo.goodreads.com/books/1607462569i/53152636._SY75_.jpg,3,Mexican Gothic,Best Feminist Books
Chitra Banerjee Divakaruni,https://www.goodreads.com/author/show/51589.Chitra_Banerjee_Divakaruni,3.48,https://www.goodreads.com/book/show/94669.The_Mistress_of_Spices,https://i.gr-assets.com/images/S/compressed.photo.goodreads.com/books/1488839181i/94669._SY75_.jpg,3,The Mistress of Spices,Best Feminist Books
Erin Wunker,https://www.goodreads.com/author/show/7702255.Erin_Wunker,3.92,https://www.goodreads.com/book/show/29902263-notes-from-a-feminist-killjoy,https://i.gr-assets.com/images/S/compressed.photo.goodreads.com/books/1460909019i/29902263._SY75_.jpg,3,Notes From a Feminist Killjoy: Essays on Everyday Life,Best Feminist Books
Monique W. Morris,https://www.goodreads.com/author/show/19117582.Monique_W_Morris,4.35,https://www.goodreads.com/book/show/25159334-pushout,https://i.gr-assets.com/images/S/compressed.photo.goodreads.com/books/1455172864i/25159334._SX50_.jpg,4,Pushout: The Criminalization of Black Girls in Schools,Best Feminist Books
Karen Cushman,https://www.goodreads.com/author/show/9640.Karen_Cushman,3.74,https://www.goodreads.com/book/show/24137.Catherine_Called_Birdy,https://i.gr-assets.com/images/S/compressed.photo.goodreads.com/books/1167520363i/24137._SX50_.jpg,3,"Catherine, Called Birdy",Best Feminist Books
Susan Stryker,https://www.goodreads.com/author/show/69408.Susan_Stryker,4.22,https://www.goodreads.com/book/show/2420983.Transgender_History,https://i.gr-assets.com/images/S/compressed.photo.goodreads.com/books/1328746812i/2420983._SX50_.jpg,4,Transgender History,Best Feminist Books
Sharon Blackie,https://www.goodreads.com/author/show/1168453.Sharon_Blackie,4.25,https://www.goodreads.com/book/show/31849411-if-women-rose-rooted,https://i.gr-assets.com/images/S/compressed.photo.goodreads.com/books/1473209670i/31849411._SY75_.jpg,4,If Women Rose Rooted: A Journey to Authenticity and Belonging,Best Feminist Books
Mari Ruti,https://www.goodreads.com/author/show/366346.Mari_Ruti,3.89,https://www.goodreads.com/book/show/22560883-the-age-of-scientific-sexism,https://i.gr-assets.com/images/S/compressed.photo.goodreads.com/books/1416846886i/22560883._SY75_.jpg,3,The Age of Scientific Sexism: How Evolutionary Psychology Promotes Gender Profiling and Fans the Battle of the Sexes,Best Feminist Books
Anne McCaffrey,https://www.goodreads.com/author/show/26.Anne_McCaffrey,4.08,https://www.goodreads.com/book/show/61975.Dragonflight,https://i.gr-assets.com/images/S/compressed.photo.goodreads.com/books/1388182243i/61975._SY75_.jpg,4,"Dragonflight (Dragonriders of Pern, #1)",Best Feminist Books
Zora Neale Hurston,https://www.goodreads.com/author/show/15151.Zora_Neale_Hurston,4.28,https://www.goodreads.com/book/show/28673255-how-it-feels-to-be-colored-me,https://i.gr-assets.com/images/S/compressed.photo.goodreads.com/books/1453468617i/28673255._SY75_.jpg,4,How It Feels to Be Colored Me,Best Feminist Books
Rachel Caine,https://www.goodreads.com/author/show/15292.Rachel_Caine,4.1,https://www.goodreads.com/book/show/33128934-stillhouse-lake,https://i.gr-assets.com/images/S/compressed.photo.goodreads.com/books/1495714483i/33128934._SY75_.jpg,4,"Stillhouse Lake (Stillhouse Lake, #1)",Best Feminist Books
Elfriede Jelinek,https://www.goodreads.com/author/show/128607.Elfriede_Jelinek,3.75,https://www.goodreads.com/book/show/7468918-women-as-lovers,https://i.gr-assets.com/images/S/compressed.photo.goodreads.com/books/1275829077i/7468918._SY75_.jpg,3,Women as Lovers,Best Feminist Books
Betsy Udink,https://www.goodreads.com/author/show/1269926.Betsy_Udink,3.27,https://www.goodreads.com/book/show/2938113-achter-mekka,https://i.gr-assets.com/images/S/compressed.photo.goodreads.com/books/1320006816i/2938113._SY75_.jpg,3,Achter Mekka,Best Feminist Books
Crystal Marie Fleming,https://www.goodreads.com/author/show/15203090.Crystal_Marie_Fleming,4.27,https://www.goodreads.com/book/show/37823717-how-to-be-less-stupid-about-race,https://i.gr-assets.com/images/S/compressed.photo.goodreads.com/books/1524251803i/37823717._SY75_.jpg,4,"How to Be Less Stupid About Race: On Racism, White Supremacy, and the Racial Divide",Best Feminist Books
Nevada Barr,https://www.goodreads.com/author/show/43613.Nevada_Barr,3.65,https://www.goodreads.com/book/show/44195174-what-rose-forgot,https://i.gr-assets.com/images/S/compressed.photo.goodreads.com/books/1722801692i/44195174._SY75_.jpg,3,What Rose Forgot,Best Feminist Books
Anna Snaith,https://www.goodreads.com/author/show/358714.Anna_Snaith,3.7,https://www.goodreads.com/book/show/1190918.Virginia_Woolf,https://i.gr-assets.com/images/S/compressed.photo.goodreads.com/books/1315689199i/1190918._SY75_.jpg,3,Virginia Woolf: Public and Private Negotiations,Best Feminist Books
Meredith Russo,https://www.goodreads.com/author/show/10963089.Meredith_Russo,3.97,https://www.goodreads.com/book/show/26156987-if-i-was-your-girl,https://i.gr-assets.com/images/S/compressed.photo.goodreads.com/books/1462088577i/26156987._SY75_.jpg,3,If I Was Your Girl,Best Feminist Books
Doris Lessing,https://www.goodreads.com/author/show/7728.Doris_Lessing,3.65,https://www.goodreads.com/book/show/546644.The_Fifth_Child,https://i.gr-assets.com/images/S/compressed.photo.goodreads.com/books/1327937534i/546644._SY75_.jpg,3,The Fifth Child,Best Feminist Books
Lionel Shriver,https://www.goodreads.com/author/show/45922.Lionel_Shriver,4.08,https://www.goodreads.com/book/show/80660.We_Need_to_Talk_About_Kevin,https://i.gr-assets.com/images/S/compressed.photo.goodreads.com/books/1327865017i/80660._SY75_.jpg,4,We Need to Talk About Kevin,Best Feminist Books
Anonymous,https://www.goodreads.com/author/show/5158478.Anonymous,4.45,https://www.goodreads.com/book/show/147636.The_Holy_Bible,https://i.gr-assets.com/images/S/compressed.photo.goodreads.com/books/1330062895i/147636._SX50_.jpg,4,The Holy Bible: King James Version,Best Feminist Books
Jessica Amanda Salmonson,https://www.goodreads.com/author/show/48325.Jessica_Amanda_Salmonson,3.96,https://www.goodreads.com/book/show/1290638.The_Encyclopedia_of_Amazons,https://i.gr-assets.com/images/S/compressed.photo.goodreads.com/books/1387707373i/1290638._SX50_.jpg,3,The Encyclopedia of Amazons: Women Warriors from Antiquity to the Modern Era,Best Feminist Books
Gena Corea,https://www.goodreads.com/author/show/367333.Gena_Corea,4.05,https://www.goodreads.com/book/show/912483.The_Mother_Machine,https://i.gr-assets.com/images/S/compressed.photo.goodreads.com/books/1450747280i/912483._SY75_.jpg,4,The Mother Machine: Reproductive Technologies from Artificial Insemination to Artificial Wombs,Best Feminist Books
Sylvia Townsend Warner,https://www.goodreads.com/author/show/32349.Sylvia_Townsend_Warner,3.69,https://www.goodreads.com/book/show/937105.Lolly_Willowes,https://i.gr-assets.com/images/S/compressed.photo.goodreads.com/books/1765919790i/937105._SY75_.jpg,3,Lolly Willowes,Best Feminist Books
Janet Wallach,https://www.goodreads.com/author/show/9985.Janet_Wallach,3.81,https://www.goodreads.com/book/show/16172.Desert_Queen,https://i.gr-assets.com/images/S/compressed.photo.goodreads.com/books/1386744057i/16172._SY75_.jpg,3,"Desert Queen: The Extraordinary Life of Gertrude Bell: Adventurer, Adviser to Kings, Ally of Lawrence of Arabia",Best Feminist Books
Carol J. Adams,https://www.goodreads.com/author/show/29163.Carol_J_Adams,4.16,https://www.goodreads.com/book/show/431726.Animals_and_Women,https://i.gr-assets.com/images/S/compressed.photo.goodreads.com/books/1348569245i/431726._SY75_.jpg,4,Animals and Women: Feminist Theoretical Explorations,Best Feminist Books
Leonora Carrington,https://www.goodreads.com/author/show/26359.Leonora_Carrington,3.98,https://www.goodreads.com/book/show/46987.The_Hearing_Trumpet,https://i.gr-assets.com/images/S/compressed.photo.goodreads.com/books/1336273089i/46987._SX50_.jpg,3,The Hearing Trumpet,Best Feminist Books
Nevada Barr,https://www.goodreads.com/author/show/43613.Nevada_Barr,3.87,https://www.goodreads.com/book/show/17934372-destroyer-angel,https://i.gr-assets.com/images/S/compressed.photo.goodreads.com/books/1389414782i/17934372._SY75_.jpg,3,"Destroyer Angel (Anna Pigeon, #18)",Best Feminist Books
Doris Lessing,https://www.goodreads.com/author/show/7728.Doris_Lessing,3.6,https://www.goodreads.com/book/show/286801.The_Summer_Before_the_Dark,https://i.gr-assets.com/images/S/compressed.photo.goodreads.com/books/1415100875i/286801._SY75_.jpg,3,The Summer Before the Dark,Best Feminist Books
Sheila Jeffreys,https://www.goodreads.com/author/show/336478.Sheila_Jeffreys,3.72,https://www.goodreads.com/book/show/822865.The_Idea_of_Prostitution,https://i.gr-assets.com/images/S/compressed.photo.goodreads.com/books/1311907474i/822865._SX50_.jpg,3,The Idea of Prostitution,Best Feminist Books
Karen E. Bender,https://www.goodreads.com/author/show/643264.Karen_E_Bender,4.09,https://www.goodreads.com/book/show/1351728.Choice,https://i.gr-assets.com/images/S/compressed.photo.goodreads.com/books/1336956623i/1351728._SY75_.jpg,4,"Choice: True Stories of Birth, Contraception, Infertility, Adoption, Single Parenthood, and Abortion",Best Feminist Books
Judith C. Brown,https://www.goodreads.com/author/show/234422.Judith_C_Brown,3.69,https://www.goodreads.com/book/show/414788.Immodest_Acts,https://i.gr-assets.com/images/S/compressed.photo.goodreads.com/books/1696474033i/414788._SY75_.jpg,3,Immodest Acts: The Life of a Lesbian Nun in Renaissance Italy,Best Feminist Books
Ellen Hopkins,https://www.goodreads.com/author/show/2821144.Ellen_Hopkins,4.19,https://www.goodreads.com/book/show/11133791-tilt,https://i.gr-assets.com/images/S/compressed.photo.goodreads.com/books/1346263814i/11133791._SX50_.jpg,4,Tilt,Best Feminist Books
Ali Smith,https://www.goodreads.com/author/show/68992.Ali_Smith,3.78,https://www.goodreads.com/book/show/1527854.Girl_Meets_Boy,https://i.gr-assets.com/images/S/compressed.photo.goodreads.com/books/1371062052i/1527854._SY75_.jpg,3,Girl Meets Boy,Best Feminist Books
Deborah Siegel,https://www.goodreads.com/author/show/56666.Deborah_Siegel,3.62,https://www.goodreads.com/book/show/1403530.Sisterhood_Interrupted,https://i.gr-assets.com/images/S/compressed.photo.goodreads.com/books/1319092283i/1403530._SY75_.jpg,3,"Sisterhood, Interrupted: From Radical Women to Grrls Gone Wild",Best Feminist Books
Margaret Atwood,https://www.goodreads.com/author/show/3472.Margaret_Atwood,3.31,https://www.goodreads.com/book/show/160728.Bodily_Harm,https://i.gr-assets.com/images/S/compressed.photo.goodreads.com/books/1320478083i/160728._SY75_.jpg,3,Bodily Harm,Best Feminist Books
Lindsay McKenna,https://www.goodreads.com/author/show/55481.Lindsay_McKenna,3.98,https://www.goodreads.com/book/show/3202017-red-tail,https://i.gr-assets.com/images/S/compressed.photo.goodreads.com/books/1238549998i/3202017._SY75_.jpg,3,Red Tail (Travis Trilogy #1),Best Feminist Books
Aileen Moreton-Robinson,https://www.goodreads.com/author/show/1122178.Aileen_Moreton_Robinson,4.49,https://www.goodreads.com/book/show/2598616-talkin-up-to-the-white-woman,https://i.gr-assets.com/images/S/compressed.photo.goodreads.com/books/1328833704i/2598616._SY75_.jpg,4,Talkin' Up to the White Woman: Indigenous Women and Feminism,Best Feminist Books
Ellen Hopkins,https://www.goodreads.com/author/show/2821144.Ellen_Hopkins,4.25,https://www.goodreads.com/book/show/270805.Impulse,https://i.gr-assets.com/images/S/compressed.photo.goodreads.com/books/1689381440i/270805._SX50_.jpg,4,"Impulse (Impulse, #1)",Best Feminist Books
Flora Rheta Schreiber,https://www.goodreads.com/author/show/38301.Flora_Rheta_Schreiber,3.99,https://www.goodreads.com/book/show/67920.Sybil,https://i.gr-assets.com/images/S/compressed.photo.goodreads.com/books/1388372325i/67920._SY75_.jpg,3,Sybil: The Classic True Story of a Woman Possessed by Sixteen Personalities,Best Feminist Books
Shari Thurer,https://www.goodreads.com/author/show/7708715.Shari_Thurer,4.03,https://www.goodreads.com/book/show/46693.Myths_of_Motherhood,https://i.gr-assets.com/images/S/compressed.photo.goodreads.com/books/1348593322i/46693._SY75_.jpg,4,Myths of Motherhood: How Culture Reinvents the Good Mother,Best Feminist Books
Jeannie Lin,https://www.goodreads.com/author/show/3496825.Jeannie_Lin,3.77,https://www.goodreads.com/book/show/17164160-the-sword-dancer,https://i.gr-assets.com/images/S/compressed.photo.goodreads.com/books/1365327746i/17164160._SY75_.jpg,3,"The Sword Dancer (Lovers and Rebels, #1; Tang Dynasty, #4)",Best Feminist Books
Abagail Adams,https://www.goodreads.com/author/show/34484085.Abagail_Adams,3.98,https://www.goodreads.com/book/show/104770.The_Feminist_Papers,https://i.gr-assets.com/images/S/compressed.photo.goodreads.com/books/1347309797i/104770._SY75_.jpg,3,The Feminist Papers: From Adams to de Beauvoir,Best Feminist Books
Doris Stevens,https://www.goodreads.com/author/show/635761.Doris_Stevens,4.23,https://www.goodreads.com/book/show/1332967.Jailed_for_Freedom,https://i.gr-assets.com/images/S/compressed.photo.goodreads.com/books/1396227271i/1332967._SX50_.jpg,4,Jailed for Freedom: American Women Win the Vote,Best Feminist Books
Elizabeth C. Bunce,https://www.goodreads.com/author/show/800019.Elizabeth_C_Bunce,3.61,https://www.goodreads.com/book/show/1743390.A_Curse_Dark_as_Gold,https://i.gr-assets.com/images/S/compressed.photo.goodreads.com/books/1286811706i/1743390._SY75_.jpg,3,A Curse Dark as Gold,Best Feminist Books
Opal Palmer Adisa,https://www.goodreads.com/author/show/221705.Opal_Palmer_Adisa,4.26,https://www.goodreads.com/book/show/1598398.It_Begins_with_Tears,https://i.gr-assets.com/images/S/compressed.photo.goodreads.com/books/1387736755i/1598398._SY75_.jpg,4,It Begins with Tears (Caribbean Writers Series),Best Feminist Books
Kaira Rouda,https://www.goodreads.com/author/show/1105560.Kaira_Rouda,4.14,https://www.goodreads.com/book/show/2490131.Real_You_Incorporated,https://i.gr-assets.com/images/S/compressed.photo.goodreads.com/books/1348556210i/2490131._SY75_.jpg,4,Real You Incorporated: 8 Essentials for Women Entrepreneurs,Best Feminist Books
Emily Lear,https://www.goodreads.com/author/show/4648248.Emily_Lear,3.36,https://www.goodreads.com/book/show/10468695-ladies-of-market-street,https://i.gr-assets.com/images/S/compressed.photo.goodreads.com/books/1328315384i/10468695._SX50_.jpg,3,Ladies of Market Street,Best Feminist Books
Sarah Diemer,https://www.goodreads.com/author/show/4719155.Sarah_Diemer,3.79,https://www.goodreads.com/book/show/10796241-the-dark-wife,https://i.gr-assets.com/images/S/compressed.photo.goodreads.com/books/1302751115i/10796241._SX50_.jpg,3,The Dark Wife,Best Feminist Books
Darcelle Adams-Frank,https://www.goodreads.com/author/show/5306513.Darcelle_Adams_Frank,4.5,https://www.goodreads.com/book/show/12986904-wait-a-minute-i-have-to-take-off-my-bra,https://i.gr-assets.com/images/S/compressed.photo.goodreads.com/books/1327541807i/12986904._SY75_.jpg,4,"Wait a Minute, I Have to Take Off My Bra",Best Feminist Books
S.C.  Cunningham,https://www.goodreads.com/author/show/3120154.S_C_Cunningham,4.22,https://www.goodreads.com/book/show/13498321-the-penance-list,https://i.gr-assets.com/images/S/compressed.photo.goodreads.com/books/1330079473i/13498321._SX50_.jpg,4,"The Penance List (David Trilogy, #1)",Best Feminist Books
Patricia Pearson,https://www.goodreads.com/author/show/274966.Patricia_Pearson,3.74,https://www.goodreads.com/book/show/6788190-when-she-was-bad,https://i.gr-assets.com/images/S/compressed.photo.goodreads.com/books/1327971898i/6788190._SY75_.jpg,3,When She Was Bad : Violent Women and the Myth of Innocence,Best Feminist Books
Manu Bhagavan,https://www.goodreads.com/author/show/1312244.Manu_Bhagavan,3.71,https://www.goodreads.com/book/show/13503176-the-peacemakers,https://i.gr-assets.com/images/S/compressed.photo.goodreads.com/books/1330398790i/13503176._SY75_.jpg,3,The Peacemakers: India and the Quest for One World,Best Feminist Books
Kate Gould,https://www.goodreads.com/author/show/4499155.Kate_Gould,3.83,https://www.goodreads.com/book/show/15748009-exposing-phallacy,https://i.gr-assets.com/images/S/compressed.photo.goodreads.com/books/1342099354i/15748009._SY75_.jpg,3,Exposing Phallacy: Flashing in Contemporary Culture,Best Feminist Books
K. Anne Pyburn,https://www.goodreads.com/author/show/2593604.K_Anne_Pyburn,0,https://www.goodreads.com/book/show/5774737-ungendering-civilization,https://i.gr-assets.com/images/S/compressed.photo.goodreads.com/books/1347368533i/5774737._SY75_.jpg,0,Ungendering Civilization,Best Feminist Books
Sarah Dalton,https://www.goodreads.com/author/show/4720363.Sarah_Dalton,3.63,https://www.goodreads.com/book/show/15730577-the-blemished,https://i.gr-assets.com/images/S/compressed.photo.goodreads.com/books/1342196957i/15730577._SX50_.jpg,3,"The Blemished (Blemished, #1)",Best Feminist Books
Brandon Kelly,https://www.goodreads.com/author/show/6565915.Brandon_Kelly,3.92,https://www.goodreads.com/book/show/16112313-why-women-are-their-own-worst-enemies,https://i.gr-assets.com/images/S/compressed.photo.goodreads.com/books/1351372939i/16112313._SX50_.jpg,3,Why Women Are Their Own Worst Enemies!,Best Feminist Books
Caroline A. Shearer,https://www.goodreads.com/author/show/3341901.Caroline_A_Shearer,3.78,https://www.goodreads.com/book/show/13497916-women-will-save-the-world,https://i.gr-assets.com/images/S/compressed.photo.goodreads.com/books/1330041753i/13497916._SY75_.jpg,3,Women Will Save the World,Best Feminist Books
Kevis Hendrickson,https://www.goodreads.com/author/show/1243034.Kevis_Hendrickson,3.62,https://www.goodreads.com/book/show/16003569-inquest,https://i.gr-assets.com/images/S/compressed.photo.goodreads.com/books/1348194564i/16003569._SX50_.jpg,3,Inquest (Rogue Hunter #1),Best Feminist Books
Douglas Nicholas,https://www.goodreads.com/author/show/4323055.Douglas_Nicholas,3.59,https://www.goodreads.com/book/show/13127397-something-red,https://i.gr-assets.com/images/S/compressed.photo.goodreads.com/books/1333142699i/13127397._SX50_.jpg,3,Something Red,Best Feminist Books
Chavisa Woods,https://www.goodreads.com/author/show/1077187.Chavisa_Woods,3.89,https://www.goodreads.com/book/show/15797028-the-albino-album,https://i.gr-assets.com/images/S/compressed.photo.goodreads.com/books/1360646319i/15797028._SX50_.jpg,3,The Albino Album,Best Feminist Books
Davina Rhine,https://www.goodreads.com/author/show/5376608.Davina_Rhine,3.9,https://www.goodreads.com/book/show/13188750-rebel-moms,https://i.gr-assets.com/images/S/compressed.photo.goodreads.com/books/1348546845i/13188750._SX50_.jpg,3,Rebel Moms: The Off-Road Map for the Off-Road Mom,Best Feminist Books
Laine Cunningham,https://www.goodreads.com/author/show/2795860.Laine_Cunningham,4.25,https://www.goodreads.com/book/show/17013836-he-drinks-poison,https://i.gr-assets.com/images/S/compressed.photo.goodreads.com/books/1371487921i/17013836._SX50_.jpg,4,He Drinks Poison,Best Feminist Books
T.D. McMichael,https://www.goodreads.com/author/show/5065152.T_D_McMichael,3.65,https://www.goodreads.com/book/show/18365529-put-them-through-the-maze,https://i.gr-assets.com/images/S/compressed.photo.goodreads.com/books/1377158282i/18365529._SY75_.jpg,3,Put Them Through the Maze: The Secrets of How to Write the Ultimate Novel,Best Feminist Books
Diana L. Eck,https://www.goodreads.com/author/show/52518.Diana_L_Eck,3.71,https://www.goodreads.com/book/show/271501.Speaking_of_Faith,https://i.gr-assets.com/images/S/compressed.photo.goodreads.com/nophoto/book/111x148._SX50_.png,3,"Speaking of Faith: Global Perspectives on Women, Religion and Social Change",Best Feminist Books
Karen L. Hudson,https://www.goodreads.com/author/show/6802600.Karen_L_Hudson,3.83,https://www.goodreads.com/book/show/17038489-chick-ink,https://i.gr-assets.com/images/S/compressed.photo.goodreads.com/books/1356033125i/17038489._SX50_.jpg,3,Chick Ink: 40 Stories of Tattoos--And the Women Who Wear Them,Best Feminist Books
Ava Kensington,https://www.goodreads.com/author/show/7428936.Ava_Kensington,3.55,https://www.goodreads.com/book/show/18947703-diaries-of-a-college-girl,https://i.gr-assets.com/images/S/compressed.photo.goodreads.com/books/1385482940i/18947703._SX50_.jpg,3,Diaries of a College Girl,Best Feminist Books
Susan K. Cahn,https://www.goodreads.com/author/show/239517.Susan_K_Cahn,3.8,https://www.goodreads.com/book/show/773838.Sexual_Reckonings,https://i.gr-assets.com/images/S/compressed.photo.goodreads.com/books/1348208552i/773838._SY75_.jpg,3,Sexual Reckonings: Southern Girls in a Troubling Age,Best Feminist Books
Mary E. Bradley Lane,https://www.goodreads.com/author/show/4843288.Mary_E_Bradley_Lane,3.02,https://www.goodreads.com/book/show/973462.Mizora,https://i.gr-assets.com/images/S/compressed.photo.goodreads.com/books/1570117686i/973462._SX50_.jpg,3,Mizora: A Prophecy,Best Feminist Books
M. Gilliland,https://www.goodreads.com/author/show/1176713.M_Gilliland,4.03,https://www.goodreads.com/book/show/14409783-the-free,https://i.gr-assets.com/images/S/compressed.photo.goodreads.com/books/1340789764i/14409783._SX50_.jpg,4,The Free:,Best Feminist Books
Kari Aguila,https://www.goodreads.com/author/show/7422555.Kari_Aguila,3.72,https://www.goodreads.com/book/show/18921754-women-s-work,https://i.gr-assets.com/images/S/compressed.photo.goodreads.com/books/1385334079i/18921754._SY75_.jpg,3,Women's Work,Best Feminist Books
Melissa Corliss DeLorenzo,https://www.goodreads.com/author/show/8182358.Melissa_Corliss_DeLorenzo,3.88,https://www.goodreads.com/book/show/22022726-the-mosquito-hours,https://i.gr-assets.com/images/S/compressed.photo.goodreads.com/books/1398783777i/22022726._SY75_.jpg,3,The Mosquito Hours,Best Feminist Books
Mary Evans,https://www.goodreads.com/author/show/11699.Mary_Evans,4,https://www.goodreads.com/book/show/1991948.Introducing_Contemporary_Feminist_Thought,https://i.gr-assets.com/images/S/compressed.photo.goodreads.com/books/1375670794i/1991948._SY75_.jpg,4,Introducing Contemporary Feminist Thought,Best Feminist Books
Glenda Bailey-Mershon,https://www.goodreads.com/author/show/1557031.Glenda_Bailey_Mershon,4.5,https://www.goodreads.com/book/show/21936602-eve-s-garden,https://i.gr-assets.com/images/S/compressed.photo.goodreads.com/books/1397699320i/21936602._SY75_.jpg,4,Eve's Garden,Best Feminist Books
Maria Braig,https://www.goodreads.com/author/show/8435301.Maria_Braig,3.85,https://www.goodreads.com/book/show/22889265-nennen-wir-sie-eugenie,https://i.gr-assets.com/images/S/compressed.photo.goodreads.com/books/1407850915i/22889265._SY75_.jpg,3,Nennen wir sie Eugenie,Best Feminist Books
Shubhangi Joshi,https://www.goodreads.com/author/show/8471963.Shubhangi_Joshi,4.8,https://www.goodreads.com/book/show/23003318-to-stir-up-an-ornate-nest,https://i.gr-assets.com/images/S/compressed.photo.goodreads.com/books/1408818612i/23003318._SY75_.jpg,4,To Stir Up an Ornate Nest,Best Feminist Books
Elisa Albert,https://www.goodreads.com/author/show/217759.Elisa_Albert,3.48,https://www.goodreads.com/book/show/20694773-after-birth,https://i.gr-assets.com/images/S/compressed.photo.goodreads.com/books/1400845270i/20694773._SY75_.jpg,3,After Birth,Best Feminist Books
