word,count,category
science,25820,science
sociology,22346,social sciences
studies,21212,other
gender,18932,gender studies
gender studies,18062,gender studies
political,16488,political science
political science,15213,political science
feminism,15045,gender studies
law,13901,law
philosophy,11144,philosophy
psychology,9862,psychology
politics,9729,political science
art,8845,arts
social,7195,social sciences
computer,6754,computer science
history,6606,history
computer science,6163,computer science
epistemology,4618,philosophy
physics,4539,science
archaeology,4186,history
studies sociology,4122,other
science law,4012,law
sociology gender,3551,gender studies
aesthetics,3460,philosophy
biology,3361,science
mathematics,3288,science
linguistics,3257,other
literature,3134,literature
social science,3051,social sciences
economics,2853,economics
engineering,2846,other
medicine,2521,health
social psychology,2329,psychology
media,2305,media studies
theory,2291,other
feminism gender,2191,gender studies
studies political,2022,other
art history,2016,arts
sociology political,2000,other
psychoanalysis,1921,philosophy
media studies,1911,media studies
feminism sociology,1868,gender studies
anthropology,1860,social sciences
ecology,1790,science
human,1778,other
music,1777,arts
feminist,1767,gender studies
mechanics,1732,science
quantum,1718,science
quantum mechanics,1705,science
science sociology,1695,science
context archaeology,1562,history
context,1562,other
public,1521,other
identity,1447,cultural studies
relations,1362,international relations
science gender,1361,gender studies
ethics,1343,philosophy
arts,1333,arts
power,1321,philosophy
geography,1311,other
analysis,1296,other
environmental,1288,other
economic,1278,economics
power physics,1277,other
pedagogy,1250,education
theology,1220,philosophy
visual,1214,arts
intelligence,1212,other
chemistry,1209,science
artificial,1205,other
artificial intelligence,1204,other
visual arts,1195,arts
ideology,1192,philosophy
movement,1183,other
law politics,1167,law
law political,1135,law
biochemistry,1102,science
narrative,1099,literature
economy,1080,political science
science philosophy,1072,science
identity music,1070,arts
health,1036,health
sexuality,993,gender studies
sociology art,993,arts
human sexuality,987,gender studies
language,985,other
sociology law,977,other
science politics,963,science
criminology,958,social sciences
business,920,business
psychology social,888,psychology
programming,886,computer science
education,885,education
science political,881,other
law philosophy,867,law
politics law,866,law
library,863,other
political economy,862,political science
humanities,860,other
science social,855,other
studies art,852,arts
research,840,research
politics political,832,other
programming language,832,computer science
scholarship,821,research
state,801,social sciences
public relations,790,other
perspective,774,other
perspective graphical,773,other
graphical,773,other
studies law,772,law
algorithm,761,science
psychology political,752,psychology
world,751,other
gene,743,science
queer,739,gender studies
work,730,other
justice,725,social sciences
philosophy law,723,philosophy
library science,721,other
history art,717,arts
history sociology,708,history
science computer,706,computer science
science art,701,arts
environmental ethics,696,philosophy
feminist theory,694,gender studies
state computer,692,computer science
international,692,international relations
politics sociology,676,other
race,675,social sciences
finance,663,economics
politics gender,657,other
psychology sociology,654,psychology
sociology psychology,653,psychology
mechanical,650,other
mechanical engineering,647,other
art sociology,639,arts
feminism politics,637,gender studies
web,635,computer science
religious,623,philosophy
operating,615,computer science
learning,614,education
neuroscience,613,psychology
computing,608,computer science
philosophy linguistics,608,philosophy
wide,607,other
world wide,606,computer science
wide web,606,computer science
critical,605,philosophy
management,604,business
studies psychology,602,psychology
epistemology philosophy,596,philosophy
oppression,596,social sciences
religious studies,595,philosophy
democracy,594,other
studies philosophy,591,other
criticism,583,philosophy
race biology,569,social sciences
literature art,566,literature
studies social,555,other
agency,550,philosophy
philosophy epistemology,549,philosophy
developmental,546,psychology
psychology gender,545,psychology
developmental psychology,543,psychology
database,541,computer science
sociology social,541,social sciences
art literature,537,literature
agency philosophy,535,philosophy
intersectionality,531,other
physics quantum,530,science
sociology philosophy,525,other
science psychology,524,science
rights,523,social sciences
paleontology,521,science
sociology politics,520,other
process,519,other
law computer,517,law
studies politics,517,other
international relations,513,international relations
genetics,508,science
communication,508,other
islam,506,philosophy
patriarchy,505,social sciences
studies feminism,498,gender studies
feminism political,497,gender studies
sociology history,497,other
art gender,494,arts
mechanics physics,490,science
psychology law,490,psychology
philosophy political,488,philosophy
philosophy sociology,486,philosophy
white,484,social sciences
sexual,483,other
representation,480,cultural studies
work physics,480,other
philosophy gender,478,philosophy
qualitative,478,research
subject,478,philosophy
growth,477,other
representation politics,474,cultural studies
subject documents,473,philosophy
mathematical,473,science
history political,473,history
documents,473,other
economic growth,471,other
group,469,social sciences
masculinity,469,gender studies
population,466,social sciences
action,466,other
art philosophy,464,arts
science history,460,science
pure,458,other
pure mathematics,457,science
feminism art,455,gender studies
black,451,social sciences
science epistemology,450,philosophy
mainstream,450,other
economic justice,449,social sciences
art political,446,arts
history law,446,history
qualitative research,446,research
demography,446,social sciences
postmodernism,445,philosophy
mathematical analysis,445,science
security,444,other
psychiatry,443,health
sociology feminism,442,gender studies
mutation,441,science
women,440,gender studies
white mutation,440,other
field,438,other
aesthetics art,438,philosophy
art law,435,arts
colonialism,433,philosophy
empowerment,432,social sciences
field mathematics,430,science
cultural,429,cultural studies
feminist movement,426,gender studies
law economics,424,law
linguistics philosophy,422,other
psychotherapist,422,psychology
geometry,422,science
studies history,420,history
femininity,419,gender studies
sociology epistemology,414,philosophy
nursing,408,health
history gender,407,history
pathology,407,health
class,405,social sciences
art art,402,arts
resistance,399,social sciences
resistance ecology,398,other
inequality,395,social sciences
science artificial,392,science
studies epistemology,385,philosophy
reading,385,literature
epistemology political,380,philosophy
feminist philosophy,380,gender studies
studies gender,379,other
complex,374,philosophy
medical,368,health
data,366,other
lesbian,365,gender studies
subjectivity,365,philosophy
reading process,364,literature
complex analysis,358,philosophy
argument,358,philosophy
control,358,health
argument complex,358,philosophy
human rights,356,social sciences
racism,355,social sciences
diversity,353,cultural studies
psychology philosophy,352,psychology
science anthropology,351,science
law art,350,arts
sociology aesthetics,350,philosophy
optics,349,science
psychoanalysis psychology,348,philosophy
biology ecology,346,science
statistics,345,science
machine,344,computer science
psychology psychology,344,psychology
machine learning,339,computer science
sociology media,336,media studies
disease,335,health
movement music,332,arts
computer security,332,computer science
philosophy art,331,philosophy
history archaeology,331,history
nationalism,329,other
violence,328,social sciences
culture,326,cultural studies
poetry,321,arts
meaning,318,philosophy
hegemony,318,social sciences
art aesthetics,317,arts
meaning existential,316,philosophy
existential,316,philosophy
china,315,other
science engineering,312,science
studies aesthetics,312,other
engineering ethics,312,philosophy
law social,311,law
chemistry biochemistry,310,science
diversity politics,309,other
law archaeology,309,history
social movement,308,social sciences
administration,308,social sciences
environmental health,306,health
indigenous,303,social sciences
development,302,other
ethnography,301,other
sociology psychoanalysis,301,other
politics feminism,300,gender studies
studies computer,299,computer science
advertising,299,economics
physics sociology,299,other
negotiation,297,other
value,295,philosophy
family,294,social sciences
care,294,social sciences
law history,293,law
consciousness,290,philosophy
poison control,287,health
poison,287,health
ecology biology,286,science
philosophy politics,285,philosophy
science linguistics,285,science
equality,283,social sciences
relation,283,other
history literature,283,history
philosophy computer,282,philosophy
cognition,282,philosophy
value mathematics,281,science
space,281,other
psychology art,280,psychology
philosophy theology,280,philosophy
economics law,278,other
internet,276,computer science
internal,275,other
gender equality,275,gender studies
cognitive,275,psychology
history philosophy,275,history
black feminism,274,social sciences
art visual,273,arts
psychology epistemology,271,psychology
ethnic,271,cultural studies
internal medicine,269,health
normative,268,other
epistemology gender,268,philosophy
science world,268,science
epistemology social,266,philosophy
public administration,266,social sciences
action physics,265,other
aesthetics philosophy,264,philosophy
ethnic group,264,social sciences
epistemology law,263,philosophy
social media,263,media studies
sociology feminist,262,gender studies
equity,260,social sciences
science aesthetics,259,philosophy
government,257,social sciences
sociology computer,256,computer science
citizenship,255,social sciences
sociology literature,252,other
relation database,252,computer science
communism,250,social sciences
solidarity,248,social sciences
capitalism,248,social sciences
law linguistics,247,law
epistemology sociology,247,philosophy
order,247,social sciences
exchange,246,social sciences
studies literature,245,literature
science archaeology,243,history
rhetoric,243,philosophy
government linguistics,243,other
law psychology,242,law
science algorithm,241,science
conversation,239,other
ancient,238,other
pregnancy,237,health
law sociology,236,law
interpretation philosophy,236,philosophy
interpretation,236,philosophy
science biology,235,science
ancient history,235,history
civil,234,other
popular,234,other
punctuation,234,other
neoliberalism international,233,international relations
neoliberalism,233,social sciences
modernity,233,philosophy
prevention,232,social sciences
space punctuation,232,other
archaeology sociology,232,history
politics philosophy,230,other
theory sociology,230,other
legal,229,law
marketing,229,business
order exchange,229,social sciences
studies media,228,media studies
cultural studies,228,cultural studies
perception,227,philosophy
art psychology,227,arts
sociological,227,social sciences
embodied cognition,225,philosophy
embodied,225,philosophy
biochemistry chemistry,225,other
praxis,224,philosophy
music gender,223,arts
law biology,222,law
literature philosophy,222,literature
psychology computer,219,computer science
marxist philosophy,219,social sciences
marxist,219,social sciences
psychoanalysis sociology,219,philosophy
critical theory,219,philosophy
aesthetics political,218,philosophy
acoustics,217,arts
science media,217,media studies
science economics,215,economics
emancipation,212,social sciences
music sociology,212,arts
class philosophy,211,social sciences
materialism,211,social sciences
studies psychoanalysis,210,philosophy
psychology psychoanalysis,209,philosophy
law physics,209,law
alternative,209,other
law epistemology,209,law
science geography,208,other
science physics,208,science
concept,207,other
alternative medicine,207,other
popular culture,206,cultural studies
literary,206,literature
science library,205,science
physics gender,204,gender studies
focus,204,other
character,203,other
astronomy,201,science
law gender,201,law
anthropology law,201,other
feeling,200,philosophy
studies feminist,200,gender studies
literature sociology,199,literature
economy law,199,economics
suicide,198,social sciences
intervention,198,social sciences
face,197,other
face sociological,197,social sciences
sociological concept,197,social sciences
science mathematics,196,science
philosophy psychology,196,philosophy
relations political,196,international relations
reproduction,196,health
character mathematics,196,science
suicide prevention,195,social sciences
cybernetics,195,computer science
science medicine,195,science
aesthetics sociology,195,philosophy
citation,194,other
theology philosophy,194,philosophy
politics social,194,social sciences
science programming,194,other
law aesthetics,193,law
transformative,192,philosophy
variety cybernetics,192,computer science
variety,192,philosophy
transformative learning,191,education
inclusion,191,social sciences
mythology,190,philosophy
knowledge,189,philosophy
psychological,189,philosophy
reproductive,189,health
queer theory,189,gender studies
framing construction,188,philosophy
framing,188,philosophy
multiculturalism,188,cultural studies
construction,188,philosophy
health care,188,health
philosophy archaeology,188,philosophy
history history,187,history
theory gender,187,other
movie theater,186,arts
movie,186,arts
theater,186,arts
mathematics education,186,education
autonomy,186,philosophy
liberalism,185,social sciences
suffrage,185,other
socialism,185,social sciences
epistemology psychology,185,philosophy
science literature,185,literature
girl,184,gender studies
transgender,184,gender studies
aesthetics law,183,philosophy
globalization,182,other
humanities art,182,other
theme,182,other
theme computing,182,other
natural,181,other
opposition,181,other
science public,181,other
curriculum,180,other
aesthetics gender,180,other
life,179,other
engineering mechanical,179,other
law anthropology,179,other
americans,178,other
economics political,178,other
domestic,177,other
art computer,177,other
arts art,176,other
higher education,174,other
mineral,174,other
inclusion mineral,174,other
period,174,other
higher,174,other
algorithm computer,174,other
policy,173,other
reflexivity,173,other
change,172,other
literature history,172,other
gene biochemistry,172,other
philosophy social,171,other
governance,171,other
science operating,170,other
discourse,170,other
essentialism,168,other
domestic violence,168,other
latin,168,other
biochemistry gene,167,other
literature gender,167,other
geology,166,other
situated,166,other
welfare,166,other
corporate,166,other
demographic,165,other
science economic,165,other
capital,165,other
psychoanalysis gender,165,other
psychology medicine,164,other
journalism,164,other
literature law,164,other
philosophy biology,163,other
latin americans,163,other
sphere,163,other
demographic economics,163,other
sociology public,162,other
psychoanalytic,162,other
psychoanalytic theory,162,other
law engineering,161,other
engineering law,159,other
economic history,159,other
equity law,158,other
mathematics sociology,158,other
literature political,157,other
family medicine,157,other
sex,156,other
grammar,156,other
chemistry gene,155,other
judaism,155,other
studies human,154,other
discourse analysis,154,other
abortion,154,other
feminism ideology,154,other
botany,153,other
privilege,153,other
coronavirus,153,other
period music,153,other
physics political,152,other
feminism psychology,152,other
war,152,other
opposition politics,151,other
publishing,151,other
sociology identity,150,other
aesthetics literature,150,other
law quantum,149,other
intelligence computer,149,other
politics art,149,other
clinical,148,other
economics sociology,148,other
classics,147,other
law literature,147,other
download,146,other
feminism psychoanalysis,146,other
feminism perspective,146,other
linguistics computer,145,other
gene chemistry,145,other
art politics,145,arts
corporate governance,145,other
injustice,144,other
privacy,144,other
science pedagogy,144,other
wife,144,other
public health,143,health
philosophy aesthetics,143,other
immigration,143,other
criminology political,143,other
psychology politics,142,other
political philosophy,141,other
privilege computing,141,other
philosophy physics,141,other
harassment,141,other
structural,141,other
process computing,141,other
physical,141,other
romance,141,other
beauty,141,other
psychology aesthetics,141,other
psychoanalysis art,141,other
archaeology gender,140,other
sexuality gender,140,other
literary criticism,140,other
phenomenon,140,other
object,139,other
ethics political,139,other
realism,139,other
mathematics geometry,138,other
politics epistemology,138,other
discipline,138,other
poverty,138,other
style,138,other
philosophy feminism,138,other
sociology human,138,other
philosophy literature,138,other
ambivalence,137,other
mathematics mathematical,137,other
science quantum,137,other
grassroots,137,other
history psychology,137,other
ethnology,137,other
law mathematics,137,other
planning,137,other
middle,137,other
sociology economic,136,other
pornography,136,other
typography,136,other
labour,135,other
construct,135,other
public sphere,135,other
sociology anthropology,135,other
market,135,other
relations sociology,134,other
clinical psychology,134,other
feminism human,133,other
new,133,other
science environmental,133,other
sociology context,133,other
python,132,other
paleontology biology,131,other
biography,131,other
history aesthetics,131,other
construct python,131,other
python library,131,other
psychology developmental,131,other
mathematics pure,130,other
psychological intervention,130,other
history politics,130,other
anthropology philosophy,130,other
individualism,129,other
german,129,other
sociology economics,129,other
rhetorical,129,other
building,129,other
internet privacy,129,other
politics computer,129,other
feminism social,129,other
feminism feminist,128,other
position,128,other
aesthetics psychology,128,other
feminism context,128,other
economics economics,128,other
feminism history,127,other
data science,127,other
content,127,other
sexual violence,127,other
vision,127,other
criminal,127,other
biology paleontology,126,other
silence,126,other
mental,126,other
aesthetics epistemology,126,other
2019,126,other
science criminology,125,other
set,125,other
question,125,other
society,125,other
sociology environmental,125,other
engineering philosophy,125,other
graphical sociology,125,other
cognitive psychology,124,psychology
relevance law,124,other
politics aesthetics,124,other
sociology power,124,other
biology gender,124,other
relevance,124,other
market economy,123,other
linguistics law,123,other
science business,123,other
object grammar,123,other
psychoanalysis philosophy,123,other
deconstruction building,123,other
deconstruction,123,other
sociology criminology,122,other
law ecology,122,other
drama,122,other
sociology engineering,122,other
icon,120,other
affect,120,other
science ecology,120,other
status,120,other
studies power,120,other
theory political,120,other
sexuality sociology,120,other
anthropology political,120,other
development economics,120,other
engineering computer,119,other
color,119,other
sustainability,119,other
feminism power,119,other
movement political,118,other
liberation,118,other
independence,118,other
ecofeminism,118,other
humanities political,118,other
history computer,118,other
positive,118,other
rhetorical question,118,other
ideal,117,other
faith,117,other
sociology medicine,117,other
probability,116,other
thematic,116,other
cartography,116,other
metaphor,116,other
mathematics mathematics,116,other
women history,116,other
focus optics,116,other
philosophy mathematics,116,other
sociology religious,115,other
humanities philosophy,115,other
ideal ethics,115,other
dominance,115,other
philosophy history,115,other
studies anthropology,115,other
psychology literature,115,other
feminism narrative,114,other
history media,114,other
citizen,114,other
black women,114,other
type,114,other
telecommunications,114,other
politics history,114,other
studies public,114,other
resource,113,other
thematic analysis,113,other
aesthetics history,113,other
archaeology law,113,other
position finance,113,other
movement sociology,112,other
science feminism,112,other
positive economics,112,other
medicine pathology,112,other
financial,112,other
independence probability,111,other
performance,111,other
probability theory,111,other
dominance genetics,111,other
affect linguistics,111,other
sociology geography,111,other
ideology gender,111,other
archaeology philosophy,111,other
epistemology art,110,other
abstract data,110,other
information,110,other
humanism,110,other
data type,110,other
music political,110,other
biology law,110,other
abstract,110,other
realm,110,other
network,110,other
epistemology aesthetics,110,other
feminism islam,109,other
citizen journalism,109,other
studies theology,109,other
economy sociology,109,other
psychology history,109,other
specialty,109,other
epistemology politics,109,other
law theology,109,other
agriculture,109,other
mental health,109,psychology
biology philosophy,109,other
set abstract,108,other
medicine law,108,other
vulnerability,108,other
linguistics political,108,other
relations gender,108,other
utterance,107,other
architecture,107,other
historiography,106,other
appropriation,106,other
psychology linguistics,106,other
disease medical,105,other
leadership,105,other
infectious disease,105,other
medical specialty,105,other
infectious,105,other
geography law,104,other
empire,104,other
19,104,other
covid 19,104,other
ideology sociology,104,other
covid,104,other
vulnerability computing,104,other
coronavirus disease,104,other
disease 2019,104,other
2019 covid,104,other
archaeology politics,103,other
postcolonialism international,103,other
postcolonialism,103,other
digital,103,other
gerontology,103,other
emergency,103,other
science theology,103,other
knowledge management,103,other
style visual,103,other
performative utterance,102,other
natural archaeology,102,other
criminology sociology,102,other
performative,102,other
criminology law,102,other
institution,102,other
literacy,102,other
justice sociology,102,other
translation,102,other
virus,102,other
studies identity,102,other
feminism philosophy,102,other
enlightenment,102,other
ethics sociology,101,other
aesthetics social,101,other
epistemology computer,101,other
newspaper,101,other
philosophy anthropology,101,other
science database,101,other
right,100,other
genealogy,100,other
race theory,100,other
critical race,100,other
theory feminism,99,other
labour economics,99,other
subordination linguistics,99,other
pleasure,99,other
performance art,99,other
subordination,99,other
engineering engineering,99,other
medical education,99,other
narrative sociology,99,other
morality,98,other
archaeology computer,98,other
identity politics,98,other
medical emergency,98,other
structural engineering,98,other
dance,97,other
virus hiv,97,other
human immunodeficiency,97,other
feminism identity,97,other
mathematics philosophy,97,other
legislation,97,other
evolutionary,97,other
immunodeficiency virus,97,other
hiv,97,other
scholarship sociology,97,other
therapy,97,other
immunodeficiency,97,other
aesthetics politics,96,other
arts sociology,96,other
studies context,96,other
social justice,96,other
postmodernism feminism,96,other
legitimacy,96,other
education sociology,96,other
theory epistemology,95,other
politics feminist,95,other
law artificial,95,other
pedagogy political,95,other
narrative gender,95,other
existentialism,94,philosophy
philosophy psychoanalysis,94,other
participatory,94,other
women color,94,other
entrepreneurship,94,other
philosophy quantum,94,other
elite,94,other
law medicine,94,other
psychology pedagogy,93,other
methodology,93,other
linguistics sociology,93,other
economics finance,93,other
law chemistry,93,other
harm,93,other
biology sociology,93,other
theory social,92,other
law geography,92,other
art social,92,other
reproductive health,92,other
philosophy science,92,other
appeal,92,other
collective,92,other
literature aesthetics,92,other
economy political,91,other
climate,91,other
feminism state,91,other
medicine political,91,other
optics physics,91,other
section,90,other
language computer,90,other
modernism,90,other
art linguistics,90,other
spirituality,90,other
studies economic,90,other
orientation,90,other
humanities sociology,90,other
dialectic,90,other
subversion,90,other
science chemistry,89,science
meteorology,89,other
democracy political,89,other
mathematics statistics,89,other
art media,89,other
art epistemology,89,other
sociology pedagogy,88,other
focus group,88,other
physics philosophy,88,other
action research,88,other
ideology feminism,88,other
analysis mathematics,88,other
mainstreaming,88,other
science machine,88,other
geography archaeology,88,other
studies linguistics,88,other
studies criminology,87,other
web computer,87,other
science human,87,other
constitution,87,other
physics politics,87,other
phenomenology,87,other
articulation,87,other
articulation sociology,87,other
analysis sociology,86,other
term,86,other
social change,86,other
indonesian,86,other
technology,86,other
politics psychology,86,other
science visual,86,other
phenomenology philosophy,86,other
archaeology political,86,other
geography sociology,86,other
political radicalism,85,other
studies pedagogy,85,other
theory feminist,85,other
radicalism,85,other
linguistics archaeology,85,other
art psychoanalysis,85,other
futures,85,other
socioeconomics,85,other
social work,85,other
feminism black,85,other
consumption,85,other
self,85,other
contract,84,other
mathematics gender,84,other
service,84,other
research methodology,83,other
scholarship gender,83,other
ethics gender,83,other
oppression feminism,83,other
economics social,83,other
interaction,83,other
sociology narrative,83,other
feminism scholarship,82,other
ergonomics,82,other
literature psychology,82,other
materials,82,other
studies ideology,82,other
economics philosophy,82,other
activism,82,other
factors ergonomics,82,other
philosophy artificial,82,other
human factors,82,other
feminism epistemology,82,other
materials science,82,other
factors,82,other
irish,81,other
everyday,81,other
scholarship feminism,81,other
feminism oppression,81,other
obstetrics,81,other
oppression gender,81,other
project,81,other
physics computer,81,other
studies engineering,80,other
control suicide,79,other
modernism music,79,other
economic geography,79,other
humanity,79,other
philosophy feminist,79,other
authoritarianism,79,other
politics linguistics,79,other
measure,79,other
homosexuality,79,other
futures contract,78,other
neoclassical,78,other
geography political,78,other
section typography,78,other
transformation,78,other
neoclassical economics,78,other
ratio,78,other
studies visual,78,other
economics gender,78,other
masculinity gender,78,other
conceptualization,78,other
scale,78,other
economics computer,78,other
studies religious,78,other
politics context,77,other
linguistics gender,77,other
intersectionality sociology,77,other
memoir,77,other
community,77,other
feminism race,77,other
wave,77,other
civil society,77,other
gender inequality,77,other
feminism aesthetics,77,other
everyday life,77,other
posthuman,76,other
criminal justice,76,other
biology genetics,76,other
archaeology linguistics,76,other
psychology psychotherapist,76,other
art archaeology,76,other
financial economics,76,other
history visual,76,other
justice political,76,other
film,76,other
economics politics,75,other
queer gender,75,other
biology political,75,other
critical discourse,75,other
empirical,75,other
disability,75,other
psychology engineering,75,other
psychology psychiatry,75,other
tourism,75,other
working,75,other
studies physics,74,other
philosophy medicine,74,other
counseling,74,other
evolutionary biology,74,other
studies narrative,74,other
patriarchy gender,74,other
physics law,74,other
theology law,74,other
art anthropology,74,other
auditing,73,other
ethics epistemology,73,other
materiality auditing,73,other
relations social,73,other
materiality,73,other
ethics philosophy,73,other
diaspora,73,other
union,73,other
content measure,73,other
popularity,73,other
global,73,other
measure theory,73,other
computer network,73,other
key,73,other
applied,73,other
patriarchy feminism,72,other
psychoanalysis political,72,other
medicine sociology,72,other
liberation movement,72,other
history social,72,other
biology computer,72,other
computer interaction,72,other
law biochemistry,72,other
sociology visual,72,other
human computer,72,other
ideology politics,72,other
feminism law,71,other
science biochemistry,71,other
commodification,71,other
manifesto,71,other
politics identity,71,other
consumption sociology,71,other
psychoanalysis law,71,other
poetics,71,other
comics,71,other
middle class,71,other
politics ideology,71,other
politics literature,71,other
science psychoanalysis,70,other
status quo,70,other
mathematics law,70,other
mathematics computer,70,other
intelligence philosophy,70,other
studies black,70,other
scale ratio,70,other
thermodynamics,70,other
philosophy engineering,70,other
quo,70,other
feminism literature,70,other
performativity,70,other
psychology criminology,70,other
promotion,69,other
gender identity,69,other
contradiction,69,other
history ancient,69,other
climate change,69,other
storytelling,69,other
legislature,69,other
science humanities,69,other
medicine social,68,other
robot,68,other
ecology philosophy,68,other
psychoanalysis aesthetics,68,other
intervention counseling,68,other
material,68,other
alliance,68,other
orientalism,68,other
sociology ideology,68,other
physics social,67,other
graph,67,other
studies biology,67,other
music feminism,67,other
fantasy,67,other
aerospace,67,other
physics feminism,67,other
waste,67,other
aerospace engineering,67,other
criminology psychology,67,other
sociology critical,67,other
creativity,67,other
christianity,67,other
environmentalism,67,other
genetics biology,67,other
feminism representation,66,other
objectivity philosophy,66,other
objectivity,66,other
politics power,66,other
graphics,66,other
production,66,other
sexual orientation,66,other
law neuroscience,66,other
scope,66,other
graph theory,66,other
economics economic,66,other
key lock,66,other
operating computer,66,other
lock,66,other
theory politics,66,other
metaphysics,66,other
populism,66,other
femininity feminism,66,other
graphical gender,66,other
scope computer,66,other
macroeconomics,65,other
studies medicine,65,other
microeconomics,65,other
ecology sociology,65,other
literature politics,65,other
pragmatism,65,other
growth economics,65,other
international law,65,other
pedagogy psychology,65,other
hegemonic,65,other
politics archaeology,65,other
physical therapy,65,other
hegemonic masculinity,65,other
east,65,other
secularism,65,other
philosophy philosophy,64,other
anthropology art,64,other
psychology physics,64,other
feminist theology,64,other
geometry mathematics,64,other
contest,64,other
dilemma,64,other
art humanities,64,other
biopower,64,other
physics optics,64,other
archaeology feminism,64,other
movement gender,64,other
studies mathematics,64,other
world war,64,other
pandemic,64,other
sociology biology,64,other
anthropology computer,64,other
pluralism,64,other
environmental science,64,other
lesbian gender,64,other
psychology mathematics,64,other
social capital,63,other
empirical research,63,other
politics biology,63,other
prejudice,63,other
legal term,63,other
prejudice legal,63,other
law business,63,other
semiotics,63,other
research sociology,63,other
philosophy programming,63,other
ethics social,63,other
chess,63,other
law visual,63,other
archaeology physics,63,other
evolution,62,other
biology physics,62,other
child,62,other
psychoanalysis epistemology,62,other
islam gender,62,other
friendship,62,other
waste management,62,other
islam feminism,62,other
property,62,other
cognitive science,62,other
expression,62,other
sovereignty,62,other
posthumanism,62,other
invisibility,62,other
ecology gender,62,other
accounting,62,other
abuse,62,other
law pedagogy,62,other
league,62,other
history anthropology,61,other
feminism media,61,other
feminism queer,61,other
kinship,61,other
mathematics political,61,other
computing sociology,61,other
studies environmental,61,other
justice gender,61,other
positivism,61,other
feminism patriarchy,61,other
business political,61,other
feminism subject,61,other
medicine internal,61,other
education psychology,61,other
sociocultural,61,other
american,61,other
stigma,61,other
trafficking,61,other
rights political,61,other
design,60,other
fertility,60,other
index,60,other
physics biology,60,other
feminism movement,60,other
medicine nursing,60,other
participatory action,60,other
anger,60,other
social identity,60,other
ethos,60,other
embedded,60,other
finance economics,60,other
feminism criticism,60,other
daughter,60,other
sociology perspective,60,other
physics linguistics,60,other
oppression sociology,60,other
arts gender,60,other
ontology,60,other
relativism,60,other
pedagogy gender,60,other
pedagogy sociology,59,other
psychology feminism,59,other
legal theory,59,other
welfare state,59,other
family planning,59,other
science state,59,other
law algorithm,59,other
politics state,59,other
conservatism,59,other
dignity,59,other
feminist legal,59,other
psychology economics,59,other
heteronormativity,59,other
aesthetics psychoanalysis,59,other
mechanics philosophy,59,other
archaeology biology,59,other
politics politics,59,other
quality,58,other
law programming,58,other
history geography,58,other
multimedia,58,other
promotion chess,58,other
economy gender,58,other
law paleontology,58,other
studies geography,58,other
moral,58,other
history epistemology,58,other
standard,58,other
skepticism,58,other
epistemology history,58,other
sociology queer,58,other
theology political,58,other
sociology field,58,other
rights law,58,other
shame,58,other
sociology business,58,other
objectification,58,other
physics astronomy,58,other
psychology biology,57,other
rna,57,other
genetic,57,other
feminism computer,57,other
business law,57,other
intelligence law,57,other
working class,57,other
philosophy chemistry,57,other
constructionism,57,other
epistemology linguistics,57,other
contemporary,57,other
feminism agency,57,other
social group,57,other
portrait,56,other
translation biology,56,other
depiction,56,other
personality,56,other
sociology work,56,other
linguistics politics,56,other
music politics,56,other
aesthetics media,56,other
sociology linguistics,56,other
mathematics physics,56,other
pedagogy law,56,other
index typography,56,other
fundamentalism,56,other
medicine environmental,56,other
messenger,56,other
law law,56,other
messenger rna,56,other
trade,56,other
studies queer,56,other
reflection,56,other
modernization,55,other
interpersonal,55,other
law communication,55,other
economy economics,55,other
norm,55,other
reframing,55,other
science neuroscience,55,other
event,55,other
intersectionality feminism,55,other
pluralism philosophy,55,other
cognitive reframing,55,other
ethics law,55,other
resource management,55,other
relations law,55,other
resilience,55,other
general,55,other
hierarchy,55,other
sexuality feminism,55,other
psychology archaeology,55,other
scrutiny,55,other
empowerment gender,54,other
criminology gender,54,other
studies intersectionality,54,other
globe,54,other
feminism democracy,54,other
food,54,other
identity theory,54,other
behavior,54,other
law communism,54,other
racism sociology,54,other
epistemology anthropology,54,other
exhibition,54,other
gender mainstreaming,54,other
linguistics art,54,other
comedy,54,other
science communication,54,other
gender equity,54,other
norm philosophy,54,other
physics psychology,54,other
middle east,54,other
mechanics computer,54,other
mainstream feminism,54,other
physics epistemology,53,other
ii,53,other
research social,53,other
medicine computer,53,other
gaze,53,other
systems,53,other
wing,53,other
heterosexuality,53,other
politics media,53,other
psychology neuroscience,53,other
jurisprudence,53,other
capital architecture,53,other
statistics mathematics,53,other
identification,53,other
nexus standard,53,other
medline,53,other
war ii,53,other
engineering biology,53,other
sustainable,53,other
civil engineering,53,other
feminism china,53,other
psychology theology,53,other
documents sociology,53,other
nexus,53,other
refugee,53,other
philosophy ecology,52,other
aeronautics,52,other
sociocultural evolution,52,other
inequality gender,52,other
woman,52,other
science religious,52,other
physics acoustics,52,other
utopia,52,other
pedagogy social,52,other
feminism white,52,other
content analysis,52,other
feminism postmodernism,52,other
arts political,52,other
environmental planning,52,other
networking,52,other
model,52,other
narrative feminism,52,other
rationality,52,other
studies economics,52,other
musical,52,other
commissioning,52,other
project commissioning,52,other
originality,52,other
backlash,52,other
mutation gender,52,other
sociology theology,52,other
health medicine,51,other
mass,51,other
acoustics physics,51,other
battle,51,other
combinatorics,51,other
virtue,51,other
management science,51,other
psychology public,51,other
administration law,51,other
modernization theory,51,other
expression computer,51,other
ecology law,51,other
feminism mainstream,51,other
physics archaeology,51,other
analysis gender,51,other
european,51,other
identification biology,51,other
subaltern,50,other
politics anthropology,50,other
anthropology politics,50,other
medicine medical,50,other
intersectionality gender,50,other
democracy sociology,50,other
disadvantaged,50,other
history psychoanalysis,50,other
growth political,50,other
femininity gender,50,other
visibility,50,other
education political,50,other
environmental resource,50,other
collective action,50,other
universalism,50,other
islam sociology,50,other
game,50,other
feminism citation,50,other
biology linguistics,50,other
criticism sociology,49,other
graphical feminism,49,other
dissent,49,other
medicine philosophy,49,other
imaginary,49,other
law mechanical,49,other
sociology black,49,other
philosophy pedagogy,49,other
sexual identity,49,other
epistemology psychoanalysis,49,other
queer sociology,49,other
autoethnography,49,other
accountability,49,other
anthropology history,49,other
convention,49,other
sex work,49,other
education pedagogy,49,other
division,49,other
epistemology feminist,49,other
denial,49,other
politics physics,49,other
hollywood,49,other
philosophy economics,49,other
social theory,49,other
politics public,49,other
sociology scholarship,49,other
feminism nationalism,49,other
politics economics,49,other
bourgeoisie,48,other
law pure,48,other
processing,48,other
parliament,48,other
feminism cultural,48,other
ethnography sociology,48,other
social reproduction,48,other
studies colonialism,48,other
geography economics,48,other
engineering mathematics,48,other
history linguistics,48,other
suffrage feminism,48,other
music social,48,other
sociology library,48,other
medicine psychology,48,other
literature social,48,other
socialization,48,other
pride,48,other
rights sociology,48,other
hinduism,48,other
arts law,48,other
caste,48,other
feminism socialism,48,other
law human,48,other
militarism,47,other
social activism,47,other
learning computer,47,other
psychology human,47,other
revolution,47,other
patriarchy sociology,47,other
nationalism gender,47,other
linguistics biology,47,other
law library,47,other
workforce,47,other
militant,47,other
management economics,47,other
african,47,other
civilization,47,other
studies white,47,other
sociology democracy,47,other
service business,47,other
special,47,other
athletes,47,other
colonialism sociology,47,other
foregrounding,47,other
science feminist,47,other
sociology agency,47,other
theology linguistics,47,other
alienation,47,other
psychology anthropology,47,other
law gene,46,other
pedagogy philosophy,46,other
blame,46,other
subjectivity feminism,46,other
eating,46,other
literature epistemology,46,other
law economic,46,other
economics psychology,46,other
politics mathematics,46,other
security computer,46,other
ecology computer,46,other
media sociology,46,other
psychology geography,46,other
oceanography,46,other
craft,46,other
point,46,other
software,46,other
pathology alternative,46,other
postmodernism sociology,46,other
historical,46,other
studies patriarchy,46,other
experience,46,other
new woman,45,other
law mathematical,45,other
radiology,45,other
psychoanalysis social,45,other
criminal law,45,other
studies humanities,45,other
art feminism,45,other
surgery,45,other
virology,45,other
disability studies,45,other
outbreak,45,other
dream,45,other
conflict,45,social sciences
information retrieval,45,other
linguistics quantum,45,other
retrieval,45,other
premise,45,other
decolonization,45,other
science democracy,45,other
time,45,other
temporality,45,other
approach,45,other
islamophobia,45,other
medicine medicine,45,other
arts computer,45,other
sociology state,45,other
evidence,45,other
gynecology,45,other
terrorism,45,other
ecology political,45,other
science education,44,other
dualism,44,other
plot,44,other
politics democracy,44,other
economy economic,44,other
sociology mathematics,44,other
european union,44,other
sharia,44,other
science psychiatry,44,other
practice,44,other
civil war,44,other
spanish civil,44,other
spanish,44,other
plot graphics,44,other
computer programming,44,other
science qualitative,44,other
sustainable development,44,other
mutation sociology,44,other
intersection,44,other
feminist epistemology,44,other
inequality sociology,44,other
geography computer,44,other
language philosophy,44,other
feminism intersectionality,44,other
feminism reading,44,other
intersection aeronautics,44,other
geography gender,44,other
business sociology,44,other
studies state,44,other
genetic algorithm,44,other
biology quantum,44,other
literature psychoanalysis,44,other
mind,44,other
stigma botany,44,other
mathematics linguistics,44,other
military,44,other
feminism download,43,other
buddhism,43,other
anatomy,43,other
epistemology environmental,43,other
composite,43,other
feminism empowerment,43,other
medicine gender,43,other
geography social,43,other
anthropocentrism,43,other
science finance,43,other
nursing medicine,43,other
austerity,43,other
archaeology social,43,other
sensibility,43,other
study,43,other
engineering archaeology,43,other
sociology cultural,43,other
transformation genetics,43,other
wonder,43,other
science internet,43,other
sexuality political,43,other
body,43,other
witness,43,other
philosophy biochemistry,43,other
architectural engineering,43,other
architectural,43,other
feminism resistance,43,other
engineering physics,43,other
engineering politics,43,other
research psychology,43,other
national,43,other
epistemology literature,43,other
biology archaeology,43,other
sexual abuse,43,other
science demography,43,other
reactionary,43,other
anthropology social,43,other
lens,43,other
christian,42,other
organic,42,other
bias,42,other
classical,42,other
queer feminism,42,other
aesthetics visual,42,other
literature computer,42,other
trace psycholinguistics,42,other
trace,42,other
art engineering,42,other
logic,42,other
psychology sexual,42,other
sociology white,42,other
music aesthetics,42,other
studies world,42,other
mathematics feminism,42,other
politics communism,42,other
studies archaeology,42,history
relations feminism,42,other
sociology qualitative,42,other
medicine alternative,42,other
politics quantum,42,other
law demography,42,other
history classics,42,other
movement politics,42,other
empathy,42,other
hero,42,other
negotiation gender,42,other
theory psychoanalysis,42,other
anthropocene,42,other
sociology representation,42,other
reflection computer,42,other
feminism economic,42,other
psycholinguistics,42,other
eugenics,42,other
medicine engineering,42,other
prison,42,other
theory aesthetics,42,other
microbiology,42,other
documents gender,41,other
turkish,41,other
left,41,other
politics human,41,other
feminism colonialism,41,other
private,41,other
ignorance,41,other
childhood,41,other
business marketing,41,other
studies race,41,other
sociology argument,41,other
studies library,41,other
uml,41,other
equality political,41,other
parallels,41,other
psychoanalysis literature,41,other
composite material,41,other
point geometry,41,other
court,41,other
chemistry archaeology,41,other
astronomy physics,41,other
philosophy environmental,41,other
sociology race,41,other
civil rights,41,other
happiness,41,other
biology politics,41,other
biology gene,41,other
colonialism gender,41,other
ethics psychology,40,other
prevention poison,40,other
health psychology,40,other
database computer,40,other
active,40,other
feminism materialism,40,other
reproductive rights,40,other
enforcement,40,other
foreign,40,other
empowerment sociology,40,other
early,40,other
studies sexual,40,other
reform,40,other
art theology,40,other
mathematics social,40,other
philosophy pure,40,other
aesthetics computer,40,other
archaeology quantum,40,other
democracy gender,40,other
law finance,40,other
soul,40,other
mathematics artificial,40,other
punctuation sociology,40,other
interpersonal communication,40,other
product,40,other
flourishing,40,other
bioethics,40,other
economics epistemology,40,other
studies business,40,other
western,40,other
epistemology feminism,40,other
organic chemistry,40,other
pregnancy genetics,40,other
linguistics social,40,other
archaeology epistemology,40,other
sociology women,40,other
psychology cognitive,40,other
arts literature,39,other
gap,39,other
human geography,39,other
linguistics epistemology,39,other
assault,39,other
anthropology archaeology,39,other
symbolic,39,other
renaissance,39,other
formal,39,other
music art,39,other
gender relations,39,other
sociology humanities,39,other
biology biochemistry,39,other
history religious,39,other
equality sociology,39,other
philosophy algorithm,39,other
dynamics,39,other
raising,39,other
geography philosophy,39,other
law criminology,39,other
philosophy education,39,other
archaeology psychology,39,other
administration sociology,39,other
law environmental,39,other
critical pedagogy,39,other
honor,39,other
anxiety,39,other
rights gender,39,other
number,39,other
management computer,39,other
physics mathematics,39,other
translation studies,39,other
egalitarianism,39,other
philosophy neuroscience,39,other
linguistics physics,39,other
presidential,39,other
islamic,39,other
science mechanical,39,other
sexual assault,39,other
area,39,other
politics ecology,39,other
epistemology theology,38,other
consumerism,38,other
criticism feminism,38,other
hegelianism,38,other
philosophy religious,38,other
digital media,38,other
mainstream gender,38,other
china gender,38,other
epistemology archaeology,38,other
studies critical,38,other
economics archaeology,38,other
group sociology,38,other
function,38,other
criticism gender,38,other
constructive,38,other
masculinity sociology,38,other
sociology archaeology,38,other
theory critical,38,other
natural language,38,other
epistemology engineering,38,other
comparative,38,other
praxis sociology,38,other
feminism public,38,other
science paleontology,38,other
linguistics psychology,38,other
cancer,38,other
education gender,38,other
studies hegemony,38,other
george,38,other
george robot,38,other
science data,38,other
studies movement,37,other
studies women,37,other
clothing,37,other
organizational,37,other
constructivism,37,other
protestantism,37,other
product mathematics,37,other
citation sociology,37,other
feminism sexual,37,other
history theology,37,other
health equity,37,other
general partnership,37,other
psychology media,37,other
engineering political,37,other
feminism critical,37,other
psychology poison,37,other
engineering linguistics,37,other
law psychoanalysis,37,other
art mathematics,37,other
economy social,37,other
commission,37,other
medicine physics,37,other
mining,37,other
selection,37,other
theology epistemology,37,other
biology social,37,other
science management,37,other
doctrine,37,other
law feminism,37,other
economics mathematics,37,other
politics engineering,37,other
physics chemistry,37,other
biology botany,37,other
culture sociology,37,other
music feminist,37,other
mathematics archaeology,37,other
female,37,other
feminism consciousness,37,other
linguistics mathematics,37,other
writing,37,other
partnership,37,other
passion,37,other
spheres,37,other
childbirth,37,other
linguistics artificial,36,other
democracy law,36,other
science pure,36,other
election,36,other
philosophy communication,36,other
historicism,36,other
feminist pedagogy,36,other
quality philosophy,36,other
ecology politics,36,other
special education,36,other
feminist ethics,36,other
feminism character,36,other
philosophy operating,36,other
transition,36,other
stereotype,36,other
economics linguistics,36,other
inequality political,36,other
function biology,36,other
feminism humanities,36,other
literature archaeology,36,other
literature linguistics,36,other
art physics,36,other
sociology ecology,36,other
history library,36,other
symbol formal,36,other
sociology intersectionality,36,other
symbol,36,other
feminism masculinity,36,other
aesthetics linguistics,36,other
engineering economics,36,other
opinion,36,other
literary theory,36,other
feminism poetry,36,other
health sociology,36,other
crisis,36,other
feminism lesbian,36,other
sociology physics,36,other
test,36,other
paleontology philosophy,36,other
biology feminism,36,other
subjectivity sociology,35,other
social constructionism,35,other
supreme court,35,other
arts philosophy,35,other
supreme,35,other
hermeneutics,35,other
islam political,35,other
language processing,35,other
studies resistance,35,other
socioeconomic status,35,other
electrical engineering,35,other
electrical,35,other
empowerment feminism,35,other
art biology,35,other
psychology qualitative,35,other
aesthetics anthropology,35,other
socioeconomic,35,other
psychology clinical,35,other
conversation sociology,35,other
queer queer,35,other
medicine biology,35,other
geopolitics,35,other
group gender,35,other
archaeology chemistry,35,other
mathematics politics,35,other
anthropology physics,35,other
adventure,35,other
bridge,35,other
philosophy context,35,other
learning sociology,35,other
particle,35,other
pedagogy computer,35,other
studies oppression,35,other
indigenous sociology,35,other
sociology sexual,35,other
feminism citizenship,35,other
bridge graph,35,other
international trade,35,other
bureaucracy,35,other
undoing,35,other
human trafficking,35,other
humanities gender,35,other
studies advertising,35,other
physics art,35,other
data mining,34,other
hybridity,34,other
binary,34,other
violence sociology,34,other
injury,34,other
history physics,34,other
chromatography,34,other
mechanics biology,34,other
politics economic,34,other
religion,34,philosophy
analysis feminism,34,other
science gene,34,other
political activism,34,other
engineering social,34,other
existential sociology,34,other
jewish,34,other
pregnancy biology,34,other
care work,34,other
science population,34,other
gender gap,34,other
sociology ethnography,34,other
relationship,34,other
typology,34,other
sociology relation,34,other
arts aesthetics,34,other
democratization,34,other
complicity,34,other
task,34,other
painting,34,other
economics geography,34,other
feminism marxist,34,other
obligation,34,other
transnationalism,34,other
social inequality,34,other
irony,34,other
relations politics,34,other
citizenship gender,34,other
destiny,34,other
mainstream sociology,34,other
balance,34,other
law world,34,other
sociology subject,34,other
history feminism,34,other
culture media,34,other
sociology criticism,34,other
business finance,34,other
process gender,34,other
politics algorithm,33,other
punk,33,other
mass media,33,other
science psychotherapist,33,other
voting,33,other
ecology social,33,other
environmental justice,33,other
conceptual,33,other
medicine human,33,other
feminism femininity,33,other
structure,33,other
anthropology epistemology,33,other
sociology world,33,other
anthropology sociology,33,other
feminism racism,33,other
geography anthropology,33,other
particle physics,33,other
demography population,33,other
equality gender,33,other
anthropology biology,33,other
affordance,33,other
history biology,33,other
engineering artificial,33,other
feminism work,33,other
television,33,other
politics narrative,33,other
online,33,other
movement social,33,other
computing gender,33,other
lens geology,33,other
medicine psychiatry,33,other
stereotype uml,33,other
internationalism politics,33,other
studies cultural,33,other
pediatrics,33,other
operationalization,33,other
sociology resistance,33,other
urban,33,other
communism politics,33,other
sociology oppression,33,other
courage,33,other
communication philosophy,33,other
scholarship politics,33,other
psychoanalysis history,33,other
institutionalisation,33,other
internationalism,33,other
psychology business,33,other
listening,33,other
philosophy visual,33,other
science ancient,32,other
post,32,other
theology art,32,other
studies programming,32,other
wage,32,other
livelihood,32,other
persona,32,other
sociology colonialism,32,other
polity,32,other
psychology nursing,32,other
injury prevention,32,other
sociology value,32,other
module,32,other
active listening,32,other
destiny iss,32,other
unit,32,other
studies empowerment,32,other
pedagogy epistemology,32,other
sociology demography,32,other
terminology,32,other
research gender,32,other
censorship,32,other
disorders,32,other
iss module,32,other
criminology social,32,other
ethics environmental,32,other
housewife,32,other
feminism solidarity,32,other
philosophy paleontology,32,other
sociology popular,32,other
presentation,32,other
psychological resilience,32,other
studies work,32,other
iss,32,other
social transformation,32,other
narrative politics,32,other
growth law,32,other
plural,32,other
sociology patriarchy,32,other
archaeology algorithm,32,other
governmentality,32,other
unconscious,32,other
sexual revolution,32,other
physics thermodynamics,32,other
studies perspective,32,other
economics engineering,32,other
feminism action,32,other
science developmental,32,other
clarity,32,other
hegemony sociology,32,other
reproduction sociology,32,other
ethics engineering,32,other
south,32,other
separate spheres,32,other
studies agency,32,other
geography politics,32,other
analysis computer,32,other
sociology hegemony,32,other
history performance,32,other
sociology racism,32,other
educational,32,other
geography history,32,other
asia,32,other
responsibility,32,other
frame,32,other
structuralism,32,other
feminism emancipation,32,other
aesthetics feminism,32,other
web law,32,other
separate,32,other
femininity sociology,31,other
word,31,other
politics pedagogy,31,other
applied psychology,31,other
center,31,other
emancipation feminism,31,other
theology gender,31,other
research political,31,other
viewpoints,31,other
tragedy,31,other
social policy,31,other
anthropology linguistics,31,other
public space,31,other
early childhood,31,other
role,31,other
eating disorders,31,other
spectacle,31,other
racism gender,31,other
mechanics archaeology,31,other
sister,31,other
sampling,31,other
restructuring,31,other
lesbian feminism,31,other
fandom,31,other
theology sociology,31,other
miller,31,other
technoscience,31,other
constructivism international,31,other
history medicine,31,other
gender bias,31,other
population demography,31,other
web gender,31,other
growth sociology,31,other
cognition sociology,31,other
anthropology aesthetics,31,other
religiosity,31,other
precarity,31,other
presentation obstetrics,31,other
prevention medicine,31,other
binary opposition,31,other
animal,31,other
fishery,31,other
entertainment,31,other
studies representation,31,other
advertising business,31,other
process sociology,31,other
nuclear,31,other
feminism women,31,other
male,30,other
grounded,30,other
framework,30,other
grounded theory,30,other
breastfeeding,30,other
mathematics epistemology,30,other
physics algorithm,30,other
control human,30,other
sociology advertising,30,other
contemporary art,30,other
memory,30,other
database sociology,30,other
disadvantage,30,other
icon citation,30,other
psychiatry law,30,other
adult,30,other
sociology inequality,30,other
economy politics,30,other
philosophy mechanical,30,other
democracy politics,30,other
mysticism,30,other
foreign policy,30,other
neglect,30,other
criticism politics,30,other
socialism gender,30,other
mathematics quantum,30,other
web sociology,30,other
mathematics biology,30,other
observation,30,other
nationalism political,30,other
regression,30,other
hegemony gender,30,other
personhood,30,other
feminism judaism,30,other
psychotherapist philosophy,30,other
chemistry physics,30,other
gender history,30,other
depression,30,other
dynamics music,30,other
studies femininity,30,other
knowledge production,30,other
teacher,30,other
paternalism,30,other
psychology quantum,30,other
economics market,29,other
algorithm archaeology,29,other
archaeology history,29,other
anthropology gender,29,other
dictatorship,29,other
foucault,29,other
association,29,other
social relation,29,other
habitus,29,other
science international,29,other
archaeology mathematics,29,other
foundation,29,other
economics physics,29,other
peacebuilding,29,other
linguistics feminism,29,other
studies masculinity,29,other
theory art,29,other
studies negotiation,29,other
shadow psychology,29,other
praxis feminism,29,other
governance political,29,other
chinese,29,other
foundation evidence,29,other
sociology sociology,29,other
exchange sociology,29,other
racialization,29,other
michel foucault,29,other
tragedy event,29,other
studies subject,29,other
division labour,29,other
capitalism sociology,29,other
poetry literature,29,other
shadow,29,other
politics visual,29,other
psychology visual,29,other
services,29,other
archaeology biochemistry,29,other
task project,29,other
law public,29,other
theory psychology,29,other
culture gender,29,other
michel,29,other
stratigraphy,29,other
mathematics aesthetics,29,other
mechanics ecology,29,other
cultural capital,29,other
mechanics linguistics,29,other
negotiation sociology,29,other
birth,29,other
resource disambiguation,29,other
justice social,29,other
fundamental rights,29,other
sample,29,other
arts psychology,29,other
sociology action,29,other
witch,29,other
participant,29,other
politics chemistry,29,other
science pathology,29,other
law operating,29,other
interview,29,other
law management,29,other
disambiguation,29,other
analysis political,29,other
social class,29,other
project management,29,other
sympathy,29,other
slogan,29,other
fundamental,29,other
sociology reading,29,other
public policy,29,other
music history,29,other
feminism rhetoric,29,other
normative sociology,29,other
communications,29,other
psychology ecology,29,other
sociology space,29,other
pedagogy mathematics,29,other
analysis psychology,29,other
ecology archaeology,29,other
feminism field,29,other
demise,29,other
dimension,29,other
participant observation,29,other
international human,29,other
work sociology,29,other
redress,29,other
ideology political,29,other
ecology quantum,28,other
nationalism feminism,28,other
national identity,28,other
physics feminist,28,other
physics economics,28,other
modernity sociology,28,other
advertising sociology,28,other
control medicine,28,other
physics artificial,28,other
neuroscience law,28,other
history engineering,28,other
resources,28,other
dimension graph,28,other
feminist studies,28,other
image,28,other
studies scholarship,28,other
thinking,28,other
modernity feminism,28,other
exclusion,28,other
mechanics law,28,other
psychology medical,28,other
rhetoric feminism,28,other
literature visual,28,other
engineering structural,28,other
poetry feminism,28,other
politics artificial,28,other
judaism feminism,28,other
category,28,other
group theory,28,other
violence gender,28,other
biology art,28,other
postmodern,28,other
word group,28,other
theology computer,28,other
geography engineering,28,other
justice law,28,other
geography cartography,28,other
solidarity feminism,28,other
colonialism feminism,28,other
menstruation,28,other
movement movement,28,other
genetics sociology,28,other
structuralism philosophy,28,other
minority,28,other
policy political,28,other
ambiguity,28,other
mythology feminism,28,other
crystallography,28,other
law democracy,28,other
narrative literature,28,other
archaeology ecology,28,other
credibility,28,other
medicine archaeology,28,other
narrative political,28,other
philosophy mathematical,28,other
studies mainstream,28,other
history genealogy,28,other
gender role,28,other
consciousness sociology,27,other
ecology linguistics,27,other
doing gender,27,other
literature feminism,27,other
ecology feminism,27,other
convergence,27,other
distress,27,other
doing,27,other
literature anthropology,27,other
liberal,27,other
documentation,27,other
lesbian queer,27,other
ecological,27,other
review,27,other
dystopia,27,other
transition genetics,27,other
security law,27,other
psychoanalysis politics,27,other
studies field,27,other
biology anthropology,27,other
gender analysis,27,other
labor,27,other
biology chemistry,27,other
wing politics,27,other
teacher education,27,other
chemistry philosophy,27,other
art medicine,27,other
supremacy,27,other
feminism multiculturalism,27,other
feminism meaning,27,other
politics representation,27,other
vitro,27,other
selection genetic,27,other
communication computer,27,other
art chemistry,27,other
feminism praxis,27,other
justice economic,27,other
metalworking,27,other
football,27,other
white supremacy,27,other
citation download,27,other
production economics,27,other
nationality,27,other
sociology population,27,other
traditional,27,other
ethics feminism,27,other
club,27,other
palestine,27,other
aesthetics archaeology,27,other
science civil,27,other
psychology context,27,other
biochemistry physics,27,other
psychology demography,27,other
orthodoxy,27,other
science genetics,27,other
psychosocial,27,other
humanities feminism,27,other
computing feminism,27,other
botany biology,27,other
raising metalworking,27,other
materialism sociology,27,other
algorithm philosophy,27,other
icon feminism,27,other
african american,27,other
socialism political,27,other
image mathematics,27,other
stage,27,other
feminism criminology,27,other
solidarity gender,27,other
cell,27,other
indigenous gender,27,other
element,27,other
studies ecology,27,other
marketing business,27,other
competence,27,other
theology archaeology,27,other
studies democracy,27,other
archaeology programming,27,other
anthropology quantum,27,other
feminism conversation,26,other
business social,26,other
transparency,26,other
unconscious mind,26,other
sport,26,other
convergence economics,26,other
transparency behavior,26,other
ethics care,26,other
business engineering,26,other
biology psychology,26,other
industrial,26,other
inequality social,26,other
philosophy identity,26,other
category theory,26,other
left wing,26,other
search,26,other
liberalism sociology,26,other
reputation,26,other
sexuality politics,26,other
solidarity sociology,26,other
politics environmental,26,other
science telecommunications,26,other
intelligence mathematics,26,other
innocence,26,other
private sphere,26,other
principle,26,other
management law,26,other
western philosophy,26,other
confusion,26,other
genealogy history,26,other
criminalization,26,other
history economic,26,other
engagement,26,other
emotion,26,other
sample material,26,other
feminism world,26,other
archetype,26,other
theology politics,26,other
mainstream politics,26,other
salient,26,other
reflexivity sociology,26,other
dialogic,26,other
economics management,26,other
logistic,26,other
archaeology art,26,other
logistic regression,26,other
medicine family,26,other
hegemony politics,26,other
psychology population,26,other
conceptual framework,26,other
sex trafficking,26,other
teaching,26,other
studies popular,26,other
finance computer,26,other
studies racism,26,other
science demographic,26,other
epistemology pedagogy,26,other
audience,26,other
science context,26,other
assertion,26,other
asian,26,other
law pathology,26,other
globalization political,26,other
economics biology,26,other
justice criminology,26,other
arts linguistics,26,other
arts history,26,other
engineering waste,26,other
engineering quantum,26,other
relations theory,26,other
art quantum,26,other
table,26,other
imprisonment,25,other
law geometry,25,other
video,25,other
cyberspace,25,other
algorithm quantum,25,other
insider,25,other
difference,25,other
damages,25,other
information communications,25,other
law psychiatry,25,other
acknowledgement,25,other
rural,25,other
series,25,other
women studies,25,other
health political,25,other
scientific,25,other
intelligence physics,25,other
sector,25,other
conversation feminism,25,other
physics history,25,other
pedagogy politics,25,other
concept sociology,25,other
biology biology,25,other
consciousness gender,25,other
theory power,25,other
magic,25,other
biology programming,25,other
muslim,25,other
psychology communication,25,other
pathology medicine,25,other
sociology islam,25,other
feminism popular,25,other
graphical political,25,other
economic policy,25,other
media political,25,other
sociology femininity,25,other
media gender,25,other
sociology lesbian,25,other
method,25,other
girl feminism,25,other
biochemistry archaeology,25,other
operating philosophy,25,other
sociology order,25,other
nursing psychology,25,other
beijing,25,other
feminization,25,other
feminization sociology,25,other
relations epistemology,25,other
natural resource,25,other
movement feminism,25,other
piety,25,other
documents feminism,25,other
family law,25,other
engineering aerospace,25,other
theater feminism,25,other
geography economic,25,other
philosophy economic,25,other
communications technology,25,other
duty,25,other
exploratory,25,other
center category,25,other
sign,25,other
literature media,25,other
feminism girl,25,other
colonialism political,25,other
philosophy machine,25,other
demography law,24,other
security studies,24,other
mobilization,24,other
epistemology physics,24,other
islamic studies,24,other
sociology masculinity,24,other
language linguistics,24,other
code,24,other
narrative identity,24,other
sociology empowerment,24,other
systems engineering,24,other
syndrome,24,other
gender diversity,24,other
colonialism politics,24,other
subjectivity gender,24,other
epistemology economics,24,other
frame networking,24,other
epistemology biology,24,other
nature,24,other
science poison,24,other
personal,24,other
politics colonialism,24,other
philosophy finance,24,other
workers,24,other
academic,24,other
philosophy library,24,other
poetry art,24,other
psychic,24,other
science power,24,other
ability,24,other
feminism class,24,other
physics ecology,24,other
physics mathematical,24,other
physics engineering,24,other
perception gender,24,other
politics nationalism,24,other
politics psychoanalysis,24,other
chemistry computer,24,other
science knowledge,24,other
biology mathematics,24,other
feminism negotiation,24,other
population sociology,24,other
feminism pornography,24,other
science geometry,24,other
criticism literary,24,other
studies islam,24,other
china sociology,24,other
oral,24,other
professional,24,other
norwegian,24,other
balance ability,24,other
genetics gender,24,other
emancipation sociology,24,other
mathematics art,24,other
coping psychology,24,other
education social,24,other
country,24,other
trope literature,24,other
growth gender,24,other
linguistics engineering,24,other
course,24,other
realism philosophy,24,other
economics business,24,other
economics artificial,24,other
trope,24,other
medicine art,24,other
alice programming,24,other
director,24,other
alice,24,other
transgender gender,24,other
discrimination,24,other
archaeology power,24,other
device,24,other
archaeology operating,24,other
medicine politics,24,other
medicine quantum,24,other
archaeology feminist,24,other
coping,24,other
archaeology artificial,24,other
theatre,24,other
law poison,24,other
public opinion,24,other
theory law,24,other
theater art,24,other
liminality,24,other
law international,24,other
anthropology artificial,24,other
download art,23,other
breast,23,other
philosophy gene,23,other
sociology normative,23,other
analytics,23,other
privacy computer,23,other
feminism ethnography,23,other
essentialism feminism,23,other
categorization,23,other
studies nationalism,23,other
economics ecology,23,other
aotearoa,23,other
china political,23,other
sociology class,23,other
masculinity feminism,23,other
criticism literature,23,other
feminism interpretation,23,other
perception social,23,other
relations psychology,23,other
studies chemistry,23,other
politics medicine,23,other
inquiry,23,other
studies developmental,23,other
feminism globalization,23,other
cross,23,other
intelligence archaeology,23,other
lyrics,23,other
magic telescope,23,other
studies ethnic,23,other
peace,23,other
recreation,23,other
feminism neoliberalism,23,other
population political,23,other
biology evolutionary,23,other
right wing,23,other
biology economics,23,other
management sociology,23,other
panic,23,other
theory queer,23,other
human resources,23,other
analysis politics,23,other
sociology neoliberalism,23,other
feminism capitalism,23,other
sociology health,23,other
reproduction social,23,other
multiculturalism sociology,23,other
arts media,23,other
history mathematics,23,other
medicine physical,23,other
enthusiasm,23,other
qualitative property,23,other
sociology ethnology,23,other
ideology context,23,other
physics aesthetics,23,other
cold,23,other
history economics,23,other
sociology developmental,23,other
history ecology,23,other
generative,23,other
language law,23,other
generative grammar,23,other
lesbian sociology,23,other
commons,23,other
telescope,23,other
disease infectious,23,other
cold war,23,other
justice feminism,23,other
business computer,23,other
epistemology mathematics,23,other
rna gene,23,other
islam politics,23,other
film director,23,other
rhetoric sociology,23,other
philosophy humanities,23,other
economics public,23,other
cybernetics sociology,23,other
reproductive technology,23,other
law enforcement,23,other
linguistics history,23,other
research epistemology,23,other
isolation,23,other
feminism indigenous,23,other
media media,23,other
sociology internet,23,other
mutation political,23,other
violence criminology,23,other
philosophy power,22,other
health law,22,other
linguistics biochemistry,22,other
philosophy human,22,other
philosophy perspective,22,other
curriculum sociology,22,other
hymenoptera,22,other
experiential,22,other
physics pedagogy,22,other
drama feminism,22,other
data collection,22,other
feminism deconstruction,22,other
law psychotherapist,22,other
physics programming,22,other
oppression politics,22,other
existential gender,22,other
people,22,other
mechanics mathematical,22,other
muslim world,22,other
medicine linguistics,22,other
freudian,22,other
freudian slip,22,other
respiratory,22,other
psychology environmental,22,other
music context,22,other
multiculturalism gender,22,other
psychology identity,22,other
historical materialism,22,other
men,22,other
punctuation gender,22,other
sars,22,other
gene philosophy,22,other
engineering ecology,22,other
public international,22,other
sars cov,22,other
metropolitan area,22,other
folklore,22,other
nationalism sociology,22,other
mathematics mechanical,22,other
metropolitan,22,other
exchange gender,22,other
pedagogy engineering,22,other
management engineering,22,other
science internal,22,other
pathology law,22,other
science government,22,other
feminism psychoanalytic,22,other
postmodernity,22,other
feminism subjectivity,22,other
finance political,22,other
nursing research,22,other
heterosexism,22,other
mathematics algorithm,22,other
process art,22,other
mathematics history,22,other
neutrality,22,other
finance philosophy,22,other
psychiatry social,22,other
respiratory syndrome,22,other
psychology world,22,other
turn,22,other
taboo,22,other
anthropology ecology,22,other
acute,22,other
2019 20,22,other
big,22,other
career,22,other
20 coronavirus,22,other
anthropology mathematics,22,other
biochemistry computer,22,other
video game,22,other
20,22,other
slip,22,other
severe acute,22,other
coronavirus outbreak,22,other
association psychology,22,other
coronavirus sars,22,other
acute respiratory,22,other
advertising political,22,other
collection,22,other
citizenship sociology,22,other
sociology reflexivity,22,other
test biology,22,other
theory context,22,other
consumer,22,other
administration political,22,other
sign mathematics,22,other
americans political,22,other
cohort,22,other
administration gender,22,other
americans gender,22,other
advertising gender,22,other
charter,22,other
sociology mainstream,22,other
coercion,22,other
severe,22,other
algorithm linguistics,22,other
competence human,22,other
studies lesbian,22,other
ageing,22,other
servant,22,other
cov,22,other
syndrome coronavirus,22,other
compressive,22,other
business economics,22,other
compressive strength,22,other
theology religious,22,other
strength,22,other
critical consciousness,22,other
sociology capitalism,22,other
biology pregnancy,22,other
social responsibility,22,other
biology neuroscience,22,other
literary science,21,other
group political,21,other
distancing,21,other
obesity,21,other
feminism nursing,21,other
feminism wave,21,other
mathematics psychology,21,other
feminism faith,21,other
nursing political,21,other
feminism german,21,other
sociology religion,21,other
exchange political,21,other
search engine,21,other
androgyny,21,other
exceptionalism,21,other
mediation,21,other
feminism diversity,21,other
politics race,21,other
perception sociology,21,other
event particle,21,other
chemistry law,21,other
feminism liberalism,21,other
analysis philosophy,21,other
studies china,21,other
statement,21,other
geography environmental,21,other
politics field,21,other
intelligence linguistics,21,other
physics media,21,other
statement logic,21,other
feminism argument,21,other
feminism autonomy,21,other
conviction,21,other
plea,21,other
butterfly,21,other
grassroots feminism,21,other
physics biochemistry,21,other
intelligence programming,21,other
filmmaking,21,other
operations,21,other
specialty disease,21,other
feminism relation,21,other
sexual difference,21,other
sexual minority,21,other
feminism suffrage,21,other
lived experience,21,other
romanticism,21,other
lived,21,other
philosophy public,21,other
philosophy perception,21,other
ceiling,21,other
cell biology,21,other
expansive,21,other
interdependence,21,other
ethics public,21,other
economics medicine,21,other
violence psychology,21,other
astrophysics,21,other
leadership style,21,other
mindset,21,other
music psychology,21,other
ideology law,21,other
nationalism politics,21,other
french,21,other
ecocriticism,21,other
queen butterfly,21,other
queen,21,other
narrative inquiry,21,other
collective identity,21,other
art library,21,other
language physics,21,other
cultural anthropology,21,other
vampire,21,other
economics art,21,other
law media,21,other
movement feminist,21,other
sociology focus,21,other
rehabilitation,21,other
sociology ethnic,21,other
aesthetics environmental,21,other
commodity,21,other
law machine,21,other
ethics aesthetics,21,other
history humanities,21,other
citizenship feminism,21,other
arts education,21,other
economy history,21,other
science nursing,21,other
homeland,21,other
engineering anthropology,21,other
arts politics,21,other
computing political,21,other
science information,21,other
relations public,21,other
public economics,21,other
preference,21,other
movement law,21,other
arts social,21,other
engine,21,other
relations pedagogy,21,other
ecology physics,21,other
empiricism,21,other
laughter,20,other
affirmative,20,other
law ancient,20,other
affirmative action,20,other
element criminal,20,other
ethics history,20,other
punitive,20,other
mathematics programming,20,other
economics labour,20,other
feminism latin,20,other
feminism inequality,20,other
theory human,20,other
queer politics,20,other
philosophy critical,20,other
feminism essentialism,20,other
education mathematics,20,other
philosophy ideology,20,other
feminism content,20,other
theory philosophy,20,other
salience neuroscience,20,other
salience,20,other
energy,20,other
philosophy pathology,20,other
web art,20,other
reality,20,other
punitive damages,20,other
sociology ancient,20,other
engineering medicine,20,other
trade union,20,other
change political,20,other
growth development,20,other
sociology management,20,other
health social,20,other
politics perspective,20,other
sociology meaning,20,other
classics art,20,other
wife feminism,20,other
sexuality law,20,other
legal realism,20,other
politics religious,20,other
politics scholarship,20,other
process feminism,20,other
chemistry linguistics,20,other
politics women,20,other
unemployment,20,other
documents political,20,other
chemistry quantum,20,other
underpinning,20,other
ethics computer,20,other
politics international,20,other
transformational leadership,20,other
anthropology psychology,20,other
law religious,20,other
mandate,20,other
law developmental,20,other
speech,20,other
sexual behavior,20,other
situational ethics,20,other
hatred,20,other
situational,20,other
sociology education,20,other
intelligence quantum,20,other
engineering programming,20,other
eye,20,other
exploratory research,20,other
resolution,20,other
entrepreneurs,20,other
resilience materials,20,other
environment,20,other
law population,20,other
epistemology ecology,20,other
transformational,20,other
feminism movie,20,other
surprise,20,other
archaeology neuroscience,20,other
term time,20,other
genetics political,20,other
science studies,20,other
criminology poison,20,other
flexibility engineering,20,other
studies qualitative,20,other
science development,20,other
geography biology,20,other
flexibility,20,other
mutation feminism,20,other
narrative history,20,other
democracy feminism,20,other
oral history,20,other
studies reading,20,other
studies subjectivity,20,other
science narrative,20,other
science work,20,other
science ethnology,20,other
music identity,20,other
theology biology,20,other
industry,20,other
medicine public,20,other
science cognitive,20,other
art religious,20,other
narrative social,20,other
openness experience,20,other
openness,20,other
deliberation,20,other
operating quantum,20,other
bibliography,20,other
operating physics,20,other
fin,20,other
grammar sociology,19,other
versus nurture,19,other
mathematical economics,19,other
union political,19,other
illusion,19,other
women empowerment,19,other
emergency medicine,19,other
victory,19,other
studies position,19,other
nature versus,19,other
politics resistance,19,other
politics neuroscience,19,other
nazism,19,other
politics queer,19,other
strategy,19,other
health public,19,other
sacrifice,19,other
psyche,19,other
wright,19,other
nurture,19,other
business advertising,19,other
finance sociology,19,other
assessment,19,other
feminism contradiction,19,other
arabic,19,other
violence political,19,other
empowerment political,19,other
declaration,19,other
commit,19,other
science ideology,19,other
adaptation,19,other
feminism value,19,other
experiential learning,19,other
management political,19,other
feeling psychology,19,other
sphere sociology,19,other
politics critical,19,other
individualism sociology,19,other
feminism space,19,other
critical realism,19,other
cult,19,other
ministry,19,other
fluid,19,other
psychology gerontology,19,other
operating programming,19,other
science mathematical,19,other
discursive,19,other
capitalism political,19,other
literature narrative,19,other
sociology embodied,19,other
interactionism,19,other
rights politics,19,other
politics geography,19,other
versus,19,other
psychology artificial,19,other
state socialism,19,other
biology artificial,19,other
feminism abortion,19,other
feminism theme,19,other
physics mechanical,19,other
model disability,19,other
physics operating,19,other
software engineering,19,other
biochemistry messenger,19,other
isolation microbiology,19,other
sociology diversity,19,other
linguistics theology,19,other
discursive psychology,19,other
studies class,19,other
frontier,19,other
citation library,19,other
payment,19,other
science positive,19,other
praise,19,other
privacy sociology,19,other
schema,19,other
documents politics,19,other
sociology artificial,19,other
essentialism gender,19,other
pessimism,19,other
feminism hegemony,19,other
racism political,19,other
neuroscience philosophy,19,other
sociology psychiatry,19,other
creatures,19,other
science acoustics,19,other
aesthetics theology,19,other
tribute,19,other
science pregnancy,19,other
interrogation,19,other
economics demography,19,other
feminism icon,19,other
wave sociology,19,other
postmodern theatre,19,other
computer graphics,19,other
linguistics chemistry,19,other
honour,19,other
studies demography,19,other
education philosophy,19,other
phenomenon sociology,19,other
liberalism political,19,other
sexuality psychology,19,other
eurocentrism,19,other
sociology chemistry,19,other
analysis quantum,19,other
temporalities,19,other
meta,19,other
abortion law,19,other
feminism environmental,19,other
medicine economics,19,other
security political,19,other
growth social,19,other
feminism mythology,19,other
philosophical,19,other
politics theology,19,other
feminism period,19,other
harassment feminism,19,other
legitimation,19,other
download sociology,19,other
economics macroeconomics,19,other
art world,19,other
wave gender,19,other
popular music,19,other
politics argument,18,other
intersubjectivity,18,other
linguistics anthropology,18,other
opera,18,other
nonprobability,18,other
anthropology engineering,18,other
turn biochemistry,18,other
ergonomics poison,18,other
finance archaeology,18,other
probate,18,other
probate law,18,other
christian ministry,18,other
loneliness,18,other
sociology poison,18,other
analysis epistemology,18,other
misrepresentation,18,other
law pregnancy,18,other
construction gender,18,other
politics criminology,18,other
harmony,18,other
ethics politics,18,other
health policy,18,other
administration probate,18,other
sociology negotiation,18,other
science family,18,other
sociology neoclassical,18,other
normative feminism,18,other
linguistics literature,18,other
studies order,18,other
psychoanalysis computer,18,other
geodesy,18,other
politics population,18,other
meritocracy,18,other
ethnography gender,18,other
excellence,18,other
evolutionary psychology,18,other
psychiatry philosophy,18,other
learning philosophy,18,other
identity sociology,18,other
politics agency,18,other
growth public,18,other
health population,18,other
politics mechanical,18,other
anorexia,18,other
existential feminism,18,other
group social,18,other
sexualization,18,other
sociology international,18,other
portuguese,18,other
feminism transformative,18,other
epistemology geography,18,other
law statistics,18,other
pornography feminism,18,other
advertising art,18,other
class gender,18,other
studies solidarity,18,other
nonprobability sampling,18,other
group psychology,18,other
population law,18,other
adaptation eye,18,other
art communication,18,other
research public,18,other
based,18,other
sexuality social,18,other
darwinism,18,other
theory identity,18,other
dialogical self,18,other
education epistemology,18,other
mathematics finance,18,other
reciprocity,18,other
feminism perception,18,other
reciprocity cultural,18,other
aside,18,other
studies argument,18,other
law database,18,other
endocrinology,18,other
feminism communism,18,other
science statistics,18,other
business gender,18,other
economics demographic,18,other
systematic,18,other
intelligence engineering,18,other
society political,18,other
women sociology,18,other
feminism biography,18,other
feminism religious,18,other
criminology sexual,18,other
dialogical,18,other
emancipation gender,18,other
geology paleontology,18,other
illness,18,other
bridging,18,other
women suffrage,18,other
bridging networking,18,other
philosophy genetics,18,other
work work,18,other
studies inequality,18,other
feminism order,18,other
medicine history,18,other
science process,18,other
cultural relativism,18,other
musicology,18,other
allegory,18,other
ideology social,18,other
psychotherapist psychology,18,other
aggression,18,other
studies conversation,18,other
music power,18,other
psychotherapist law,18,other
biochemistry vitro,18,other
mechanics programming,18,other
cybernetics gender,18,other
measurement,18,other
feminism object,18,other
competition,18,other
keynesian economics,18,other
mainstreaming gender,18,other
passions,18,other
law market,18,other
activism political,18,other
feminism modernity,18,other
biology mechanical,18,other
keynesian,18,other
compassion,18,other
political action,18,other
rate,18,other
consciousness feminism,18,other
sociology genealogy,18,other
economics microeconomics,18,other
critical thinking,18,other
geography meteorology,18,other
medicalization,18,other
sphere gender,18,other
german feminism,18,other
intersectionality political,18,other
economics mechanical,18,other
cosmopolitanism,18,other
feminism library,18,other
mechanics mathematics,18,other
settlement,18,other
demography sociology,18,other
biochemistry philosophy,18,other
media social,18,other
corporation,18,other
globalization sociology,18,other
web philosophy,18,other
corporate social,18,other
language operating,18,other
marriage,18,other
pathology infectious,18,other
work gender,18,other
physics public,18,other
ego,18,other
studies transgender,18,other
competition biology,17,other
art classics,17,other
ecology biochemistry,17,other
gender development,17,other
arts epistemology,17,other
ethical,17,other
multidisciplinary,17,other
multidisciplinary approach,17,other
legislature political,17,other
racism politics,17,other
culture theory,17,other
computing computer,17,other
language archaeology,17,other
science race,17,other
computing social,17,other
autonomy sociology,17,other
computer vision,17,other
music epistemology,17,other
citizenship politics,17,other
zoology,17,other
psychotherapist sociology,17,other
social determinants,17,other
engineering gender,17,other
coercion linguistics,17,other
law ideology,17,other
narrative context,17,other
engineering paleontology,17,other
hegemony feminism,17,other
food security,17,other
ecology epistemology,17,other
sociology indigenous,17,other
english,17,other
sociology inclusion,17,other
unpacking,17,other
sociology face,17,other
narrative psychology,17,other
epistemology critical,17,other
urban planning,17,other
psychology management,17,other
weight,17,other
consciousness political,17,other
law optics,17,other
engineering geography,17,other
law genetics,17,other
communitarianism,17,other
psychology advertising,17,other
music literature,17,other
health nursing,17,other
culture art,17,other
sociology character,17,other
embryo,17,other
law acoustics,17,other
sociology movement,17,other
agrarian,17,other
law astronomy,17,other
health services,17,other
science women,17,other
czech,17,other
web internet,17,other
science welfare,17,other
mutation politics,17,other
taste,17,other
art economics,17,other
narrative aesthetics,17,other
commissioning publishing,17,other
demography economics,17,other
analysis social,17,other
health computer,17,other
theology social,17,other
dilemma sociology,17,other
biochemistry quantum,17,other
organization,17,other
set theory,17,other
photography,17,other
business ethics,17,other
business economic,17,other
feminism publishing,17,other
mathematics economics,17,other
mathematics engineering,17,other
medicine mechanical,17,other
feminism realism,17,other
archaeology aesthetics,17,other
mathematics literature,17,other
diplomacy,17,other
presidency,17,other
feminism section,17,other
optics gender,17,other
biochemistry law,17,other
right property,17,other
graphical social,17,other
male gaze,17,other
anthropology literature,17,other
specialty pathology,17,other
mainland,17,other
biochemistry biology,17,other
training,17,other
transactional,17,other
transcendence,17,other
intelligence social,17,other
transcendence philosophy,17,other
intellectual,17,other
philosophy mind,17,other
disease pathology,17,other
gerontology medicine,17,other
feminism humanism,17,other
birth control,17,other
depression economics,17,other
perception psychology,17,other
inheritance genetic,17,other
inheritance,17,other
criminology criminal,17,other
mathematics operating,17,other
science advertising,17,other
studies emancipation,17,other
medicine anthropology,17,other
criminology history,17,other
patriarchy politics,17,other
studies face,17,other
periodic,17,other
periodic table,17,other
archaeology finance,17,other
black power,17,other
determinants,17,other
determinants health,17,other
feminism government,17,other
mechanics artificial,17,other
developing,17,other
developing country,17,other
glass,17,other
glass ceiling,17,other
feminism framing,17,other
feminism feeling,17,other
institution sociology,17,other
studies action,17,other
medicine epistemology,17,other
control law,17,other
optimism,17,other
chemistry biology,17,other
normative ethics,17,other
politics mainstream,17,other
chapel,17,other
politics movement,17,other
criticism history,17,other
linguistics visual,17,other
identity social,17,other
argumentation,17,other
chemistry ecology,17,other
argumentation theory,17,other
sociology solidarity,17,other
reproductive medicine,17,other
sexuality queer,17,other
occupational,17,other
population social,17,other
analysis media,17,other
linguistics algorithm,17,other
genius,17,other
news,17,other
sociology psychotherapist,17,other
library gender,17,other
harmony color,17,other
backlash feminism,17,other
adversary,17,other
sociology postmodernism,17,other
group periodic,17,other
capitalism politics,17,other
offensive,17,other
identity gender,17,other
politics criticism,17,other
feminism opposition,16,other
china politics,16,other
life sociology,16,other
path,16,other
studies communication,16,other
solidarity politics,16,other
big data,16,other
harassment gender,16,other
finance mathematics,16,other
studies psychotherapist,16,other
linguistics economics,16,other
feminism theology,16,other
feminism pedagogy,16,other
suffrage gender,16,other
process politics,16,other
girl sociology,16,other
loyalty,16,other
unintended,16,other
career development,16,other
punishment,16,other
training meteorology,16,other
law reform,16,other
feminism feminism,16,other
publishing sociology,16,other
politics variety,16,other
philosophy database,16,other
textuality,16,other
political consciousness,16,other
feminism international,16,other
graphics images,16,other
champion,16,other
studies neoliberalism,16,other
mineral sociology,16,other
prime,16,other
fin siecle,16,other
politics biochemistry,16,other
biology medicine,16,other
patriotism,16,other
feminism modernism,16,other
studies ethnography,16,other
biology human,16,other
pedagogy linguistics,16,other
south asia,16,other
type sociology,16,other
archaeology ideology,16,other
studies diversity,16,other
education law,16,other
ethics pedagogy,16,other
sociality,16,other
pathology disease,16,other
neuroscience quantum,16,other
archaeology human,16,other
economy public,16,other
compromise,16,other
art geography,16,other
peer,16,other
composition language,16,other
composition,16,other
studies criticism,16,other
symbolic interactionism,16,other
mechanics operating,16,other
philosophy geometry,16,other
medicine health,16,other
feminism advertising,16,other
business philosophy,16,other
thought,16,other
medicine neuroscience,16,other
materialism feminism,16,other
physics developmental,16,other
engineering finance,16,other
art ecology,16,other
feminism translation,16,other
opportunity,16,other
narrative art,16,other
care medicine,16,other
physics identity,16,other
feminism visual,16,other
geography ecology,16,other
tax,16,other
engineering neuroscience,16,other
code set,16,other
politics government,16,other
capitalism gender,16,other
existentialism feminism,16,other
engineering pedagogy,16,other
law legal,16,other
poetry sociology,16,other
attribution,16,other
studies meaning,16,other
anthropology programming,16,other
engineering psychology,16,other
color gender,16,other
physical education,16,other
mathematics anthropology,16,other
philosophy language,16,other
theory race,16,other
biography sociology,16,other
strict constructionism,16,other
strict,16,other
allegiance,16,other
building feminism,16,other
mathematics neuroscience,16,other
archaeology business,16,other
certainty,16,other
biology machine,16,other
geography art,16,other
empire history,16,other
unpaid work,16,other
audience measurement,16,other
sociology communication,16,other
grammar gender,16,other
psychology chemistry,16,other
medicine mathematics,16,other
mathematics feminist,16,other
sociology subjectivity,16,other
politics programming,16,other
enlightenment feminism,16,other
encyclopedia,16,other
learning anthropology,16,other
studies period,16,other
classics sociology,16,other
alcohol,16,other
politics patriarchy,16,other
forestry,16,other
unpaid,16,other
currency,16,other
computing politics,16,other
justice environmental,16,other
criticism feminist,16,other
justice politics,16,other
security sociology,16,other
economics financial,16,other
instinct,16,other
institutional,16,other
rural area,16,other
intelligence art,16,other
action political,16,other
digital humanities,16,other
economics economy,16,other
activism sociology,16,other
control sociology,16,other
resentment,16,other
documents art,16,other
indigenous feminism,16,other
republic,16,other
reproduction gender,16,other
administration public,16,other
economics anthropology,16,other
siecle,16,other
advertising computer,16,other
relations engineering,16,other
history world,16,other
ecology environmental,16,other
situated sociology,16,other
issues,16,other
history quantum,16,other
redistribution election,16,other
redistribution,16,other
debt,16,other
judaism gender,16,other
images,16,other
ideology power,16,other
social philosophy,16,other
life course,15,other
linguistics communication,15,other
analysis law,15,other
gene archaeology,15,other
sociology reproduction,15,other
reprint,15,other
sociology relevance,15,other
postmodernism epistemology,15,other
china feminism,15,other
beauty feminism,15,other
reproductive justice,15,other
liberalism politics,15,other
typography feminism,15,other
circumcision,15,other
principal,15,other
essentialism sociology,15,other
sublime,15,other
intertextuality,15,other
equation,15,other
pragmatism feminism,15,other
chemistry organic,15,other
class class,15,other
dissonance,15,other
politics business,15,other
sexuality aesthetics,15,other
sexuality art,15,other
politics ethnic,15,other
politics gene,15,other
immigration sociology,15,other
politics geometry,15,other
mythology gender,15,other
change law,15,other
sociology situated,15,other
politics islam,15,other
growth business,15,other
transgender sociology,15,other
sociology transformative,15,other
formation,15,other
politics subject,15,other
moral panic,15,other
guattari,15,other
profession,15,other
equality law,15,other
fair,15,other
syphilis,15,other
regional,15,other
ecology geography,15,other
sociology emancipation,15,other
psychology perception,15,other
engineering operating,15,other
variation,15,other
connotation,15,other
sociology discipline,15,other
psychology pregnancy,15,other
support,15,other
psychology psychological,15,other
engineering environmental,15,other
movement media,15,other
sociology curriculum,15,other
hierarchy sociology,15,other
ideology philosophy,15,other
empowerment politics,15,other
survey,15,other
sociology consciousness,15,other
engineering pure,15,other
fundamentalism feminism,15,other
ecology economics,15,other
epistemology medicine,15,other
prosperity,15,other
relations media,15,other
learning feminism,15,other
classics history,15,other
close,15,other
close reading,15,other
closet,15,other
cloud,15,other
psychology applied,15,other
sociology family,15,other
ambivalence sociology,15,other
culture feminism,15,other
ideology identity,15,other
sociology higher,15,other
environmental education,15,other
law nursing,15,other
reinterpretation,15,other
sociology feeling,15,other
casual,15,other
control management,15,other
nuclear physics,15,other
archaeology pedagogy,15,other
paleontology physics,15,other
biology aesthetics,15,other
studies independence,15,other
studies inclusion,15,other
biology critical,15,other
medicine demography,15,other
biology epistemology,15,other
informal,15,other
patriarchy political,15,other
criminology human,15,other
science alternative,15,other
pedagogy aesthetics,15,other
pedagogy anthropology,15,other
pedagogy critical,15,other
pedagogy feminism,15,other
worship,15,other
demography social,15,other
database politics,15,other
studies consciousness,15,other
studies international,15,other
science composite,15,other
faith gender,15,other
studies liberalism,15,other
geography business,15,other
notice,15,other
decoloniality,15,other
nursing sociology,15,other
odds,15,other
officer,15,other
theology feminism,15,other
dehumanization,15,other
deleuze,15,other
deleuze guattari,15,other
secularity,15,other
medicine rehabilitation,15,other
secularization,15,other
operations management,15,other
critical reflection,15,other
feminism silence,15,other
medicine pregnancy,15,other
organ,15,other
feminism romance,15,other
studies cognitive,15,other
injustice sociology,15,other
scholarship context,15,other
film theory,15,other
intelligence economics,15,other
writ,15,other
services research,15,other
sociology cognitive,15,other
cruelty,15,other
rights movement,15,other
feminism ambivalence,15,other
torture,15,other
capitalism feminism,15,other
female circumcision,15,other
traditional knowledge,15,other
science marketing,15,other
sex workers,15,other
feeling gender,15,other
poetry politics,15,other
wish,15,other
cultural geography,15,other
political ecology,15,other
modeling,15,other
course approach,15,other
romance feminism,15,other
studies rhetoric,15,other
globalization gender,15,other
persuasion,15,other
mechanics chemistry,15,other
determinism,15,other
mechanics biochemistry,15,other
women liberation,15,other
scopus,15,other
feminism focus,15,other
global south,15,other
database gender,15,other
feminism corporate,15,other
creative,15,other
breast cancer,15,other
feminism ecology,15,other
series stratigraphy,15,other
deviance,15,other
deviance statistics,15,other
safety,15,other
genetics gene,15,other
business public,15,other
postmodernism gender,15,other
rage,15,other
education medicine,15,other
comparative law,15,other
vocabulary,15,other
computing psychology,15,other
economics history,15,other
publishing gender,15,other
punishment psychology,15,other
publication,15,other
concept political,15,other
rage emotion,15,other
studies essentialism,14,other
paleontology computer,14,other
biology communication,14,other
medicine gerontology,14,other
sociology period,14,other
economy geography,14,other
childhood education,14,other
democracy social,14,other
socialism sociology,14,other
paleontology law,14,other
problem,14,other
analysis context,14,other
science communism,14,other
legal profession,14,other
feminism rhetorical,14,other
leave,14,other
feminism institution,14,other
equation modeling,14,other
unintended consequences,14,other
critical literacy,14,other
ukrainian,14,other
citation feminism,14,other
criminology economic,14,other
medicine aesthetics,14,other
biology pathology,14,other
poverty sociology,14,other
pedagogy art,14,other
peace movement,14,other
demography research,14,other
praxis gender,14,other
criminology feminism,14,other
sociology praxis,14,other
construction feminism,14,other
criminology art,14,other
criminology politics,14,other
archaeology medicine,14,other
biology environmental,14,other
archaeology identity,14,other
communism gender,14,other
biology engineering,14,other
participatory design,14,other
feminism journalism,14,other
optics sociology,14,other
studies middle,14,other
idealism,14,other
science identity,14,other
basin,14,other
science health,14,other
science higher,14,other
fiction,14,other
cognitive dissonance,14,other
news media,14,other
film studies,14,other
relations business,14,other
new left,14,other
psychology family,14,other
medicine population,14,other
genetics philosophy,14,other
neuroscience computer,14,other
neuroscience biology,14,other
genetics law,14,other
network theory,14,other
sociology government,14,other
alterity,14,other
environmental engineering,14,other
art business,14,other
ecofeminism feminism,14,other
radical,14,other
studies perception,14,other
law structural,14,other
protection,14,other
black female,14,other
class sociology,14,other
geography physics,14,other
economy development,14,other
classical liberalism,14,other
classical mechanics,14,other
criticism aesthetics,14,other
studies multiculturalism,14,other
operating mathematics,14,other
psychoanalysis criminology,14,other
sociology marxist,14,other
aesthetics pedagogy,14,other
psychoanalysis psychoanalytic,14,other
sociology liberalism,14,other
betrayal,14,other
consequences,14,other
studies opposition,14,other
relations feminist,14,other
sociology reproductive,14,other
canadian,14,other
crime,14,other
statistics computer,14,other
rights feminism,14,other
graphical feminist,14,other
physics gene,14,other
politics femininity,14,other
topology,14,other
feminism arts,14,other
interface,14,other
sociotechnical,14,other
queer human,14,other
politics inclusion,14,other
physics perspective,14,other
business politics,14,other
physics anthropology,14,other
politics intersectionality,14,other
quality life,14,other
physical medicine,14,other
distrust,14,other
mathematics combinatorics,14,other
exegesis,14,other
sociological theory,14,other
physics neuroscience,14,other
stage stratigraphy,14,other
domain,14,other
disappointment,14,other
conversation gender,14,other
mainland china,14,other
anthropology medicine,14,other
intelligence politics,14,other
family life,14,other
sexology,14,other
intelligence political,14,other
social exclusion,14,other
management environmental,14,other
faith sociology,14,other
marital,14,other
fair division,14,other
lock sociology,14,other
control gender,14,other
physics psychoanalysis,14,other
politics black,14,other
actor,14,other
femininity human,14,other
actor network,14,other
politics capitalism,14,other
economics environmental,14,other
humanities law,14,other
philosophy psychotherapist,14,other
theory literary,14,other
development political,14,other
linguistics medicine,14,other
women gender,14,other
ethnology sociology,14,other
studies artificial,14,other
treaty,14,other
boredom,14,other
population environmental,14,other
acoustics philosophy,14,other
acoustics law,14,other
business administration,14,other
mechanics algorithm,14,other
schema theory,14,other
theory intersectionality,14,other
question sociology,14,other
ecosystem,14,other
theory international,14,other
linguistics ecology,14,other
studies citizenship,14,other
entitlement fair,14,other
politics work,14,other
politics white,14,other
contemporary philosophy,14,other
theory media,14,other
contingency,14,other
rose,14,other
sociology suicide,14,other
rose mathematics,14,other
stress,14,other
concept gender,14,other
philosophy international,14,other
politics racism,14,other
structural basin,14,other
structural equation,14,other
visualization,14,other
philosophy geography,14,other
brother,14,other
politics sexual,14,other
covert,14,other
feminism empire,14,other
institutionalism,14,other
women entrepreneurs,14,other
feminism equity,14,other
radicalization,14,other
estate,14,other
entitlement,14,other
alien,14,other
studies wave,14,other
communication law,14,other
engineering sociology,14,other
ecology psychology,14,other
gene computer,14,other
sociology discourse,14,other
judgement,14,other
arts archaeology,14,other
mutation art,14,other
psychology power,14,other
income,14,other
science optics,14,other
kenya,14,other
studies space,14,other
suffrage political,14,other
agrarian society,14,other
sketch,14,other
naturalism,14,other
economics pure,14,other
food science,14,other
sociology equity,14,other
art human,14,other
gender psychology,14,other
algorithm physics,14,other
freedom,14,philosophy
engineering pathology,14,other
narratology,14,other
engineering psychiatry,14,other
danish,14,other
attractiveness,14,other
music narrative,14,other
ideology narrative,14,other
late,14,other
psychology work,14,other
cultural diversity,14,other
gender schema,14,other
science perspective,14,other
language sociology,14,other
web political,14,other
mode,14,other
psychology suicide,14,other
syllabus,14,other
systematic review,14,other
jewish studies,14,other
finance quantum,14,other
suspect,14,other
immigration political,14,other
movement power,14,other
emotional,14,other
engineering biochemistry,14,other
engineering epistemology,14,other
taxon,14,other
law feminist,14,other
journalism sociology,14,other
multiculturalism feminism,14,other
engineering business,14,other
science movement,14,other
biological,13,other
consolidation business,13,other
archaeology psychoanalysis,13,other
law criminal,13,other
orientalism feminism,13,other
consolidation,13,other
graduate,13,other
hostility,13,other
sociology nursing,13,other
movement context,13,other
studies development,13,other
sociology sustainability,13,other
intelligence anthropology,13,other
archaeology anthropology,13,other
pedagogy public,13,other
molecular,13,other
politics operating,13,other
critical geography,13,other
legal studies,13,other
philosophy postmodernism,13,other
politics period,13,other
ergonomics medicine,13,other
sociology theme,13,other
storytelling sociology,13,other
sociology dominance,13,other
sexuality psychoanalysis,13,other
engineering electrical,13,other
mathematics ecology,13,other
geography psychology,13,other
feminism christianity,13,other
class political,13,other
sociology multiculturalism,13,other
mathematics biochemistry,13,other
relations medicine,13,other
property philosophy,13,other
history biochemistry,13,other
politics masculinity,13,other
abandonment,13,other
queer lesbian,13,other
therapy medicine,13,other
oppression intersectionality,13,other
medicine psychotherapist,13,other
immanence,13,other
descriptive,13,other
theology psychology,13,other
subculture biology,13,other
theology quantum,13,other
queer political,13,other
science cultural,13,other
current,13,other
archaeology public,13,other
ethnocentrism,13,other
pornography sociology,13,other
subculture,13,other
comparative politics,13,other
injustice gender,13,other
feminism semiotics,13,other
feminism injustice,13,other
politics mathematical,13,other
mechanics neuroscience,13,other
archaeology pure,13,other
philosophy optics,13,other
sadness,13,other
devaluation,13,other
biology history,13,other
criminology medicine,13,other
politics world,13,other
philosophy demography,13,other
geometry sociology,13,other
studies ancient,13,other
astrobiology,13,other
sociology positive,13,other
constitutional,13,other
sociology position,13,other
demography biology,13,other
ethics ecology,13,other
linguistics geometry,13,other
medicine artificial,13,other
pathology archaeology,13,other
analysis feminist,13,other
linguistics operating,13,other
liberalism gender,13,other
embryogenesis,13,other
theory black,13,other
security philosophy,13,other
science astronomy,13,other
teaching method,13,other
feminism face,13,other
conceptualization sociology,13,other
psychology programming,13,other
studio,13,other
demography philosophy,13,other
archaeology literature,13,other
narrative epistemology,13,other
formative,13,other
peasant,13,other
engineering art,13,other
archaeology economics,13,other
feminism ethnic,13,other
work social,13,other
formative assessment,13,other
science medical,13,other
actinopterygii,13,other
history chemistry,13,other
empowerment social,13,other
sociology conversation,13,other
ecology mathematics,13,other
chemistry chemistry,13,other
research ethics,13,other
hospitality,13,other
glory,13,other
life political,13,other
archaeology environmental,13,other
mathematics power,13,other
tanzania,13,other
engineering history,13,other
science action,13,other
variation astronomy,13,other
heritage,13,other
prevention political,13,other
contract sociology,13,other
linguistics finance,13,other
science china,13,other
infertility,13,other
lesbian politics,13,other
linguistics gene,13,other
presupposition,13,other
history ethnology,13,other
prestige,13,other
presidential election,13,other
broadcasting,13,other
mathematics chemistry,13,other
science natural,13,other
history artificial,13,other
masculinity politics,13,other
census,13,other
extant,13,other
cognition feminism,13,other
extant taxon,13,other
politics diversity,13,other
conflict resolution,13,other
advertising media,13,other
literature poetry,13,other
sphere politics,13,other
soil science,13,other
soil,13,other
finance linguistics,13,other
science islam,13,other
collectivism,13,other
studies postmodernism,13,other
cognition gender,13,other
negotiation feminism,13,other
television studies,13,other
nervosa,13,other
arithmetic,13,other
care sociology,13,other
physics field,13,other
tracking,13,other
feminism anthropology,13,other
masculinity hegemonic,13,other
economics neoclassical,13,other
geography demography,13,other
sociology labour,13,other
education politics,13,other
inclusion exclusion,13,other
science immigration,13,other
inequality feminism,13,other
consciousness raising,13,other
sociology knowledge,13,other
ableism,13,other
literature religious,13,other
pill,13,other
feminism wife,13,other
sociology homosexuality,13,other
music education,13,other
graphical psychology,13,other
finance biology,13,other
mineral political,13,other
nursing social,13,other
hebrew,13,other
radical right,13,other
studies poison,13,other
studies operating,13,other
regional science,13,other
political subjectivity,13,other
confessional,13,other
rights international,13,other
aesthetics engineering,13,other
rewriting,13,other
settlement finance,13,other
politics humanities,13,other
sound,13,other
finance politics,13,other
politics hegemony,13,other
psychoanalysis anthropology,13,other
conservatism feminism,13,other
friendship feminism,13,other
ideology feminist,13,other
existential politics,13,other
language gender,13,other
care nursing,13,other
psychology economic,13,other
situated feminism,13,other
economy democracy,13,other
physics context,13,other
earth,13,other
intelligence finance,13,other
abandonment legal,13,other
fish,13,other
psychotherapist political,13,other
communication psychology,13,other
sociology china,13,other
indonesian gender,13,other
learning gender,13,other
fish actinopterygii,13,other
grammatical,13,other
psychiatry computer,13,other
agriculture archaeology,13,other
meta ethics,13,other
social stigma,13,other
psychoanalysis feminism,13,other
current fluid,13,other
femininity masculinity,13,other
feminism appeal,13,other
law cartography,13,other
memoir feminism,13,other
radicalism feminism,13,other
epistemology power,13,other
law cognitive,13,other
politics citizenship,13,other
novella,13,other
science field,13,other
ecology chemistry,13,other
epistemology psychotherapist,13,other
medicine suicide,13,other
archaeology state,13,other
communication politics,13,other
social epistemology,13,other
vitality,13,other
classics philosophy,13,other
economic economics,12,other
factor,12,other
linguistics mechanical,12,other
philosophy democracy,12,other
manifesto feminism,12,other
physics resistance,12,other
sociology data,12,other
feminism existentialism,12,other
sexuality power,12,other
institution gender,12,other
economics operating,12,other
law family,12,other
physics visual,12,other
care political,12,other
phallic stage,12,other
phallic,12,other
petroleum engineering,12,other
petroleum,12,other
sociology scientific,12,other
political communication,12,other
arts mathematics,12,other
forgetting,12,other
poetry gender,12,other
studies civil,12,other
vision gender,12,other
trilogy,12,other
linguistics business,12,other
humanity sociology,12,other
girl gender,12,other
desire,12,other
curiosity,12,other
internet sociology,12,other
spirituality sociology,12,other
grief,12,other
longitudinal,12,other
sex organ,12,other
linguistics library,12,other
question feminism,12,other
plan,12,other
studies autonomy,12,other
algorithm biology,12,other
theory literature,12,other
sexual desire,12,other
moment,12,other
ideology nationalism,12,other
planning population,12,other
self esteem,12,other
anthropology geography,12,other
molecular biology,12,other
sphere political,12,other
sound geography,12,other
change sociology,12,other
suffrage politics,12,other
music law,12,other
socioeconomics geography,12,other
torah,12,other
politics oppression,12,other
politics order,12,other
literature mathematics,12,other
politics paleontology,12,other
international security,12,other
diaspora gender,12,other
sexuality anthropology,12,other
research medicine,12,other
chauvinism,12,other
war political,12,other
politics empowerment,12,other
literature physics,12,other
archaeology agriculture,12,other
chemical,12,other
exchange epistemology,12,other
contract feminism,12,other
physics environmental,12,other
subjectivity subject,12,other
sexuality cultural,12,other
movement epistemology,12,other
politics inequality,12,other
music public,12,other
physical chemistry,12,other
literature chemistry,12,other
business geography,12,other
law context,12,other
thriving,12,other
philosophy technology,12,other
ring,12,other
international political,12,other
zhàng,12,other
philosophy subjectivity,12,other
philosophy state,12,other
exclusion principle,12,other
graduate students,12,other
physics economic,12,other
centrality,12,other
anthropology biochemistry,12,other
realism gender,12,other
documents epistemology,12,other
stakeholder,12,other
british,12,other
commonwealth,12,other
disinformation,12,other
structure agency,12,other
students,12,other
art performance,12,other
development sociology,12,other
education computer,12,other
literature theology,12,other
tracking education,12,other
transsexual,12,other
studies ambivalence,12,other
marital status,12,other
resource economics,12,other
politics welfare,12,other
sociology citizen,12,other
white privilege,12,other
growth politics,12,other
gender violence,12,other
young,12,other
politics demography,12,other
motif,12,other
building sociology,12,other
philosophy narrative,12,other
education higher,12,other
mathematics medicine,12,other
feminism dilemma,12,other
graphical epistemology,12,other
humanism sociology,12,other
psychotherapist gender,12,other
safety health,12,other
dismissal,12,other
conformity,12,other
marketing management,12,other
mathematics psychoanalysis,12,other
physics medicine,12,other
humanities psychology,12,other
feminism embodied,12,other
conversation analysis,12,other
sociology nationalism,12,other
legality,12,other
relations computer,12,other
citizenship political,12,other
sociology institution,12,other
affection,12,other
relations economic,12,other
holocaust,12,other
studies internet,12,other
secular,12,other
outbreak severe,12,other
inequality inequality,12,other
medicine ecology,12,other
studies population,12,other
mentorship,12,other
nursing ethics,12,other
legal education,12,other
feminism word,12,other
feminism reproduction,12,other
americans sociology,12,other
americans politics,12,other
nursing law,12,other
theology visual,12,other
sociology object,12,other
studies variety,12,other
theoretical,12,other
intersectionality politics,12,other
criminology psychoanalysis,12,other
paradise,12,other
esteem,12,other
database political,12,other
authoritarianism politics,12,other
social welfare,12,other
reboot,12,other
principle legality,12,other
metaphor gender,12,other
medicine geography,12,other
feminism pragmatism,12,other
uncanny,12,other
fiber,12,other
medicine gynecology,12,other
cross cultural,12,other
privacy political,12,other
relationship marketing,12,other
sociology perception,12,other
psychology mental,12,other
studies value,12,other
vanguard,12,other
occupational safety,12,other
medicine qualitative,12,other
punctuation aesthetics,12,other
oceanography geology,12,other
psychology narrative,12,other
medicine radiology,12,other
economy computer,12,other
learning archaeology,12,other
sociology modernity,12,other
offline,12,other
climate justice,12,other
geography medicine,12,other
studies natural,12,other
sociology materialism,12,other
criticism art,12,other
geography geography,12,other
online offline,12,other
operating biology,12,other
genealogy sociology,12,other
americans feminism,12,other
psychiatry biology,12,other
deep,12,other
communism law,12,other
archaeology visual,12,other
nursing public,12,other
theology anthropology,12,other
ordination,12,other
studies literary,12,other
psychology algorithm,12,other
optometry,12,other
profit,12,other
equality politics,12,other
class analysis,12,other
health philosophy,12,other
medicine poison,12,other
mental illness,12,other
ecology identity,12,other
coaching,12,other
epistemology media,12,other
studies new,12,other
protein,12,other
learning law,12,other
oppression patriarchy,12,other
economics programming,12,other
feminism postcolonialism,12,other
epistemology biochemistry,12,other
biology pedagogy,12,other
ecology anthropology,12,other
science labour,12,other
indian,12,other
science multimedia,12,other
studies embodied,12,other
sociology globalization,12,other
database epistemology,12,other
adult education,12,other
construction political,12,other
liberal arts,12,other
feminism metaphor,12,other
liberalization,12,other
demography political,12,other
geotechnical engineering,12,other
sociology digital,12,other
financial crisis,12,other
geotechnical,12,other
renaissance art,12,other
sociology publishing,12,other
sociology framing,12,other
postpartum,12,other
studies reproductive,12,other
performing arts,12,other
economic sociology,12,other
performing,12,other
realism sociology,12,other
mechanics mechanical,12,other
finance physics,12,other
aesthetics biology,12,other
art operating,12,other
administration social,12,other
advertising psychology,12,other
psychology internal,12,other
dependency,12,other
scholarship political,12,other
pedagogy physics,12,other
twilight,12,other
modernity gender,12,other
autonomy gender,12,other
neuroscience linguistics,12,other
archaeology library,12,other
scientific knowledge,12,other
ecology aesthetics,12,other
navigation,12,other
testimonial,12,other
prevention law,12,other
studies health,12,other
technical,12,other
vernacular,12,other
engineering human,12,other
medicine biochemistry,12,other
cinahl,12,other
afghan,12,other
abolitionism,12,other
open,12,other
archaeology mechanical,12,other
ethics feminist,12,other
typography gender,12,other
grassroots gender,11,other
geography epistemology,11,other
studies theme,11,other
graphical politics,11,other
spring device,11,other
rhetoric gender,11,other
science legal,11,other
physics psychotherapist,11,other
complementarity molecular,11,other
biblical studies,11,other
non,11,other
ideology aesthetics,11,other
identity political,11,other
basketball,11,other
management studies,11,other
criticism criticism,11,other
science ethnic,11,other
world sociology,11,other
humanism feminism,11,other
studies style,11,other
abortion feminism,11,other
states,11,other
spring,11,other
neuroscience mathematics,11,other
new social,11,other
police,11,other
identity identity,11,other
ratio social,11,other
complementarity,11,other
migration,11,other
physics state,11,other
nurse,11,other
metaphor sociology,11,other
mainstream political,11,other
biblical,11,other
radicalism politics,11,other
art ancient,11,other
direct,11,other
militarization,11,other
criticism philosophy,11,other
indigenous political,11,other
neuroscience archaeology,11,other
telecommunications computer,11,other
rhetoric rhetorical,11,other
movements,11,other
intelligence operating,11,other
water,11,other
science inequality,11,other
movement history,11,other
teleology,11,other
physics nuclear,11,other
normative politics,11,other
physics order,11,other
studies phenomenon,11,other
management social,11,other
femicide,11,other
normative social,11,other
ontology sociology,11,other
bible,11,other
studies nursing,11,other
physics geometry,11,other
men sex,11,other
conversation politics,11,other
database philosophy,11,other
sex men,11,other
physics human,11,other
feminism variety,11,other
studies relation,11,other
capital social,11,other
middle ages,11,other
novelty,11,other
language biology,11,other
ideology representation,11,other
sedimentary,11,other
materialism epistemology,11,other
materialism gender,11,other
biology identity,11,other
archaeology meaning,11,other
economics population,11,other
philosophy developmental,11,other
pathology philosophy,11,other
boundary,11,other
science cartography,11,other
pathology linguistics,11,other
archaeology media,11,other
forced,11,other
path computing,11,other
demographics,11,other
medicine business,11,other
feminism environmentalism,11,other
development studies,11,other
studies higher,11,other
biology demography,11,other
mutation aesthetics,11,other
morality sociology,11,other
modern,11,other
parallel,11,other
archaeology narrative,11,other
history environmental,11,other
feminism ecofeminism,11,other
volume,11,other
social movements,11,other
music women,11,other
theory pedagogy,11,other
feminism popularity,11,other
medical model,11,other
biology mathematical,11,other
art pedagogy,11,other
feminism liberation,11,other
feminism identification,11,other
immigration law,11,other
mechanics gene,11,other
injustice feminism,11,other
feminism individualism,11,other
biostatistics,11,other
web analytics,11,other
theory history,11,other
perfection,11,other
theory ideology,11,other
studies curriculum,11,other
depiction feminism,11,other
school,11,other
feminism linguistics,11,other
society sociology,11,other
archaeology engineering,11,other
information literacy,11,other
feminism literary,11,other
theory linguistics,11,other
satisfaction,11,other
archaeology economic,11,other
pedagogy curriculum,11,other
studies equity,11,other
mutation psychology,11,other
monster,11,other
gene physics,11,other
language art,11,other
economy philosophy,11,other
gene biology,11,other
language feminism,11,other
social research,11,other
free,11,other
philosophy working,11,other
philosophy world,11,other
feminism sex,11,other
optical,11,other
phrase,11,other
aesthetics physics,11,other
racism feminism,11,other
biochemistry linguistics,11,other
impossibility,11,other
mobilities,11,other
session,11,other
applied ethics,11,other
session web,11,other
theology mathematics,11,other
studies translation,11,other
grammatical number,11,other
feminism spirituality,11,other
business psychology,11,other
young adult,11,other
appeal sociology,11,other
narrative subject,11,other
improvisation,11,other
risk,11,other
science embedded,11,other
physics business,11,other
timeline,11,other
operating law,11,other
feminism authoritarianism,11,other
archaeology gene,11,other
philosophy subject,11,other
saint,11,other
oxymoron,11,other
criminology public,11,other
narrative law,11,other
feminism prejudice,11,other
feminism privilege,11,other
volume thermodynamics,11,other
women black,11,other
medicine infectious,11,other
paid work,11,other
paid,11,other
theology theology,11,other
governance sociology,11,other
economy epistemology,11,other
pace,11,other
medicine literature,11,other
philosophy statistics,11,other
feminism relevance,11,other
stewardship,11,other
science content,11,other
feminism renaissance,11,other
philosophy psychiatry,11,other
studies latin,11,other
romance sociology,11,other
medicine paleontology,11,other
science corporate,11,other
social history,11,other
biochemistry programming,11,other
attraction,11,other
appropriation feminism,11,other
media politics,11,other
feeling feminism,11,other
primary,11,other
history algorithm,11,other
health biology,11,other
pressure,11,other
displacement,11,other
leadership studies,11,other
politics ethnography,11,other
politics face,11,other
healthcare,11,other
displacement psychology,11,other
united,11,other
ambivalence gender,11,other
judaism sociology,11,other
violence feminism,11,other
sociology postcolonialism,11,other
irish gender,11,other
ethnography anthropology,11,other
sociology humanism,11,other
ecological crisis,11,other
analysis engineering,11,other
dissenting,11,other
growth geography,11,other
psychometrics,11,other
group law,11,other
color sociology,11,other
post modernism,11,other
print,11,other
hair,11,other
linguistics statistics,11,other
epistemology public,11,other
sociology medical,11,other
intersectionality scholarship,11,other
contextualization,11,other
group feminism,11,other
exploit,11,other
analysis biology,11,other
research health,11,other
domain mathematical,11,other
child abuse,11,other
investment,11,other
analysis ideology,11,other
disorder,11,other
lesbian political,11,other
politics cultural,11,other
analysis critical,11,other
justice epistemology,11,other
cloud computing,11,other
psychotherapist computer,11,other
engineering chemistry,11,other
liberation gender,11,other
ethics normative,11,other
law race,11,other
repertoire,11,other
common,11,other
download citation,11,other
hours,11,other
construction sociology,11,other
sociology welfare,11,other
power structure,11,other
haven,11,other
algorithm ecology,11,other
universality dynamical,11,other
westernization,11,other
politics meaning,11,other
universality,11,other
sociology transgender,11,other
poverty gender,11,other
sociology development,11,other
sociology interpretation,11,other
law suicide,11,other
engineering management,11,other
engineering algorithm,11,other
psychology race,11,other
dissenting opinion,11,other
epistemology context,11,other
quantitative,11,other
american studies,11,other
concept social,11,other
group politics,11,other
ecology psychotherapist,11,other
epistemology criminology,11,other
consent,11,other
research qualitative,11,other
conscience,11,other
sociology privilege,11,other
psychology self,11,other
reductionism,11,other
joke,11,other
epistemology developmental,11,other
historiography politics,11,other
change social,11,other
algebra,11,other
values,11,other
china law,11,other
psychology feeling,11,other
psychology focus,11,other
intelligence psychology,11,other
ethnology political,11,other
aesthetics feminist,11,other
ethnology art,11,other
population control,11,other
process literature,11,other
ground,11,other
psychiatry political,11,other
psychiatry sociology,11,other
legend,11,other
population politics,11,other
interwar,11,other
eroticism,11,other
utterance sociology,11,other
dual grammatical,11,other
control social,11,other
revelation,11,other
longitudinal study,11,other
civic engagement,11,other
dynamical systems,11,other
linguistics psychoanalysis,11,other
dynamical,11,other
ethnology law,11,other
health psychiatry,11,other
civic,11,other
ages,11,other
linguistics public,11,other
analogy,11,other
journalism participatory,11,other
hormone,11,other
civility,11,other
islam identity,11,other
law civil,11,other
living,11,other
hegemony political,11,other
dual,11,other
guardian,11,other
equality feminism,11,other
disgust,11,other
econometrics,11,other
sociology geology,11,other
social criticism,11,other
educational leadership,11,other
electronic,11,other
epidemiology,11,other
linguistics paleontology,11,other
sociolinguistics,11,other
epic,11,other
welfare sociology,11,other
professionalization,11,other
law alternative,11,other
legal research,11,other
transcendental,11,other
interwar period,11,other
care social,11,other
legislation political,11,other
sociology individualism,10,other
doris,10,other
informed,10,other
global politics,10,other
economics biochemistry,10,other
psychology field,10,other
studies domestic,10,other
sociology set,10,other
studies demographic,10,other
postmodernism politics,10,other
chemistry neuroscience,10,other
ecofeminism sociology,10,other
sectional,10,other
amateur,10,other
queer transgender,10,other
deployment,10,other
informed consent,10,other
sectional study,10,other
publishing feminism,10,other
biometrics,10,other
life writing,10,other
gerontology sociology,10,other
philosophy business,10,other
bay,10,other
art biochemistry,10,other
finance law,10,other
criticism ideology,10,other
philosophy contemporary,10,other
realm sociology,10,other
globalism,10,other
pedagogy quantum,10,other
real,10,other
gesture,10,other
reproduction feminism,10,other
child care,10,other
injustice politics,10,other
blues,10,other
administration politics,10,other
epistemology chemistry,10,other
epistemology artificial,10,other
personality psychology,10,other
work feminism,10,other
coin,10,other
blogosphere,10,other
aesthetics psychotherapist,10,other
ethnography social,10,other
self concept,10,other
hop,10,other
feminism grassroots,10,other
perversion,10,other
detector,10,other
history women,10,other
metering,10,other
pharmacology,10,other
scripting,10,other
populism feminism,10,other
studies character,10,other
studies construct,10,other
sociology ideal,10,other
habitat,10,other
cognition social,10,other
normalization sociology,10,other
philosophy argument,10,other
normalization,10,other
population gender,10,other
global governance,10,other
child sexual,10,other
philosophy acoustics,10,other
body politic,10,other
environmentalism sociology,10,other
psychology feminist,10,other
constructionism social,10,other
studies content,10,other
feminism independence,10,other
descriptive statistics,10,other
population philosophy,10,other
studies quantum,10,other
hop telecommunications,10,other
studies publishing,10,other
genetics politics,10,other
urbanism,10,other
performativity sociology,10,other
matter,10,other
praxis politics,10,other
amendment,10,other
psychiatry medicine,10,other
overweight,10,other
socialism politics,10,other
studies interpretation,10,other
geology sociology,10,other
process aesthetics,10,other
operating linguistics,10,other
constitution political,10,other
east asia,10,other
west,10,other
sociology opposition,10,other
democracy public,10,other
geography mathematics,10,other
intersectionality social,10,other
paleontology quantum,10,other
world political,10,other
legislature politics,10,other
epistemology quantum,10,other
deliberative democracy,10,other
panacea,10,other
deliberative,10,other
panacea medicine,10,other
democracy state,10,other
pandemic coronavirus,10,other
panel,10,other
geometry computer,10,other
justice public,10,other
feminism population,10,other
constitutionalism,10,other
studies indigenous,10,other
biochemistry artificial,10,other
similarity geometry,10,other
media psychology,10,other
health health,10,other
optics philosophy,10,other
learning political,10,other
silence gender,10,other
punctuation political,10,other
sociology natural,10,other
learning politics,10,other
archaeology psychotherapist,10,other
professional development,10,other
silence sociology,10,other
critical legal,10,other
medicine pedagogy,10,other
similarity,10,other
theology physics,10,other
working hours,10,other
studies liberation,10,other
proposition,10,other
economy engineering,10,other
organizational culture,10,other
medicine psychoanalysis,10,other
protocol,10,other
sociology new,10,other
oppression feminist,10,other
theology medicine,10,other
geology gender,10,other
era,10,other
feminism realm,10,other
epistemology subject,10,other
biography feminism,10,other
unit ring,10,other
leisure,10,other
paradigm,10,other
paradigm shift,10,other
geography human,10,other
western culture,10,other
sociology pregnancy,10,other
socialism feminism,10,other
work political,10,other
sanctions,10,other
demography medicine,10,other
archaeology machine,10,other
society politics,10,other
united states,10,other
hypocrisy,10,other
psychology anger,10,other
criminology epistemology,10,other
nursing pathology,10,other
feminism memoir,10,other
pedagogy biology,10,other
war gender,10,other
hiv medicine,10,other
psychology biochemistry,10,other
singing,10,other
pedagogy ecology,10,other
epistemology human,10,other
information ethics,10,other
decadence,10,other
computer interface,10,other
theory cultural,10,other
nursing computer,10,other
history narrative,10,other
media public,10,other
doris gastropod,10,other
heaven,10,other
justice psychology,10,other
science face,10,other
economy linguistics,10,other
lens metering,10,other
intersectionality race,10,other
geometry law,10,other
medieval,10,other
medicine disease,10,other
psychoanalysis linguistics,10,other
citation art,10,other
shortage,10,other
medicine developmental,10,other
police brutality,10,other
medicine clinical,10,other
communism political,10,other
typography sociology,10,other
feminism transformation,10,other
adversarial,10,other
vision feminism,10,other
studies geology,10,other
lesbian transgender,10,other
leverage,10,other
leverage statistics,10,other
pregnancy sociology,10,other
history business,10,other
influencer,10,other
influencer marketing,10,other
shift,10,other
realm feminism,10,other
sociology latin,10,other
archaeology world,10,other
philosophy criminology,10,other
critical management,10,other
philosophy criticism,10,other
femininity context,10,other
business environmental,10,other
politics modernity,10,other
heterosexuality feminism,10,other
commissioning sociology,10,other
right sociology,10,other
mythology sociology,10,other
sociology vision,10,other
intelligence neuroscience,10,other
exhibition feminism,10,other
conflation,10,other
psychotherapist medicine,10,other
sri,10,other
counterculture,10,other
commodification sociology,10,other
politics machine,10,other
victimisation,10,other
photovoice,10,other
subjectivity agency,10,other
statute,10,other
education public,10,other
law ethnology,10,other
moment physics,10,other
politics liberalism,10,other
extreme right,10,other
monetary,10,other
sri lanka,10,other
extreme,10,other
empire feminism,10,other
local,10,other
literal,10,other
caste gender,10,other
ideology psychology,10,other
control psychology,10,other
law internet,10,other
engineering mathematical,10,other
mode computer,10,other
education engineering,10,other
algorithm mathematics,10,other
anthropology psychoanalysis,10,other
business biology,10,other
transactional leadership,10,other
masculinity aesthetics,10,other
humanities literature,10,other
dichotomy,10,other
activity,10,other
physics theology,10,other
managerialism,10,other
philosophy qualitative,10,other
physics statistics,10,other
politics negotiation,10,other
business ecology,10,other
philosophy queer,10,other
intelligence biology,10,other
jazz,10,other
philosophy reading,10,other
sociology translation,10,other
sex education,10,other
anthropology economics,10,other
physics power,10,other
anonymity,10,other
disengagement,10,other
applied philosophy,10,other
intelligence mathematical,10,other
politics framing,10,other
tone,10,other
tone literature,10,other
feminism architecture,10,other
politics consciousness,10,other
anthropology acoustics,10,other
snowball,10,other
software deployment,10,other
quarter,10,other
physics machine,10,other
historiography feminism,10,other
quarter canadian,10,other
physics finance,10,other
canadian coin,10,other
empowerment agency,10,other
sociology construct,10,other
communication gender,10,other
physics literature,10,other
masculinity psychology,10,other
physics library,10,other
masculinity power,10,other
disordered eating,10,other
disordered,10,other
gender justice,10,other
control criminology,10,other
hindutva,10,other
sociology content,10,other
music sexual,10,other
youth,10,other
violence context,10,other
transcendental number,10,other
rna biochemistry,10,other
linguistics neuroscience,10,other
gene ecology,10,other
web linguistics,10,other
politics indigenous,10,other
statistics law,10,other
communication art,10,other
international development,10,other
assemblage archaeology,10,other
vietnamese,10,other
physics paleontology,10,other
friendship sociology,10,other
physics database,10,other
femininity politics,10,other
assemblage,10,other
ring theory,10,other
science sexual,10,other
snowball sampling,10,other
music philosophy,10,other
physics content,10,other
sociology working,10,other
marketing economics,10,other
sophistication,10,other
ideology hegemony,10,other
asian americans,10,other
war sociology,10,other
explication,10,other
analysis public,10,other
arts physics,10,other
documents aesthetics,10,other
psycinfo,10,other
psychology internet,10,other
arts feminism,10,other
negotiation identity,10,other
care psychology,10,other
arts operating,10,other
cross sectional,10,other
strip,10,other
glossary,10,other
engineering visual,10,other
mineral gender,10,other
anthropology pedagogy,10,other
discipline sociology,10,other
stressor,10,other
consciousness consciousness,10,other
mathematics pedagogy,10,other
politic,10,other
sociology essentialism,10,other
comprehension,10,other
science market,10,other
multinational,10,other
gospel,10,other
emancipation politics,10,other
real estate,10,other
database art,10,other
research computer,10,other
sexuality philosophy,10,other
militarism feminism,10,other
communication physics,10,other
multinational corporation,10,other
politics solidarity,10,other
multimedia computer,10,other
autoethnography sociology,10,other
television series,10,other
psychology library,10,other
law medical,10,other
linguistics pure,10,other
documents computer,10,other
publicity,10,other
family therapy,10,other
science legislature,10,other
web social,10,other
great,10,other
brutality,10,other
aesthetics quantum,10,other
disconnection,10,other
management business,10,other
visual culture,10,other
pleasure sociology,10,other
philosophy field,10,other
dialectic feminism,10,other
polity feminism,10,other
mathematics machine,10,other
economics quantum,10,other
public discourse,10,other
virology medicine,10,other
rubric,10,other
mathematics library,10,other
misinformation,10,other
sociology empirical,10,other
entrepreneurship sociology,10,other
lanka,10,other
spirituality gender,10,other
combinatorics mathematics,10,other
anatomy medicine,10,other
science psychological,10,other
exchange art,10,other
history demography,10,other
immunology,10,other
feminism curriculum,10,other
darwin,10,other
reform political,10,other
feeling sociology,10,other
psychology health,10,other
psychology personality,10,other
intelligence algorithm,10,other
philosophy empowerment,10,other
culture politics,10,other
social rights,10,other
green,10,other
philosophy media,10,other
contempt,10,other
spirituality feminism,10,other
transport,10,other
sadomasochism,10,other
queer art,10,other
management geography,10,other
care law,10,other
planning sociology,10,other
sexual ethics,10,other
islam philosophy,10,other
juvenile,10,other
gastropod,10,other
care health,10,other
individualism politics,9,other
identity formation,9,other
emotion work,9,other
optical fiber,9,other
east political,9,other
studies marxist,9,other
medicine virology,9,other
league feminism,9,other
music psychoanalysis,9,other
ii political,9,other
archaeology statistics,9,other
cybernetics psychology,9,other
psychiatry nursing,9,other
operating artificial,9,other
prologue,9,other
summit,9,other
economics marketing,9,other
medicine reproductive,9,other
sustainability sociology,9,other
sociology middle,9,other
reciprocal,9,other
studies memoir,9,other
sociology morality,9,other
industrialisation,9,other
health politics,9,other
communism feminism,9,other
psychiatry family,9,other
emerging,9,other
super,9,other
movement human,9,other
super ego,9,other
indonesian feminism,9,other
critical psychology,9,other
psychoanalysis biology,9,other
theology library,9,other
oppression human,9,other
multitude,9,other
aesthetics mathematics,9,other
music negotiation,9,other
igbo,9,other
equal,9,other
ratio sociology,9,other
oppression political,9,other
empirical evidence,9,other
game design,9,other
relations internet,9,other
sociology michel,9,other
class social,9,other
theology history,9,other
journalism political,9,other
psychotherapist social,9,other
science economy,9,other
law disease,9,other
psychotherapist archaeology,9,other
ballet,9,other
social support,9,other
new media,9,other
new right,9,other
cohesion,9,other
radicalism political,9,other
art ethnology,9,other
studies pure,9,other
studies telecommunications,9,other
scripting language,9,other
metaphysics philosophy,9,other
genocide,9,other
metaphysics epistemology,9,other
figurative language,9,other
figurative,9,other
incentive,9,other
food sovereignty,9,other
economic shortage,9,other
banner,9,other
database psychology,9,other
indigenous colonialism,9,other
aeronautics sociology,9,other
public service,9,other
narrative power,9,other
normative epistemology,9,other
psychology demographic,9,other
normative gender,9,other
african studies,9,other
sociology citation,9,other
fetishism,9,other
science geology,9,other
visibility gender,9,other
new historicism,9,other
cohort study,9,other
engineering telecommunications,9,other
psychology higher,9,other
law physical,9,other
sociology global,9,other
utilitarianism,9,other
psychology humanities,9,other
consciousness politics,9,other
sociology gene,9,other
optics computer,9,other
negotiation political,9,other
art artificial,9,other
ecology algorithm,9,other
term gender,9,other
finance social,9,other
law power,9,other
art advertising,9,other
database law,9,other
avatar,9,other
enlightenment politics,9,other
reign,9,other
fiqh,9,other
neuroscience physics,9,other
genetics pregnancy,9,other
situated gender,9,other
psychology mechanical,9,other
validity,9,other
engineering world,9,other
fishery biology,9,other
baby,9,other
auditing sociology,9,other
radicalism gender,9,other
epistemology economic,9,other
knowledge sociology,9,other
hinduism feminism,9,other
communication archaeology,9,other
cultural psychology,9,other
art poetry,9,other
empowerment psychology,9,other
obedience,9,other
motif music,9,other
epistemology mechanical,9,other
social connectedness,9,other
sociology liberation,9,other
objectivism,9,other
studies normative,9,other
aesthetics ecology,9,other
music space,9,other
sociology literary,9,other
secularism sociology,9,other
engineering machine,9,other
feminism turkish,9,other
epistemology neuroscience,9,other
closing real,9,other
closing,9,other
subversion feminism,9,other
franchise,9,other
identity negotiation,9,other
investment military,9,other
psychoanalysis physics,9,other
science space,9,other
archaeology theology,9,other
clinical practice,9,other
unitary state,9,other
unitary,9,other
psychology religious,9,other
american literature,9,other
job,9,other
racism social,9,other
ideology criticism,9,other
theater gender,9,other
science microeconomics,9,other
beauty aesthetics,9,other
theology aesthetics,9,other
sociology dialectic,9,other
knight,9,other
social order,9,other
history religions,9,other
commercialization,9,other
communication sociology,9,other
beauty gender,9,other
narcissism,9,other
jewish identity,9,other
welfare reform,9,other
nursing environmental,9,other
ecology paleontology,9,other
universalism feminism,9,other
connectedness,9,other
sociology demographic,9,other
commodification feminism,9,other
law state,9,other
mutation race,9,other
language quantum,9,other
bella,9,other
cultural heritage,9,other
economics positive,9,other
socialism democracy,9,other
feminism welfare,9,other
lactation,9,other
historiography gender,9,other
archaeology qualitative,9,other
sexuality race,9,other
distance,9,other
language mathematics,9,other
business world,9,other
physics classical,9,other
global justice,9,other
global health,9,other
population health,9,other
question rhetoric,9,other
intermediary,9,other
selfie,9,other
mechanics anthropology,9,other
phenomenon gender,9,other
tribe,9,other
population psychology,9,other
web archaeology,9,other
habitus sociology,9,other
physics black,9,other
mathematics visual,9,other
linguistics programming,9,other
educational research,9,other
addiction,9,other
applied anthropology,9,other
internet political,9,other
distribution,9,other
linguistics pedagogy,9,other
feminism ethos,9,other
chemistry mathematics,9,other
literature engineering,9,other
existential political,9,other
mathematics representation,9,other
feminism bridge,9,other
programming sociology,9,other
globalization feminism,9,other
studies appropriation,9,other
development gender,9,other
effect,9,other
consumer culture,9,other
graphical aesthetics,9,other
intelligence gender,9,other
dopamine,9,other
canon,9,other
feminism index,9,other
linguistics aesthetics,9,other
donation,9,other
limiting,9,other
postmodern music,9,other
marketing strategy,9,other
ego super,9,other
humanities context,9,other
feminism internet,9,other
depositional environment,9,other
depositional,9,other
scholarship mainstream,9,other
scholarship media,9,other
postmodernism aesthetics,9,other
biomedicine,9,other
masculinity femininity,9,other
feminism inclusion,9,other
honesty,9,other
aesthetics power,9,other
economics development,9,other
linguistics context,9,other
wildlife,9,other
correctness,9,other
graphical context,9,other
personal narrative,9,other
studies classics,9,other
feminism historiography,9,other
feminism alliance,9,other
persecution,9,other
sedimentary depositional,9,other
feminism humanity,9,other
possession,9,other
feminism ideal,9,other
possession linguistics,9,other
politics suffrage,9,other
sociology socioeconomics,9,other
mechanics pedagogy,9,other
politics popular,9,other
transitional,9,other
literal figurative,9,other
stewardship theology,9,other
archaeology agency,9,other
transitional justice,9,other
literacy gender,9,other
theory qualitative,9,other
feminism clarity,9,other
transhumanism,9,other
feminism civil,9,other
humanities ethnology,9,other
literacy critical,9,other
wife gender,9,other
theory state,9,other
literature classics,9,other
politics library,9,other
philosophy pregnancy,9,other
literature biology,9,other
development theory,9,other
philosophy structural,9,other
intelligence ecology,9,other
feminism conceptualization,9,other
animal rights,9,other
transgressive,9,other
education feminism,9,other
diversification,9,other
transgender queer,9,other
feminism comics,9,other
research pedagogy,9,other
politics neoliberalism,9,other
statutory law,9,other
course navigation,9,other
feminism collective,9,other
statutory,9,other
exchange social,9,other
business artificial,9,other
divinity,9,other
theory subject,9,other
philosophy oppression,9,other
feminism elite,9,other
politics realm,9,other
politics relation,9,other
research engineering,9,other
politics rhetoric,9,other
existential epistemology,9,other
theory narrative,9,other
statistics sociology,9,other
sociology sport,9,other
politics psychiatry,9,other
politics socialism,9,other
literature ecology,9,other
broadcasting networking,9,other
analysis qualitative,9,other
anorexia nervosa,9,other
research citizen,9,other
feminism business,9,other
queer social,9,other
appraisal,9,other
feminism drama,9,other
growth medicine,9,other
language artificial,9,other
continental philosophy,9,other
theory postmodernism,9,other
continental,9,other
politics psychotherapist,9,other
seriousness,9,other
good,9,other
mathematics perspective,9,other
philosophy literary,9,other
research feminism,9,other
chemistry chromatography,9,other
feminism domestic,9,other
instrumentalism,9,other
archaeology communication,9,other
internationalization,9,other
marketing gender,9,other
economics chemistry,9,other
planning environmental,9,other
traditional medicine,9,other
feminism phenomenology,9,other
prevention psychology,9,other
parallel computing,9,other
theory action,9,other
affect theory,9,other
abusive relationship,9,other
biology black,9,other
print media,9,other
legitimacy politics,9,other
biology algorithm,9,other
legitimacy political,9,other
traditionalism,9,other
feminism premise,9,other
macro,9,other
paleontology programming,9,other
studies institution,9,other
paleontology linguistics,9,other
parity,9,other
parity physics,9,other
medicine anatomy,9,other
icon download,9,other
pregnancy social,9,other
health administration,9,other
demography archaeology,9,other
geometry quantum,9,other
special section,9,other
religions,9,other
ethics context,9,other
health archaeology,9,other
intersectionality oppression,9,other
security gender,9,other
studies girl,9,other
geometry physics,9,other
lesbian psychology,9,other
medicine chemistry,9,other
studies globalization,9,other
ethics art,9,other
lesbian human,9,other
health gender,9,other
feeling aesthetics,9,other
biological sex,9,other
bioinformatics,9,other
id,9,other
convention rights,9,other
archaeology psychiatry,9,other
sociology neuroscience,9,other
id ego,9,other
discipline feminism,9,other
equity equity,9,other
silence feminism,9,other
economics aesthetics,9,other
economics international,9,other
mainstream narrative,9,other
science critical,9,other
policy sociology,9,other
learning psychology,9,other
optimization,9,other
profit economics,9,other
policy social,9,other
science compressive,9,other
anthropology neuroscience,9,other
medicine medline,9,other
studies intersection,9,other
abusive,9,other
problematization,9,other
signal,9,other
management ecology,9,other
intervention political,9,other
feminism qualitative,9,other
legalization,9,other
studies irish,9,other
feminism reflexivity,9,other
human security,9,other
biography gender,9,other
outrage,9,other
geology oceanography,9,other
abuse sexual,9,other
rhetoric political,9,other
inequality feminist,9,other
liability,9,other
diversification marketing,9,other
realisation,9,other
german gender,9,other
intersectionality black,9,other
demography pregnancy,9,other
pragmatism sociology,9,other
adultery,9,other
literature quantum,9,other
livestock,9,other
ethics medicine,9,other
download gender,9,other
medical anthropology,9,other
download feminism,9,other
biology operating,9,other
core,9,other
criminology geography,9,other
mechanics politics,9,other
criminology computer,9,other
postmodernism narrative,9,other
transdisciplinarity,9,other
politics collective,9,other
sociology quantum,9,other
biology power,9,other
politics class,9,other
ethics power,9,other
facto,9,other
biology psychotherapist,9,other
choice,9,other
biology psychiatry,9,other
feminism jurisprudence,9,other
theory computer,9,other
exposition narrative,9,other
racial,9,other
security physics,9,other
politics action,9,other
politics ancient,9,other
biology literature,9,other
cornerstone,9,other
religious identity,9,other
pedagogy visual,9,other
exposition,9,other
medical sociology,9,other
hysteria,9,other
liberalism feminism,9,other
stalking,9,other
studies film,9,other
land,9,other
tower,8,other
virtual,8,other
art neuroscience,8,other
mainstreaming mainstreaming,8,other
journalism gender,8,other
anthropology theology,8,other
mathematics communication,8,other
anti,8,other
graphical interpretation,8,other
heterosexuality gender,8,other
aesthetics queer,8,other
transgender psychology,8,other
approach social,8,other
art white,8,other
intensive,8,other
juvenile delinquency,8,other
adjudication,8,other
sympathy feminism,8,other
historical geography,8,other
gratitude,8,other
tracing,8,other
ideology history,8,other
group race,8,other
movement theory,8,other
tiger,8,other
greenwich,8,other
anthropocentrism sociology,8,other
intelligence sociology,8,other
history criminology,8,other
tamil,8,other
intelligence pure,8,other
management philosophy,8,other
human robot,8,other
morality feminism,8,other
management gender,8,other
intelligence mechanical,8,other
witness feminism,8,other
movement identity,8,other
appeal gender,8,other
management politics,8,other
thermodynamics physics,8,other
low,8,other
alchemy,8,other
wife sociology,8,other
ideology literature,8,other
anthropology communication,8,other
transformation sociology,8,other
gender discrimination,8,other
intelligence epistemology,8,other
agroforestry,8,other
trafficking criminology,8,other
gene law,8,other
literature communication,8,other
action social,8,other
anthropology chemistry,8,other
transgender feminism,8,other
history period,8,other
movement psychology,8,other
monetary economics,8,other
masculinity social,8,other
literature literary,8,other
art programming,8,other
trait,8,other
arts engineering,8,other
law advertising,8,other
language finance,8,other
alliance politics,8,other
aesthetics biochemistry,8,other
interpretative phenomenological,8,other
law special,8,other
multiculturalism political,8,other
media advertising,8,other
media internet,8,other
life healthcare,8,other
voice,8,other
history geology,8,other
architecture sociology,8,other
library sociology,8,other
worry,8,other
web artificial,8,other
german art,8,other
weaknesses,8,other
indigenous politics,8,other
lifelong,8,other
interpretative,8,other
modernity art,8,other
mechanics paleontology,8,other
hegemony human,8,other
wonder feminism,8,other
genus,8,other
girl art,8,other
lifeworld,8,other
law qualitative,8,other
welfare political,8,other
irrational,8,other
geography aesthetics,8,other
theory field,8,other
gerontology psychology,8,other
lifelong learning,8,other
islam faith,8,other
irrational number,8,other
theory criminology,8,other
liberalism law,8,other
abortion reproductive,8,other
medicine obstetrics,8,other
learning artificial,8,other
inequality psychology,8,other
inequality politics,8,other
medicine mathematical,8,other
language politics,8,other
labor relations,8,other
idealization,8,other
menopause,8,other
health promotion,8,other
intervention psychology,8,other
labor history,8,other
intervention sociology,8,other
archaeology reading,8,other
language political,8,other
history human,8,other
legislation gender,8,other
geometry archaeology,8,other
health family,8,other
health environmental,8,other
jurisprudence feminism,8,other
medicine finance,8,other
introspection,8,other
voluntary,8,other
health demography,8,other
homogeneous,8,other
memory work,8,other
geometry political,8,other
advertising history,8,other
work psychology,8,other
geomorphology,8,other
intersectionality media,8,other
hegemony ideology,8,other
interpersonal relationship,8,other
humiliation,8,other
kinship gender,8,other
archaeology argument,8,other
web quantum,8,other
aeronautics gender,8,other
theory public,8,other
law macroeconomics,8,other
art gene,8,other
mineral feminism,8,other
militant feminism,8,other
globe gender,8,other
islam religious,8,other
miller feminism,8,other
horticulture,8,other
internet computer,8,other
language social,8,other
governance law,8,other
web programming,8,other
mobility,8,other
technological,8,other
adl,8,other
genealogy art,8,other
action action,8,other
technocracy,8,other
law internal,8,other
war history,8,other
web media,8,other
moderation,8,other
heteronormativity sociology,8,other
appropriation sociology,8,other
law health,8,other
age,8,other
gene quantum,8,other
utterance politics,8,other
advertising social,8,other
language neuroscience,8,other
metatheory,8,other
hamlet,8,other
hamlet protein,8,other
linguistics economic,8,other
unrest,8,other
genetics social,8,other
happening,8,other
mechanics finance,8,other
utterance gender,8,other
history finance,8,other
ideology argument,8,other
weaving,8,other
analysis linguistics,8,other
abortion gender,8,other
ambivalence feminism,8,other
mechanics developmental,8,other
triangulation,8,other
linguistics genetics,8,other
linguistics human,8,other
archaeology developmental,8,other
maya,8,other
microbiology biology,8,other
matrix,8,other
term feminism,8,other
mathematics work,8,other
mathematics theology,8,other
archaeology democracy,8,other
analysis physics,8,other
alliance feminism,8,other
humanities theology,8,other
islam indonesian,8,other
globalization politics,8,other
mainstream context,8,other
feminism institutionalisation,8,other
multiculturalism politics,8,other
philosophy cognitive,8,other
queer aesthetics,8,other
socioeconomics political,8,other
education qualitative,8,other
sociological criticism,8,other
educational attainment,8,other
philosophy classics,8,other
philosophy communism,8,other
psychology masculinity,8,other
community based,8,other
sociology arts,8,other
sociology autonomy,8,other
sociology biochemistry,8,other
studies affect,8,other
publishing law,8,other
philosophy astronomy,8,other
philosophy ancient,8,other
bond,8,other
philosophical gambling,8,other
quo sociology,8,other
economy environmental,8,other
phenomenological analysis,8,other
phenomenological,8,other
economy art,8,other
feminism higher,8,other
racism white,8,other
computing epistemology,8,other
economics psychiatry,8,other
radiology medicine,8,other
feminism immigration,8,other
economics paleontology,8,other
social position,8,other
boycott,8,other
publics,8,other
emblem,8,other
business business,8,other
color feminism,8,other
statistics linguistics,8,other
engineering population,8,other
sociology elite,8,other
psychology operating,8,other
business medicine,8,other
physical geography,8,other
psychology perspective,8,other
business linguistics,8,other
psychology physical,8,other
feminism comedy,8,other
philosophy relation,8,other
engineering architectural,8,other
common ground,8,other
engine optimization,8,other
philosophy internal,8,other
business accounting,8,other
stock,8,other
sociology corporate,8,other
empowerment power,8,other
psychotherapist biology,8,other
employment,8,other
empathy psychology,8,other
strengths,8,other
strengths weaknesses,8,other
philosophy materialism,8,other
emotional labor,8,other
sociology citizenship,8,other
communication social,8,other
philosophy islam,8,other
biology white,8,other
social network,8,other
social model,8,other
reframing sociology,8,other
passions feminism,8,other
party,8,other
ecology programming,8,other
skepticism sociology,8,other
ecology pedagogy,8,other
ecology operating,8,other
ecology medicine,8,other
parental,8,other
studies immigration,8,other
feminism pleasure,8,other
feminism poetics,8,other
biology class,8,other
studies individualism,8,other
feminism position,8,other
ecology history,8,other
studies genealogy,8,other
paleontology ecology,8,other
feminism promotion,8,other
feminism psychological,8,other
consciousness art,8,other
ecology artificial,8,other
ecology art,8,other
consciousness psychoanalysis,8,other
single,8,other
oriented programming,8,other
oriented,8,other
orientation gender,8,other
studies lens,8,other
simple,8,other
feminism reproductive,8,other
biology finance,8,other
studies focus,8,other
social mobility,8,other
pedagogy artificial,8,other
social injustice,8,other
pedagogy pedagogy,8,other
feminism legitimacy,8,other
social equality,8,other
economics democracy,8,other
realism epistemology,8,other
studies dominance,8,other
reality television,8,other
pedagogy media,8,other
pedagogy literature,8,other
economic political,8,other
biology pure,8,other
pedagogy economics,8,other
pedagogy chemistry,8,other
confession,8,other
pathology computer,8,other
recall,8,other
patriarchy psychology,8,other
patriarchy oppression,8,other
reception,8,other
feminism natural,8,other
confession law,8,other
patriarchy islam,8,other
soap,8,other
recognition,8,other
feminism newspaper,8,other
feminism normative,8,other
pathology physics,8,other
feminism objectivity,8,other
reduction,8,other
english language,8,other
feminism bibliography,8,other
relations international,8,other
prayer,8,other
caste feminism,8,other
christian theology,8,other
factor analysis,8,other
soviet,8,other
sovereignty political,8,other
politics autonomy,8,other
choreography,8,other
psychology interpersonal,8,other
pragmatism epistemology,8,other
pragmatics,8,other
sorrow,8,other
china computer,8,other
politics dominance,8,other
central,8,other
factory,8,other
factory object,8,other
ethics geography,8,other
soviet union,8,other
sociology posthumanism,8,other
pregnancy medicine,8,other
politics ambivalence,8,other
pregnancy political,8,other
cartography geography,8,other
christianity sociology,8,other
ethics economic,8,other
political orientation,8,other
sociology poetry,8,other
ethics business,8,other
prevention criminology,8,other
prevention environmental,8,other
political history,8,other
politics elite,8,other
sociology reflection,8,other
century,8,other
population research,8,other
politics reading,8,other
chemistry crystallography,8,other
eugenics feminism,8,other
ethos sociology,8,other
sociology subordination,8,other
chemistry operating,8,other
politics normative,8,other
politics new,8,other
politics mythology,8,other
population nursing,8,other
politics multiculturalism,8,other
chemistry politics,8,other
chemistry programming,8,other
sociology variety,8,other
sociology western,8,other
ceremony,8,other
populism political,8,other
politics knowledge,8,other
garde,8,other
sociology rhetorical,8,other
politics independence,8,other
positivism sociology,8,other
existential power,8,other
existential psychology,8,other
change gender,8,other
posthuman feminism,8,other
posthuman sociology,8,other
politics finance,8,other
existentialism sociology,8,other
childhood studies,8,other
false,8,other
sociology phenomenon,8,other
political culture,8,other
environmentalism political,8,other
femininity power,8,other
cognition epistemology,8,other
epistemology field,8,other
sociology interpersonal,8,other
sociology injustice,8,other
star,8,other
sociology immigration,8,other
psychology domestic,8,other
coherence,8,other
state social,8,other
coherence philosophical,8,other
epistemology argument,8,other
feminism affect,8,other
epistemology algorithm,8,other
collective memory,8,other
physics physics,8,other
feminism alice,8,other
psychology finance,8,other
psychology gene,8,other
colonialism context,8,other
feminism appropriation,8,other
sociology genetics,8,other
entrepreneurship context,8,other
colonialism history,8,other
statistics archaeology,8,other
physics cultural,8,other
psychology inequality,8,other
physics criminology,8,other
sociology food,8,other
physics communication,8,other
physics particle,8,other
psychoanalysis medicine,8,other
political correctness,8,other
cardinal,8,other
estonian,8,other
principal computer,8,other
policy health,8,other
policy analysis,8,other
sociology phenomenology,8,other
care gender,8,other
far,8,other
far right,8,other
poetry law,8,other
process political,8,other
poetics feminism,8,other
equity sociology,8,other
process social,8,other
sphere media,8,other
civil disobedience,8,other
psychoanalysis media,8,other
productivity,8,other
civilization sociology,8,other
planning political,8,other
equality psychology,8,other
class conflict,8,other
proletariat,8,other
fell,8,other
protein complex,8,other
epistemology visual,8,other
sociology moral,8,other
physics sexual,8,other
classics political,8,other
physics representation,8,other
physics pure,8,other
biochemistry politics,8,other
social security,8,other
creative writing,8,other
studies poetry,8,other
security archaeology,8,other
nursing gender,8,other
sexuality feminist,8,other
science suicide,8,other
studies relevance,8,other
music race,8,other
music reading,8,other
subversion gender,8,other
rigour,8,other
music religious,8,other
database feminism,8,other
sciences,8,other
subtext,8,other
sexuality context,8,other
network computer,8,other
avant,8,other
darwin adl,8,other
beijing feminism,8,other
attainment,8,other
nursing theory,8,other
science structural,8,other
criminology philosophy,8,other
dance education,8,other
sexuality literature,8,other
successor cardinal,8,other
dance feminism,8,other
contest sociology,8,other
music modernity,8,other
research law,8,other
music pedagogy,8,other
objectification feminism,8,other
object oriented,8,other
research nursing,8,other
security biology,8,other
successor,8,other
studies welfare,8,other
critical appraisal,8,other
documents power,8,other
science download,8,other
subjectivity epistemology,8,other
criticism context,8,other
rhetoric politics,8,other
science domestic,8,other
rhetorical device,8,other
core optical,8,other
avant garde,8,other
delinquency,8,other
music value,8,other
forensic,8,other
degradation,8,other
degree,8,other
rights criminology,8,other
neuroscience programming,8,other
degree music,8,other
mythology literature,8,other
bacteria,8,other
newspaper feminism,8,other
science ethnography,8,other
revolution gender,8,other
disobedience,8,other
critical practice,8,other
science fundamental,8,other
criticism epistemology,8,other
subjectivity politics,8,other
control injury,8,other
finance gender,8,other
science evolutionary,8,other
respondent,8,other
mutation black,8,other
mutation history,8,other
control medical,8,other
finance feminism,8,other
reverence,8,other
rights human,8,other
feminism transgender,8,other
music perspective,8,other
cultural identity,8,other
consistency,8,other
operating biochemistry,8,other
download section,8,other
operating finance,8,other
negotiation politics,8,other
service learning,8,other
negotiation context,8,other
feminism subordination,8,other
studies socialism,8,other
reliability,8,other
narrative white,8,other
relations power,8,other
ophthalmology,8,other
music black,8,other
science agency,8,other
signal processing,8,other
gambling,8,other
romance literature,8,other
room,8,other
gambling strategy,8,other
needs,8,other
demography psychology,8,other
game theory,8,other
science reproductive,8,other
studies silence,8,other
music action,8,other
relations work,8,other
negation,8,other
robot interaction,8,other
arts neuroscience,8,other
repeal,8,other
curriculum development,8,other
curriculum feminism,8,other
sentence,8,other
double,8,other
east gender,8,other
studies rhetorical,8,other
scholarship ideology,8,other
science botany,8,other
supporter,8,other
dysphoria,8,other
science socioeconomics,8,other
garcia,8,other
online community,8,other
ontology epistemology,8,other
robot feminism,8,other
absurdity,7,other
environmentalism feminism,7,other
environmentalism gender,7,other
scholarship narrative,7,other
epistemology cognitive,7,other
urbanization,7,other
creed,7,other
degrowth,7,other
unification,7,other
sociology hegemonic,7,other
abstraction,7,other
scholarship conversation,7,other
equity public,7,other
equality social,7,other
industrial society,7,other
sociology historiography,7,other
women science,7,other
clan,7,other
abstinence,7,other
accusation,7,other
world gender,7,other
scholarship human,7,other
equality pedagogy,7,other
dependency uml,7,other
abuse criminology,7,other
security anthropology,7,other
sociology islamic,7,other
law sharia,7,other
science colonialism,7,other
demography linguistics,7,other
democratic,7,other
epistemology ontology,7,other
erasure,7,other
demography family,7,other
epistemology gene,7,other
epistemology ideology,7,other
progressivism,7,other
demography anthropology,7,other
epistemology knowledge,7,other
universal,7,other
leadership sociology,7,other
coding,7,other
psychoanalysis psychotherapist,7,other
leadership leadership,7,other
hebrew bible,7,other
abuse psychology,7,other
epistemology postmodernism,7,other
law right,7,other
psychoanalysis archaeology,7,other
class feminism,7,other
epistemology communication,7,other
sociology music,7,other
pronoun,7,other
learning mechanical,7,other
critical mass,7,other
learning mathematics,7,other
psychology affect,7,other
psychiatry clinical,7,other
psychology database,7,other
demography physics,7,other
psychology cognition,7,other
learning epistemology,7,other
psychiatry psychotherapist,7,other
epistemology empiricism,7,other
crisis political,7,other
classics gender,7,other
anachronism,7,other
relations human,7,other
city,7,other
populism ideology,7,other
populism politics,7,other
pornography gender,7,other
sociology science,7,other
portrait gender,7,other
science position,7,other
science scholarship,7,other
cybernetics political,7,other
chess sociology,7,other
trustworthiness,7,other
ethnography feminism,7,other
analysis identity,7,other
cybernetics politics,7,other
culture aesthetics,7,other
post realism,7,other
sociology rhetoric,7,other
cultural rights,7,other
science performance,7,other
posthuman posthumanism,7,other
line,7,other
yoruba,7,other
posthumanism feminism,7,other
science neoliberalism,7,other
immigration gender,7,other
ideology state,7,other
ethnography political,7,other
health human,7,other
sociology section,7,other
chemistry library,7,other
politics statistics,7,other
transversal,7,other
transversal combinatorics,7,other
chemistry mechanical,7,other
ideology perspective,7,other
curriculum gender,7,other
pollock,7,other
culture political,7,other
sociology silence,7,other
popularity gender,7,other
ethnology philosophy,7,other
chemistry political,7,other
linguistics identity,7,other
gynecology medicine,7,other
population economic,7,other
science reproduction,7,other
analysis pedagogy,7,other
population medicine,7,other
curriculum theory,7,other
19 pandemic,7,other
linguistics feminist,7,other
population pregnancy,7,other
postmodernism art,7,other
postmodernism feminist,7,other
life style,7,other
poverty political,7,other
criticism narrative,7,other
science financial,7,other
scarcity,7,other
identity psychology,7,other
ethical issues,7,other
abortion politics,7,other
analysis chemistry,7,other
leone,7,other
deep ecology,7,other
prime minister,7,other
prime time,7,other
principal bundle,7,other
abortion sociology,7,other
health economics,7,other
privacy gender,7,other
individualism feminism,7,other
privacy law,7,other
sociology participatory,7,other
legislation politics,7,other
essentialism epistemology,7,other
citizenship social,7,other
process management,7,other
process philosophy,7,other
typography history,7,other
sociology popularity,7,other
level,7,other
crystallography chemistry,7,other
analysis focus,7,other
ethics perspective,7,other
liberation liberation,7,other
science medline,7,other
sociology process,7,other
ethics meta,7,other
ethics management,7,other
science subject,7,other
predicate,7,other
science sustainability,7,other
predicate logic,7,other
database quantum,7,other
science liberalism,7,other
sociology poverty,7,other
liberalism epistemology,7,other
pregnancy gender,7,other
ethics field,7,other
database physics,7,other
sculpture,7,other
ideology agency,7,other
sea,7,other
indigenous environmental,7,other
prevention human,7,other
action gender,7,other
semiotics feminism,7,other
conceptualization politics,7,other
distinctiveness,7,other
distinctiveness theory,7,other
social learning,7,other
social issues,7,other
distribution mathematics,7,other
divergence,7,other
divergence linguistics,7,other
house,7,other
social control,7,other
justice criminal,7,other
economics algorithm,7,other
jury,7,other
jurisdiction,7,other
internet world,7,other
history pedagogy,7,other
research focus,7,other
reboot feminism,7,other
economic law,7,other
aesthetics economics,7,other
research economic,7,other
documents feminist,7,other
documents identity,7,other
judaism religious,7,other
web engineering,7,other
web information,7,other
internet social,7,other
watson,7,other
justice state,7,other
computing power,7,other
economics mathematical,7,other
quo political,7,other
control environmental,7,other
society gender,7,other
economy feminism,7,other
disengagement theory,7,other
computing context,7,other
economy climate,7,other
intensive care,7,other
racism intersectionality,7,other
intentionality,7,other
economy archaeology,7,other
wake,7,other
disparity,7,other
adam,7,other
interaction computer,7,other
politics sex,7,other
human body,7,other
social reform,7,other
contradiction sociology,7,other
aesthetics medicine,7,other
social practice,7,other
economics pedagogy,7,other
residence,7,other
warrant,7,other
rates,7,other
internet things,7,other
domestic work,7,other
alliance sociology,7,other
advertising law,7,other
relativism epistemology,7,other
islamophobia feminism,7,other
sierra,7,other
sierra leone,7,other
islamization,7,other
dualism gender,7,other
advertising aesthetics,7,other
islamic fundamentalism,7,other
ecology context,7,other
relations aesthetics,7,other
relations anthropology,7,other
intervention public,7,other
relations economics,7,other
shame psychology,7,other
dystopia feminism,7,other
ecofeminism environmental,7,other
simple philosophy,7,other
earth science,7,other
hogan,7,other
intimate,7,other
relations geography,7,other
iris biosensor,7,other
intimate partner,7,other
iris,7,other
invisibility sociology,7,other
hiv sociology,7,other
web politics,7,other
reframing feminism,7,other
drama sociology,7,other
connection principal,7,other
constructionism sociology,7,other
journalism media,7,other
reprint feminism,7,other
history programming,7,other
dominion,7,other
journalism feminism,7,other
admiration,7,other
smart,7,other
homosexuality psychology,7,other
repetition rhetorical,7,other
repetition,7,other
download library,7,other
intersectionality epistemology,7,other
sharing,7,other
connection,7,other
jealousy,7,other
reflexivity gender,7,other
shock,7,other
shot,7,other
ivory tower,7,other
shot pellet,7,other
ivory,7,other
intersectionality psychology,7,other
reflexivity politics,7,other
reflexivity social,7,other
history gene,7,other
quo feminism,7,other
sociobiology,7,other
engineering astronomy,7,other
vector,7,other
vector space,7,other
law geology,7,other
engineering embedded,7,other
engineering education,7,other
algorithm epistemology,7,other
engineering demography,7,other
law fundamental,7,other
engineering communication,7,other
humanities epistemology,7,other
engineering civil,7,other
sociology deconstruction,7,other
robot art,7,other
history feminist,7,other
algorithm chemistry,7,other
counseling sociology,7,other
psychology queer,7,other
engineering aesthetics,7,other
risk analysis,7,other
psychology racism,7,other
council,7,other
alcohol consumption,7,other
psychology sex,7,other
psychology statistics,7,other
psychology value,7,other
sociology consumption,7,other
comics narrative,7,other
engineering library,7,other
comics art,7,other
comic strip,7,other
humanity feminism,7,other
sanitation,7,other
hegemony social,7,other
environmental degradation,7,other
development psychology,7,other
coverage,7,other
alienation sociology,7,other
integration,7,other
intellect,7,other
intellectual property,7,other
root,7,other
romance psychology,7,other
sociology faith,7,other
colonialism social,7,other
sociology everyday,7,other
psychology normative,7,other
intelligence biochemistry,7,other
algorithm programming,7,other
women art,7,other
romance art,7,other
eastern,7,other
law knowledge,7,other
engineering meteorology,7,other
sociology economy,7,other
comic,7,other
intelligence history,7,other
violence sexual,7,other
action politics,7,other
woman history,7,other
communism computer,7,other
publishing project,7,other
elite sociology,7,other
intelligence natural,7,other
elite political,7,other
elite gender,7,other
punctuation art,7,other
disabled,7,other
right politics,7,other
language mechanical,7,other
discipline political,7,other
qualitative analysis,7,other
sociology acoustics,7,other
discipline politics,7,other
rhetoric context,7,other
sexual attraction,7,other
language chemistry,7,other
sociodynamics,7,other
education developmental,7,other
aesthetics public,7,other
education critical,7,other
sociocultural anthropology,7,other
question gender,7,other
language anthropology,7,other
economy state,7,other
publishing art,7,other
embarrassment,7,other
violence social,7,other
communication visual,7,other
virginity,7,other
virginity test,7,other
agriculture biology,7,other
agricultural,7,other
empire colonialism,7,other
psychotherapist psychiatry,7,other
emperor,7,other
intelligence library,7,other
sociology clinical,7,other
diplomacy political,7,other
sociology classics,7,other
emigration,7,other
emerging technologies,7,other
sociology civil,7,other
virtue ethics,7,other
woman question,7,other
direct action,7,other
embryogenesis cell,7,other
intelligence machine,7,other
historiography sociology,7,other
late modernity,7,other
public sector,7,other
communication studies,7,other
rights economic,7,other
embedded computer,7,other
sociology spirituality,7,other
chess political,7,other
sociology statistics,7,other
structural inequality,7,other
phenomenon social,7,other
archaeology empowerment,7,other
philology,7,other
studies biography,7,other
glitch,7,other
feminism friendship,7,other
studies beauty,7,other
boom,7,other
boomers,7,other
boredom feminism,7,other
philosophy capitalism,7,other
matrix chemical,7,other
philosophy china,7,other
studies arts,7,other
archaeology demography,7,other
studies articulation,7,other
feminism fantasy,7,other
botany psychology,7,other
feminism exhibition,7,other
mathematics relation,7,other
theory modernity,7,other
archaeology critical,7,other
box,7,other
globalization social,7,other
mathematics public,7,other
feminism enlightenment,7,other
feminism economics,7,other
mathematics psychiatry,7,other
philosophy hegemony,7,other
phenomenon political,7,other
feminism geography,7,other
blueprint,7,other
theory environmental,7,other
partner,7,other
feminism ontology,7,other
patience,7,other
archaeology mathematical,7,other
feminism moral,7,other
theory criticism,7,other
feminism materiality,7,other
media world,7,other
german literature,7,other
theory democracy,7,other
pedagogy medicine,7,other
theory economic,7,other
media law,7,other
feminism lens,7,other
feminism harassment,7,other
media coverage,7,other
mechanism biology,7,other
mechanism,7,other
studies discourse,7,other
studies discipline,7,other
peer review,7,other
pellet,7,other
biosensor,7,other
performance studies,7,other
performativity feminism,7,other
studies collective,7,other
permission,7,other
transphobia,7,other
bubble,7,other
theory natural,7,other
state sociology,7,other
philosophy indigenous,7,other
graffiti,7,other
mathematics database,7,other
mathematics critical,7,other
philosophy resistance,7,other
business epistemology,7,other
grammar epistemology,7,other
feminism citizen,7,other
mathematics business,7,other
business history,7,other
physical activity,7,other
theosophy,7,other
therapy law,7,other
business mathematics,7,other
statistics quantum,7,other
physics action,7,other
feminism buddhism,7,other
feminism bourgeoisie,7,other
things,7,other
physics astrophysics,7,other
statistics gender,7,other
physics colonialism,7,other
feminism backlash,7,other
cabinet,7,other
material compressive,7,other
cabinet room,7,other
mass sociodynamics,7,other
graphical consciousness,7,other
feminism applied,7,other
physics ethnography,7,other
mathematics diversity,7,other
philosophy race,7,other
feminism constitution,7,other
stratigraphy sociology,7,other
feminism dream,7,other
philosophy liberalism,7,other
feminism discipline,7,other
philosophy management,7,other
mathematics pathology,7,other
mathematics paleontology,7,other
mathematics order,7,other
feminism digital,7,other
strength composite,7,other
theory praxis,7,other
archaeology china,7,other
philosophy metaphysics,7,other
philosophy negotiation,7,other
stratigraphy art,7,other
theory scholarship,7,other
stratification,7,other
feminism daughter,7,other
mathematics human,7,other
bundle,7,other
storytelling feminism,7,other
governance public,7,other
burlesque,7,other
mathematics financial,7,other
business archaeology,7,other
business art,7,other
feminism consumption,7,other
theory representation,7,other
feminism consumerism,7,other
participatory research,7,other
feminism performative,7,other
studies hegemonic,7,other
parental leave,7,other
studies wife,7,other
force,7,other
narrative human,7,other
technical communication,7,other
narrative ideology,7,other
narrative perspective,7,other
narrative philosophy,7,other
narrative reading,7,other
narrative subjectivity,7,other
audience reception,7,other
general surgery,7,other
technologies,7,other
minor academic,7,other
minor,7,other
auditing aesthetics,7,other
minister,7,other
studies subversion,7,other
mineral psychology,7,other
nationalism history,7,other
art environmental,7,other
authoritarianism political,7,other
technoscience feminism,7,other
autism,7,other
military service,7,other
studies sex,7,other
negotiation aesthetics,7,other
negotiation social,7,other
autonomy feminism,7,other
network analysis,7,other
forced marriage,7,other
narrative feminist,7,other
art movie,7,other
asian studies,7,other
survey data,7,other
movement women,7,other
sustainability social,7,other
arts pedagogy,7,other
movement perspective,7,other
futures studies,7,other
swift,7,other
movement literature,7,other
music criticism,7,other
music cultural,7,other
arts communication,7,other
arts visual,7,other
gender disparity,7,other
freedman,7,other
athletes gender,7,other
free speech,7,other
music queer,7,other
music representation,7,other
art power,7,other
assault sexual,7,other
frame analysis,7,other
music subject,7,other
assertiveness,7,other
mood,7,other
mutation intersectionality,7,other
formal sociology,7,other
subjectivity aesthetics,7,other
foregrounding sociology,7,other
microeconomics law,7,other
neuroscience anthropology,7,other
neuroscience artificial,7,other
optimal distinctiveness,7,other
geography linguistics,7,other
operating economics,7,other
studies movie,7,other
studies military,7,other
studies medical,7,other
archaeology representation,7,other
archaeology relation,7,other
oppression ideology,7,other
feminism situated,7,other
oppression racism,7,other
geography socioeconomics,7,other
optics political,7,other
optimal,7,other
biochemistry paleontology,7,other
feminism thematic,7,other
medicine pediatrics,7,other
medicine outbreak,7,other
orientation vector,7,other
archaeology perspective,7,other
outbreak disease,7,other
feminism queen,7,other
archaeology pathology,7,other
paleontology anthropology,7,other
paleontology environmental,7,other
paleontology structural,7,other
feminism poverty,7,other
panel data,7,other
paper,7,other
medicine surgery,7,other
medline law,7,other
neuroscience economics,7,other
metaphor feminism,7,other
neuroscience engineering,7,other
methodology population,7,other
methodology demography,7,other
neuroscience statistics,7,other
finance algorithm,7,other
baby boomers,7,other
bachelor,7,other
newspaper politics,7,other
newspaper sociology,7,other
nihilism,7,other
nike,7,other
based participatory,7,other
feudalism,7,other
textile,7,other
offspring,7,other
metallurgy,7,other
normative power,7,other
geography agriculture,7,other
studies praxis,7,other
nurse education,7,other
studies pleasure,7,other
beauty sociology,7,other
bengali,7,other
archaeology value,7,other
geography ethnology,7,other
oedipus,7,other
oedipus complex,7,other
memoir gender,7,other
tort,7,other
ideology marxist,7,other
anthropology algorithm,7,other
literacy sociology,7,other
politics globalization,7,other
pipeline,7,other
anthropology gene,7,other
sociology trace,7,other
graphical reading,7,other
politics girl,7,other
political movement,7,other
physics subject,7,other
green criminology,7,other
spouse,7,other
politics genetics,7,other
group narrative,7,other
literature literature,7,other
femininity art,7,other
plan archaeology,7,other
spare,7,other
cartography archaeology,7,other
love,7,other
politics abortion,7,other
femininity identity,7,other
cartography computer,7,other
anthropology anthropology,7,other
politics developmental,7,other
capital political,7,other
graphical literature,7,other
politics poetry,7,other
chemical analysis,7,other
space political,7,other
management psychology,7,other
literature ideology,7,other
capital ecology,7,other
anthropology library,7,other
literature context,7,other
poetry philosophy,7,other
anthropology mechanical,7,other
care family,7,other
mainstream ideology,7,other
transgender lesbian,7,other
anthropology operating,7,other
feature,7,other
anthropology paleontology,7,other
sphere law,7,other
politics interpretation,7,other
grassroots politics,7,other
politics individualism,7,other
literature biochemistry,7,other
literature humanities,7,other
management data,7,other
feeding,7,other
anime,7,other
charisma,7,other
fanaticism,7,other
graphical work,7,other
spheres political,7,other
care public,7,other
gray,7,other
gray unit,7,other
false accusation,7,other
pleasure feminism,7,other
planning geography,7,other
faith feminism,7,other
mainstream social,7,other
solidarity political,7,other
extension,7,other
marketing political,7,other
linguistics state,7,other
masculinity political,7,other
politics classics,7,other
extension predicate,7,other
masculinity narrative,7,other
space gender,7,other
tourism law,7,other
anthropology ethnic,7,other
standard sociology,7,other
physics hegemony,7,other
marketing social,7,other
graphical identity,7,other
masculinity feminist,7,other
state political,7,other
evolution gender,7,other
anti racism,7,other
linguistics world,7,other
anthropology visual,7,other
somali,7,other
fable,7,other
marketing law,7,other
marketing marketing,7,other
theology christian,6,other
term sociology,6,other
migrant workers,6,other
migrant,6,other
sociology programming,6,other
politics ideal,6,other
theology geometry,6,other
intelligence image,6,other
neighbourhood mathematics,6,other
repression,6,other
neuroscience chemistry,6,other
literature environmental,6,other
transgender field,6,other
turkish gender,6,other
sociology wife,6,other
old,6,other
shared,6,other
liberation theology,6,other
neighbourhood,6,other
linguistics cognitive,6,other
sociology right,6,other
militant politics,6,other
openaccess,6,other
instrument,6,other
salary,6,other
sage,6,other
older people,6,other
nationalism state,6,other
studies socioeconomics,6,other
sadomasochism feminism,6,other
sermon,6,other
intellectual history,6,other
portrait feminism,6,other
older,6,other
servant leadership,6,other
root linguistics,6,other
trickster,6,other
mindfulness,6,other
type gender,6,other
romanticism feminism,6,other
politics latin,6,other
portrait sociology,6,other
medieval literature,6,other
military political,6,other
interpreter,6,other
romance gender,6,other
intelligence chemistry,6,other
shared leadership,6,other
intelligence communication,6,other
politics corporate,6,other
studies secularism,6,other
methods,6,other
sexuality history,6,other
literature gene,6,other
response,6,other
postmodernism identity,6,other
resource mobilization,6,other
metaphor art,6,other
politics empire,6,other
obstetrics gender,6,other
obstetrics feminism,6,other
normative political,6,other
obstacle,6,other
objectification sociology,6,other
research medical,6,other
normative psychology,6,other
studies psychoanalytic,6,other
studies promotion,6,other
life social,6,other
sexuality ideology,6,other
postmodernism subject,6,other
postpartum depression,6,other
theology biochemistry,6,other
studies postcolonialism,6,other
sexuality education,6,other
sexuality femininity,6,other
life gender,6,other
transformation political,6,other
wikipedia,6,other
nursing epistemology,6,other
theology ancient,6,other
research population,6,other
tying,6,other
studies object,6,other
literature medicine,6,other
nationalism ideology,6,other
neuroscience mechanical,6,other
restorative,6,other
internship,6,other
methodology genetics,6,other
memoir sociology,6,other
theology artificial,6,other
sexuality theme,6,other
sociology research,6,other
terrorism political,6,other
reproduction political,6,other
intelligence paleontology,6,other
intelligence pathology,6,other
wizard,6,other
library social,6,other
reproduction politics,6,other
sexuality sexual,6,other
neutrality sociology,6,other
sociology psychological,6,other
linguistic,6,other
obstetrics sociology,6,other
rhetoric ideology,6,other
research action,6,other
new criticism,6,other
theology chemistry,6,other
literature library,6,other
sexuality narrative,6,other
studies psychological,6,other
restorative justice,6,other
license,6,other
sexuality media,6,other
wing political,6,other
physics government,6,other
scholarship essentialism,6,other
salon,6,other
science marxist,6,other
politics praxis,6,other
transnationalism feminism,6,other
science legislation,6,other
table sociology,6,other
science white,6,other
science macroeconomics,6,other
table database,6,other
xenophobia,6,other
indictment,6,other
science materials,6,other
science terrorism,6,other
science meaning,6,other
sociology style,6,other
linguistics pathology,6,other
politics vision,6,other
subversion politics,6,other
indian literature,6,other
politics postcolonialism,6,other
indigenous white,6,other
secular state,6,other
population archaeology,6,other
linguistics linguistics,6,other
science european,6,other
mutation human,6,other
subjectivity narrative,6,other
morality political,6,other
subjectivity psychoanalytic,6,other
popularity sociology,6,other
science ideal,6,other
mothers,6,other
secular education,6,other
music work,6,other
music white,6,other
music visual,6,other
indigenous context,6,other
music therapy,6,other
science meteorology,6,other
music media,6,other
music immigration,6,other
multivariate,6,other
ideology white,6,other
music constitution,6,other
ideology socialism,6,other
politics space,6,other
ideology scholarship,6,other
ideology rhetoric,6,other
politics sovereignty,6,other
science representation,6,other
politics value,6,other
transnationality,6,other
zionism,6,other
science relevance,6,other
multicultural,6,other
multicultural education,6,other
surplus,6,other
surplus value,6,other
science research,6,research
politics subjectivity,6,other
sociology socialism,6,other
science set,6,other
music human,6,other
science neoclassical,6,other
politics publishing,6,other
imagination,6,other
yesterday,6,other
music field,6,other
music empowerment,6,other
science spanish,6,other
music diversity,6,other
linguistics poetry,6,other
politics united,6,other
science poetry,6,other
politics transgender,6,other
zero,6,other
politics transformative,6,other
mutation narrative,6,other
indignation,6,other
institutional theory,6,other
security social,6,other
scholarship history,6,other
politics management,6,other
sociology service,6,other
linguistics environmental,6,other
sociology wave,6,other
national security,6,other
scholarship public,6,other
security public,6,other
scholarship feminist,6,other
security politics,6,other
mirroring,6,other
technological determinism,6,other
population public,6,other
science argument,6,other
narrative storytelling,6,other
narrative scholarship,6,other
security world,6,other
practice theory,6,other
science equity,6,other
institution feminism,6,other
semiotics sociology,6,other
politics legislation,6,other
women feminism,6,other
politics legitimacy,6,other
sargasso,6,other
sargasso sea,6,other
mineral public,6,other
politics lesbian,6,other
injustice social,6,other
studies suffrage,6,other
semantics,6,other
nationalism art,6,other
women political,6,other
technology sociology,6,other
scholarship critical,6,other
politics literary,6,other
security environmental,6,other
work public,6,other
science citation,6,other
modernity political,6,other
politics physical,6,other
teaching learning,6,other
narrative argument,6,other
science disease,6,other
linguistics internal,6,other
subaltern gender,6,other
world history,6,other
securitization,6,other
science citizenship,6,other
nanotechnology,6,other
individuation,6,other
mythology psychology,6,other
subjectification,6,other
subjectivity art,6,other
sociology terrorism,6,other
mutation privilege,6,other
inequality economic,6,other
politics optics,6,other
politics natural,6,other
population family,6,other
modalities,6,other
workers political,6,other
security economics,6,other
science classics,6,other
science climate,6,other
politics memory,6,other
narrative modernity,6,other
inequality mathematics,6,other
science combinatorics,6,other
narrative media,6,other
literature advertising,6,other
triad,6,other
transgender women,6,other
science criminal,6,other
population geography,6,other
intersectionality diversity,6,other
intimidation,6,other
renunciation,6,other
philosophy market,6,other
psychiatry medical,6,other
virtual reality,6,other
public life,6,other
psychiatry internal,6,other
learning finance,6,other
psychiatry gender,6,other
virtue sociology,6,other
sport psychology,6,other
physics work,6,other
late 19th,6,other
piety feminism,6,other
place,6,other
management public,6,other
structural violence,6,other
language set,6,other
law agriculture,6,other
mathematics optics,6,other
planning economic,6,other
psychiatry physics,6,other
psychotherapist developmental,6,other
psychotherapist engineering,6,other
law china,6,other
mantra,6,other
psychotherapist epistemology,6,other
philosophy normative,6,other
manifesto sociology,6,other
law botany,6,other
psychotherapist neuroscience,6,other
physics service,6,other
sociology collective,6,other
psychotherapist programming,6,other
psychiatry psychoanalysis,6,other
mathematics media,6,other
learning biology,6,other
sociology capital,6,other
management medicine,6,other
sociology materiality,6,other
studies athletes,6,other
language ecology,6,other
process psychology,6,other
queer context,6,other
philosophy black,6,other
language change,6,other
queer epistemology,6,other
vitro chemistry,6,other
trafficking political,6,other
queer narrative,6,other
language biochemistry,6,other
queer psychology,6,other
queer subjectivity,6,other
process psychoanalysis,6,other
philosophy alternative,6,other
malay,6,other
language epistemology,6,other
socioeconomics sociology,6,other
management marketing,6,other
processing artificial,6,other
learning quantum,6,other
pleasure gender,6,other
theory materialism,6,other
sociology biopower,6,other
punctuation politics,6,other
punctuation public,6,other
theory marxist,6,other
sociology binary,6,other
pleasure human,6,other
mathematics space,6,other
sociology appropriation,6,other
sociology agriculture,6,other
processing psychology,6,other
mating,6,other
language geometry,6,other
marine,6,other
mathematics identity,6,other
intersectionality feminist,6,other
vagina,6,other
physics mainstream,6,other
university,6,other
maternity,6,other
marxism,6,other
physics alternative,6,other
martial arts,6,other
statistics neuroscience,6,other
mathematical physics,6,other
sociology internal,6,other
martial,6,other
mathematics arithmetic,6,other
marriage law,6,other
psychology career,6,other
status social,6,other
law infectious,6,other
law marketing,6,other
star game,6,other
standard gender,6,other
psychology knowledge,6,other
masculinity psychoanalysis,6,other
sociology harm,6,other
physics focus,6,other
law poetry,6,other
sociology gerontology,6,other
masculinity patriarchy,6,other
masculinity hegemony,6,other
utopia feminism,6,other
psychology homosexuality,6,other
tourism geography,6,other
material materials,6,other
psychology ideology,6,other
law meteorology,6,other
physics inequality,6,other
physics critical,6,other
law humanities,6,other
philosophy work,6,other
sociology conceptual,6,other
stella programming,6,other
vietnam war,6,other
sociology language,6,other
psychoanalysis queer,6,other
psychology romance,6,other
marketing economic,6,other
psychology scale,6,other
marketing computer,6,other
philosophy poetry,6,other
sociology coronavirus,6,other
psychology test,6,other
sociology marketing,6,other
physics process,6,other
psychopathology,6,other
sociology constitution,6,other
psychotherapist anthropology,6,other
vietnam,6,other
law work,6,other
law higher,6,other
victorian,6,other
sociology disability,6,other
sociology intervention,6,other
psychology black,6,other
psychology positive,6,other
psychology process,6,other
stella,6,other
sociology denial,6,other
physics meaning,6,other
philosophy religion,6,other
psychology ancient,6,other
physics mechanics,6,other
law evolutionary,6,other
psychology alternative,6,other
mathematics environmental,6,other
physics movement,6,other
studies capitalism,6,other
vocational,6,other
legality sociology,6,other
sister feminism,6,other
single mothers,6,other
islam law,6,other
islam interpretation,6,other
pacific,6,other
long,6,other
outreach,6,other
islam history,6,other
studies islamic,6,other
welfare gender,6,other
studies jewish,6,other
relations context,6,other
relations criminology,6,other
studies judaism,6,other
relations environmental,6,other
politics appeal,6,other
relation social,6,other
medicine library,6,other
irish nationalism,6,other
reification marxism,6,other
theory agency,6,other
reflexivity feminism,6,other
lust,6,other
presumption,6,other
paragraph,6,other
sociology point,6,other
theories,6,other
medicine gene,6,other
reform gender,6,other
studies injustice,6,other
paleontology gene,6,other
sociology pornography,6,other
page,6,other
refugee gender,6,other
reification,6,other
irish political,6,other
orientation psychology,6,other
mainstreaming sociology,6,other
relations postmodernism,6,other
literature world,6,other
relations resistance,6,other
studies materialism,6,other
relations scholarship,6,other
oppression colonialism,6,other
studies modernity,6,other
medicine pure,6,other
opinion political,6,other
theology literature,6,other
politics communication,6,other
operating process,6,other
studies mythology,6,other
operating geometry,6,other
sort,6,other
sharia political,6,other
politics civil,6,other
oppression privilege,6,other
liberal democracy,6,other
medicine programming,6,other
orientalism sociology,6,other
organizing,6,other
liberal education,6,other
invisibility gender,6,other
logical,6,other
logic sociology,6,other
relations ideology,6,other
studies management,6,other
use,6,other
local government,6,other
optics law,6,other
optics aesthetics,6,other
studies mass,6,other
oppression scholarship,6,other
19 2019,6,other
traits,6,other
theory anthropology,6,other
studies government,6,other
private sector,6,other
studies communism,6,other
studies contest,6,other
privacy media,6,other
studies contradiction,6,other
poetry political,6,other
studies corporate,6,other
perception qualitative,6,other
perception political,6,other
people color,6,other
studies data,6,other
underdevelopment,6,other
rates gsm,6,other
studies digital,6,other
rationality sociology,6,other
reactionary sociology,6,other
kindness,6,other
persian,6,other
skepticism feminism,6,other
personality traits,6,other
sphere feminism,6,other
vocational education,6,other
quo gender,6,other
phenomenon psychology,6,other
trafficking sociology,6,other
racism context,6,other
phenomenon epistemology,6,other
mechanics art,6,other
racism diversity,6,other
studies caste,6,other
sociology newspaper,6,other
phallus fungus,6,other
phallus,6,other
sociology orientalism,6,other
mechanics epistemology,6,other
sociology performativity,6,other
wearable,6,other
prison feminism,6,other
mechanics visual,6,other
studies ethnology,6,other
pay,6,other
web epistemology,6,other
political geography,6,other
studies family,6,other
patriarchy narrative,6,other
patriarchy human,6,other
studies feeling,6,other
patriarchy feminist,6,other
sociology pluralism,6,other
patient,6,other
prevention gender,6,other
web mathematics,6,other
join topology,6,other
join,6,other
web business,6,other
pedagogy archaeology,6,other
pedagogy communication,6,other
social constructivism,6,other
legitimacy gender,6,other
mainstream human,6,other
media culture,6,other
media feminism,6,other
prism,6,other
social contract,6,other
specialty philosophy,6,other
web biology,6,other
just,6,other
theory engineering,6,other
jurisprudence sociology,6,other
uml psychology,6,other
studies elite,6,other
specialty medicine,6,other
racism race,6,other
zulu,6,other
evidence political,6,other
hegemony aesthetics,6,other
gender political,6,other
algorithm politics,6,other
fantasy feminism,6,other
england,6,other
economics database,6,other
enhanced,6,other
enhanced data,6,other
enhancement,6,other
algorithm library,6,other
gene linguistics,6,other
gene messenger,6,other
gene operating,6,other
fandom feminism,6,other
fallacy,6,other
enlightenment gender,6,other
faith politics,6,other
gender dysphoria,6,other
chauvinism feminism,6,other
generation,6,other
algorithm biochemistry,6,other
china history,6,other
fungus,6,other
agronomy,6,other
aid,6,other
economics human,6,other
denunciation,6,other
algorithm artificial,6,other
chemistry messenger,6,other
economics gene,6,other
homosexuality gender,6,other
chemistry machine,6,other
chemistry economics,6,other
depiction sociology,6,other
chemistry artificial,6,other
engineering psychotherapist,6,other
checklist,6,other
cash,6,other
enlightenment sociology,6,other
engineering operations,6,other
geology archaeology,6,other
geography genealogy,6,other
geography geology,6,other
history subject,6,other
analysis aesthetics,6,other
geography mechanical,6,other
analysis agency,6,other
dilemma feminism,6,other
analysis artificial,6,other
amnesty,6,other
history representation,6,other
geometry art,6,other
british empire,6,other
bourgeoisie sociology,6,other
geometry neuroscience,6,other
bourgeoisie gender,6,other
geometry operating,6,other
business anthropology,6,other
business internet,6,other
cartography law,6,other
genius feminism,6,other
diabetes,6,other
generosity,6,other
care qualitative,6,other
capitalist,6,other
diaspora feminism,6,other
hiv family,6,other
dictatorship gender,6,other
differential,6,other
geography finance,6,other
geographer,6,other
business physics,6,other
digital culture,6,other
geography ancient,6,other
geography artificial,6,other
geography cultural,6,other
geography economy,6,other
demon,6,other
demography politics,6,other
analysis economics,6,other
aesthetics narrative,6,other
communalism,6,other
aesthetics identity,6,other
database linguistics,6,other
filmmaking feminism,6,other
finance ecology,6,other
empowerment context,6,other
feminism bioethics,6,other
database social,6,other
aesthetics human,6,other
finance geometry,6,other
economics neuroscience,6,other
humanities social,6,other
comedy art,6,other
daughter feminism,6,other
color race,6,other
colonialism white,6,other
communication biology,6,other
database feminist,6,other
feminism articulation,6,other
data quality,6,other
aesthetics chemistry,6,other
community development,6,other
feminism composition,6,other
communism sociology,6,other
feminism workforce,6,other
feminism working,6,other
icon art,6,other
data rates,6,other
feminism cold,6,other
fertility gender,6,other
empathy sociology,6,other
hymenoptera botany,6,other
communication quantum,6,other
communication political,6,other
communication mathematics,6,other
empire gender,6,other
humanities politics,6,other
fishing,6,other
agriculture sociology,6,other
femininity aesthetics,6,other
human capital,6,other
citizenship education,6,other
engineering database,6,other
aging,6,other
citation state,6,other
demography computer,6,other
engineering genetics,6,other
citation computer,6,other
human enhancement,6,other
fragility,6,other
housewife feminism,6,other
female entrepreneurs,6,other
circle,6,other
demography geography,6,other
engineering literature,6,other
christianity feminism,6,other
civilization gender,6,other
clarity context,6,other
economics machine,6,other
aesthetics value,6,other
flesh,6,other
humanities human,6,other
collective unconscious,6,other
humanities history,6,other
humanities geography,6,other
delphi,6,other
cohesion chemistry,6,other
cognition aesthetics,6,other
clarity sociology,6,other
aesthetics world,6,other
energy signal,6,other
enforcement criminology,6,other
democracy human,6,other
democracy media,6,other
classics media,6,other
classical element,6,other
disabled people,6,other
history psychiatry,6,other
community organizing,6,other
gsm,6,other
applied linguistics,6,other
arts quantum,6,other
arts programming,6,other
apprehension,6,other
ethics information,6,other
growth psychology,6,other
arts library,6,other
gsm evolution,6,other
appeal political,6,other
drama gender,6,other
arts business,6,other
arts biology,6,other
hierarchy gender,6,other
arts artificial,6,other
happiness feminism,6,other
art period,6,other
ethics nursing,6,other
appeal feminism,6,other
harassment sociology,6,other
group context,6,other
ecology power,6,other
auditing gender,6,other
auditing feminism,6,other
group aesthetics,6,other
ethics value,6,other
audit,6,other
antipathy,6,other
attendance,6,other
download computer,6,other
antisemitism,6,other
antithesis,6,other
astronomy quantum,6,other
epistemology relation,6,other
dopaminergic,6,other
historicity philosophy,6,other
historicity,6,other
heterosexuality human,6,other
harm criminology,6,other
austerity feminism,6,other
archaeology race,6,other
archaeology work,6,other
archaeology white,6,other
health illness,6,other
archaeology thematic,6,other
archaeology subject,6,other
archaeology ethnography,6,other
equality economics,6,other
archaeology field,6,other
health feminism,6,other
health qualitative,6,other
hegemony hegemonic,6,other
archaeology queer,6,other
archaeology optics,6,other
ecology engineering,6,other
ecology communication,6,other
archaeology internal,6,other
architecture art,6,other
ecology human,6,other
art literary,6,other
earnings,6,other
heteronormativity queer,6,other
art identity,6,other
harm reduction,6,other
heteronormativity gender,6,other
ecology mathematical,6,other
art cartography,6,other
art algorithm,6,other
earth classical,6,other
architecture politics,6,other
epistemology wikipedia,6,other
epistemology work,6,other
armed conflict,6,other
armed,6,other
aristocracy class,6,other
aristocracy,6,other
argumentative,6,other
history biography,6,other
griffin,6,other
botany hymenoptera,6,other
analysis power,6,other
globe feminism,6,other
biology research,6,other
biology psychoanalysis,6,other
biology population,6,other
discussion,6,other
biology internal,6,other
biology hymenoptera,6,other
biology ethnic,6,other
exchange aesthetics,6,other
biology economic,6,other
disease medicine,6,other
biology colonialism,6,other
europe,6,other
grammar subject,6,other
biology bioinformatics,6,other
biology abortion,6,other
analysis nursing,6,other
biology visual,6,other
biography art,6,other
black male,6,other
botany archaeology,6,other
german political,6,other
disaster,6,other
analysis finance,6,other
epistemology democracy,6,other
board,6,other
discipline epistemology,6,other
analysis human,6,other
epistemology identity,6,other
excuse,6,other
economic thought,6,other
bishops,6,other
discipline social,6,other
exchange rate,6,other
epistemology ethnography,6,other
history neuroscience,6,other
biography politics,6,other
animal ethics,6,other
documents literature,6,other
ethnography law,6,other
anthropology media,6,other
history democracy,6,other
division mathematics,6,other
doctrine sociology,6,other
documentary,6,other
documentary film,6,other
basic,6,other
backlash gender,6,other
ethnography politics,6,other
autonomy social,6,other
documents context,6,other
history communism,6,other
autonomy political,6,other
grassroots political,6,other
documents history,6,other
gratification,6,other
epistemology perspective,6,other
behavioral,6,other
graphical computer,6,other
graphical meaning,6,other
ethos feminism,6,other
biochemistry mathematics,6,other
biochemistry geometry,6,other
graphical field,6,other
graphical inequality,6,other
binge,6,other
big personality,6,other
graphical philosophy,6,other
ethnology anthropology,6,other
ethnology gender,6,other
graphical power,6,other
bengal,6,other
anthropology environmental,6,other
epistemology objectivity,6,other
epistemology operating,6,other
epistemology optics,6,other
community engagement,6,other
change environmental,6,other
accounting business,6,other
ideology conservatism,6,other
feminism symbol,6,other
feminism morality,6,other
feminism depiction,6,other
feminism dialectic,6,other
computing security,6,other
culture context,6,other
administration business,6,other
19th,6,other
criminology domestic,6,other
election political,6,other
court law,6,other
control population,6,other
feminism style,6,other
computing literature,6,other
consciousness feminist,6,other
constitution feminism,6,other
conjunction,6,other
19th century,6,other
ideology art,6,other
cultural criminology,6,other
identity approach,6,other
education linguistics,6,other
action sociology,6,other
consciousness aesthetics,6,other
cultural revolution,6,other
construction human,6,other
feminism dualism,6,other
education class,6,other
cover,6,other
feminism legislation,6,other
feminism league,6,other
criminology anthropology,6,other
acoustics biology,6,other
feminism everyday,6,other
culpability,6,other
feminism scope,6,other
accommodation,6,other
embeddedness,6,other
ideology linguistics,6,other
feminism medical,6,other
contemporary society,6,other
economy media,6,other
acoustics quantum,6,other
accounting political,6,other
feminism middle,6,other
conversation narrative,6,other
criticism postmodernism,6,other
feminism status,6,other
feminism scale,6,other
cybernetics feminism,6,other
ideology islam,6,other
ideology critical,6,other
constitution gender,6,other
feminism utopia,6,other
abuse sociology,6,other
concept politics,6,other
feminism criminal,6,other
feminism islamic,6,other
education equity,6,other
constructivist,6,other
ideology china,6,other
feminism mysticism,6,other
criticism psychology,6,other
education policy,6,other
criticism social,6,other
act,6,other
administration economic,6,other
education science,6,other
computational,6,other
feminism phenomenon,6,other
computing public,6,other
administration economics,6,other
criticism scholarship,6,other
feminism discourse,6,other
criminology biology,6,other
feminism futures,5,other
sociology affect,5,other
science tourism,5,other
studies national,5,other
marketing finance,5,other
studies neoclassical,5,other
studies neuroscience,5,other
biochemistry algorithm,5,other
masculinity law,5,other
biochemistry communication,5,other
studies machine,5,other
studies labour,5,other
feminism performance,5,other
graphical class,5,other
bioethics feminism,5,other
sexuality identity,5,other
studies leadership,5,other
mass incarceration,5,other
dissent sociology,5,other
biochemistry pedagogy,5,other
distance education,5,other
studies lived,5,other
popularity context,5,other
biochemistry developmental,5,other
biochemistry neuroscience,5,other
partnership sociology,5,other
biochemistry medicine,5,other
graphical economic,5,other
biochemistry library,5,other
feminism fundamentalism,5,other
population ageing,5,other
research psychoanalysis,5,other
philosophy advertising,5,other
biochemistry ecology,5,other
marketing sociology,5,other
ethnology history,5,other
research narrative,5,other
graphical narrative,5,other
battle sociology,5,other
pathology mathematics,5,other
battle feminism,5,other
studies positive,5,other
management biology,5,other
management artificial,5,other
management archaeology,5,other
feminism objectification,5,other
pathology political,5,other
studies pregnancy,5,other
ethnography media,5,other
making,5,other
studies privilege,5,other
pornography human,5,other
mainstreaming political,5,other
sexual coercion,5,other
mainstreaming feminism,5,other
studies psychiatry,5,other
convention sociology,5,other
bases,5,other
conversation political,5,other
patriarchy capitalism,5,other
feminism health,5,other
cooperative,5,other
studies reflexivity,5,other
autonomy psychology,5,other
research critical,5,other
scots,5,other
phenomenon feminism,5,other
management epistemology,5,other
population feminism,5,other
graphical value,5,other
sexuality epistemology,5,other
research politics,5,other
contradiction politics,5,other
bias gender,5,other
best practice,5,other
research perception,5,other
best,5,other
paternalism gender,5,other
graphical psychoanalysis,5,other
diversity gender,5,other
studies journalism,5,other
studies orientalism,5,other
feminism orientalism,5,other
studies paleontology,5,other
science waste,5,other
pathology biology,5,other
sexual selection,5,other
management world,5,other
research mental,5,other
sexual reproductive,5,other
management quantum,5,other
studies performance,5,other
beauty politics,5,other
ethnography psychology,5,other
beauty femininity,5,other
studies plot,5,other
studies point,5,other
politics wife,5,other
biology developmental,5,other
sexuality lesbian,5,other
media computer,5,other
exhibition gender,5,other
studies civilization,5,other
politics memoir,5,other
mechanics psychiatry,5,other
mechanics political,5,other
philosophy class,5,other
mechanics pathology,5,other
feminism fin,5,other
discipline gender,5,other
black british,5,other
consumer research,5,other
mechanics machine,5,other
mechanics library,5,other
mechanics genetics,5,other
philosophy cartography,5,other
politics object,5,other
discontinuity,5,other
birth rate,5,other
mechanics demography,5,other
feminism flourishing,5,other
politics opposition,5,other
exchange politics,5,other
revolution human,5,other
biopower sociology,5,other
studies culture,5,other
panopticon,5,other
measure data,5,other
studies daughter,5,other
maturity psychological,5,other
studies christianity,5,other
politics marxist,5,other
studies invisibility,5,other
paleontology neuroscience,5,other
right political,5,other
medical tourism,5,other
paleontology artificial,5,other
botany philosophy,5,other
paleontology biochemistry,5,other
politics internal,5,other
disadvantaged gender,5,other
medical care,5,other
feminism project,5,other
constructive sociology,5,other
bosnian,5,other
disambiguation sociology,5,other
studies battle,5,other
politics legislature,5,other
politics liberation,5,other
german politics,5,other
media power,5,other
disarmament,5,other
philosophy consciousness,5,other
body knowledge,5,other
discipline context,5,other
germany,5,other
feminism process,5,other
media identity,5,other
paleontology mechanical,5,other
studies capital,5,other
bodily integrity,5,other
bodily,5,other
existential aesthetics,5,other
maturity,5,other
global warming,5,other
discretion,5,other
biology zoology,5,other
mathematics gene,5,other
politics silence,5,other
disease law,5,other
studies gerontology,5,other
mathematics economic,5,other
graduation,5,other
sexuality normative,5,other
graduation instrument,5,other
studies global,5,other
mathematics data,5,other
mathematics cultural,5,other
mathematics context,5,other
biology embedded,5,other
contest gender,5,other
studies heteronormativity,5,other
grassroots solidarity,5,other
studies historiography,5,other
grammar feminism,5,other
politics status,5,other
pariah,5,other
grammar psychology,5,other
pariah group,5,other
biology business,5,other
philosophy anatomy,5,other
resonance,5,other
materialism politics,5,other
studies interpersonal,5,other
parliament gender,5,other
materialism marxist,5,other
studies framing,5,other
studies finance,5,other
feminism franchise,5,other
biology representation,5,other
politics popularity,5,other
philosophy autonomy,5,other
contemplation,5,other
reuse,5,other
studies diaspora,5,other
globalization human,5,other
studies dignity,5,other
politics postmodernism,5,other
feminism pluralism,5,other
politics pregnancy,5,other
mathematics psychotherapist,5,other
studies download,5,other
feminism plot,5,other
biology racism,5,other
contentious politics,5,other
cultural dimensions,5,other
politics pure,5,other
contentious,5,other
gossip,5,other
studies everyday,5,other
politics realism,5,other
evidence sociology,5,other
biology library,5,other
mathematics literary,5,other
governance gender,5,other
parallels feminism,5,other
politics relevance,5,other
politics reproduction,5,other
mainstream economics,5,other
studies spirituality,5,other
studies romance,5,other
creole,5,other
library feminism,5,other
prevention domestic,5,other
telemedicine,5,other
pedagogy history,5,other
art demography,5,other
liberties,5,other
ethics anthropology,5,other
relations nursing,5,other
temple,5,other
pedagogy internal,5,other
temptation,5,other
early modern,5,other
relations marketing,5,other
relations management,5,other
prevention sociology,5,other
pedagogy narrative,5,other
creole language,5,other
art acoustics,5,other
primary care,5,other
estonian feminism,5,other
terminology sociology,5,other
terrain,5,other
terror,5,other
relations history,5,other
lesbian postmodernism,5,other
crime control,5,other
segregation,5,other
terrorism law,5,other
health clinical,5,other
pedagogy medical,5,other
harm social,5,other
library identity,5,other
telecommunications sociology,5,other
telecommunications political,5,other
feminism manifesto,5,other
pregnancy research,5,other
task force,5,other
semantics computer,5,other
art paleontology,5,other
criticism perspective,5,other
dualism feminism,5,other
linguistics acoustics,5,other
linear,5,other
art new,5,other
art narrative,5,other
relations qualitative,5,other
techne,5,other
pedagogy environmental,5,other
creativity sociology,5,other
self sociology,5,other
pedagogy feminist,5,other
life research,5,other
pedagogy higher,5,other
life history,5,other
harm gender,5,other
dynamism,5,other
art geology,5,other
art finance,5,other
life balance,5,other
ethics biology,5,other
art developmental,5,other
prevention art,5,other
telecommunications law,5,other
eastern philosophy,5,other
feminism indonesian,5,other
linguistics database,5,other
health sexual,5,other
learning linguistics,5,other
health professionals,5,other
feminism intervention,5,other
health psychological,5,other
secularism islam,5,other
feminism key,5,other
learning disability,5,other
security ecology,5,other
learning context,5,other
pension,5,other
health rights,5,other
archaeology population,5,other
equity political,5,other
learning aesthetics,5,other
relational,5,other
prison sociology,5,other
ecology business,5,other
archaeology natural,5,other
archaeology metropolitan,5,other
theory argument,5,other
leadership public,5,other
security council,5,other
secularity feminism,5,other
archaeology masculinity,5,other
archaeology marketing,5,other
archaeology market,5,other
archaeology mainstream,5,other
theory discipline,5,other
criminology state,5,other
theory diversity,5,other
erasmus,5,other
security linguistics,5,other
theology neuroscience,5,other
learning operating,5,other
legitimacy sociology,5,other
privacy psychology,5,other
privacy public,5,other
theater law,5,other
legislature sociology,5,other
theater sociology,5,other
ecofeminism essentialism,5,other
criminology developmental,5,other
architecture political,5,other
theology algorithm,5,other
legislation law,5,other
security psychology,5,other
error,5,other
security policy,5,other
relations critical,5,other
criminology media,5,other
ergonomics social,5,other
health injury,5,other
pedagogy teaching,5,other
ergonomics political,5,other
ecofeminism scholarship,5,other
theology feminist,5,other
secularism feminism,5,other
process history,5,other
health paleontology,5,other
learning pure,5,other
learning power,5,other
learning physics,5,other
health poison,5,other
pregnancy philosophy,5,other
linguistics demography,5,other
research anthropology,5,other
subaltern political,5,other
studies vision,5,other
atmosphere unit,5,other
atmosphere,5,other
atlantic,5,other
athletes psychology,5,other
studies working,5,other
atheism,5,other
literature style,5,other
style psychology,5,other
literature scholarship,5,other
cover algebra,5,other
literature reading,5,other
sentiment analysis,5,other
postmodernism political,5,other
literature programming,5,other
subjectivity political,5,other
subaltern sociology,5,other
subject matter,5,other
domestication,5,other
doors,5,other
literature performance,5,other
literature pedagogy,5,other
subjectivity context,5,other
subjectivity embodied,5,other
sentiment,5,other
feminism historicism,5,other
pattern,5,other
dormancy,5,other
subjectivity feminist,5,other
subjectivity ideology,5,other
sequence,5,other
criticism power,5,other
attitude,5,other
postmodernism deconstruction,5,other
feminism hermeneutics,5,other
feminism heterosexuality,5,other
post industrial,5,other
magnetic resonance,5,other
magnetic,5,other
post structuralism,5,other
macroeconomics economics,5,other
counseling gender,5,other
greek,5,other
autocracy,5,other
ethnography aesthetics,5,other
low income,5,other
loss,5,other
documents object,5,other
studies spanish,5,other
patriarchy ideology,5,other
medicine aerospace,5,other
counseling psychology,5,other
counseling social,5,other
aunt,5,other
posthumanism sociology,5,other
countermovement,5,other
documents psychology,5,other
counterpoint,5,other
studies suicide,5,other
personality social,5,other
postmodernism context,5,other
servant gender,5,other
lock computer,5,other
ethics religious,5,other
postpartum period,5,other
art psychotherapist,5,other
ethics human,5,other
ethics knowledge,5,other
religion religious,5,other
praxis political,5,other
persistence discontinuity,5,other
persistence,5,other
praxis scholarship,5,other
semiotics art,5,other
linguistics power,5,other
criticism political,5,other
linguistics patriarchy,5,other
linguistics natural,5,other
guild,5,other
linguistics mathematical,5,other
sustenance,5,other
linguistics ideology,5,other
dove,5,other
sword,5,other
relativism feminism,5,other
feminism medicine,5,other
symbolic capital,5,other
dream feminism,5,other
pedagogy developmental,5,other
pregnancy engineering,5,other
arts anthropology,5,other
habitus gender,5,other
artifact error,5,other
artifact,5,other
haddock,5,other
pregnancy law,5,other
systems theory,5,other
supremacy feminism,5,other
peacemaking,5,other
drag,5,other
arts psychoanalysis,5,other
poverty context,5,other
poverty economic,5,other
literature identity,5,other
group qualitative,5,other
substance,5,other
poverty politics,5,other
literature criticism,5,other
sensing,5,other
subversion sociology,5,other
asia sociology,5,other
remote sensing,5,other
growth computer,5,other
literature argument,5,other
feminism modernization,5,other
remote,5,other
reminiscence,5,other
remarriage,5,other
dowry,5,other
peace conflict,5,other
literary fiction,5,other
asceticism,5,other
ethics medical,5,other
suffrage sociology,5,other
sufism,5,other
sensationalism,5,other
literacy pedagogy,5,other
religious education,5,other
listening psychology,5,other
peacekeeping,5,other
botany physics,5,other
rights child,5,other
right privacy,5,other
science coronavirus,5,other
social phenomenon,5,other
coding social,5,other
democracy economic,5,other
narrative patriarchy,5,other
sociology legal,5,other
sociology legitimacy,5,other
sociology leisure,5,other
femininity psychology,5,other
physics meteorology,5,other
narrative mainstream,5,other
narrative literary,5,other
clothing feminism,5,other
science phenomenon,5,other
democracy ideology,5,other
physics narrative,5,other
physics intersectionality,5,other
football gender,5,other
physics nursing,5,other
science constitution,5,other
physics patriarchy,5,other
narrative colonialism,5,other
social marketing,5,other
cybernetics public,5,other
narrative black,5,other
science comparative,5,other
narrative agency,5,other
concept feminism,5,other
sociology movie,5,other
democracy philosophy,5,other
forensic engineering,5,other
science diversity,5,other
physics international,5,other
nationality gender,5,other
flood myth,5,other
sociology girl,5,other
colonialism art,5,other
feminism anger,5,other
sociology grassroots,5,other
science empire,5,other
feminism ambiguity,5,other
philosophy meaning,5,other
sociology harassment,5,other
feminism dignity,5,other
operating pure,5,other
collection sociology,5,other
sociology heteronormativity,5,other
sociology hierarchy,5,other
flood,5,other
sociology hinduism,5,other
sociology indonesian,5,other
sociology historical,5,other
computing operating,5,other
science elite,5,other
collaborative,5,other
flourishing feminism,5,other
operationalization psychology,5,other
computing psychoanalysis,5,other
nation,5,other
cognitive theory,5,other
feminism african,5,other
sociology imaginary,5,other
physics ideology,5,other
flow,5,other
physics internal,5,other
class consciousness,5,other
social influence,5,other
concept media,5,other
church,5,other
science black,5,other
citation media,5,other
musical political,5,other
physics value,5,other
science post,5,other
conceptualization psychology,5,other
circulatory,5,other
feminism dynamics,5,other
fragmentation,5,other
music theory,5,other
fragmentation computing,5,other
physiology,5,other
social cognitive,5,other
condom,5,other
demography engineering,5,other
democracy power,5,other
fraternity,5,other
demography gender,5,other
chromatography chemistry,5,other
sociology positivism,5,other
christianity religious,5,other
feminism skepticism,5,other
music postmodern,5,other
philosophy ideal,5,other
christianity gender,5,other
french revolution,5,other
pipeline software,5,other
social anthropology,5,other
pity,5,other
confirmatory,5,other
demography developmental,5,other
sociology performative,5,other
philosophy individualism,5,other
philosophy inequality,5,other
civilization politics,5,other
concept psychology,5,other
civil liberties,5,other
mythology art,5,other
science cognition,5,other
myth,5,other
mysticism feminism,5,other
oppression epistemology,5,other
physics qualitative,5,other
mutation social,5,other
physics race,5,other
mutation racism,5,other
sociology ontology,5,other
mutation psychoanalysis,5,other
physics reading,5,other
cybernetics epistemology,5,other
sociology optics,5,other
citizen science,5,other
mutation media,5,other
sociology organizational,5,other
sociology originality,5,other
democratization politics,5,other
fortress,5,other
fortress chess,5,other
oppression identity,5,other
demography art,5,other
sociology pathology,5,other
feminism slogan,5,other
mutation context,5,other
sociology geometry,5,other
colonialism empire,5,other
boundary topology,5,other
non human,5,other
communication operating,5,other
science negotiation,5,other
sociology communism,5,other
database archaeology,5,other
society law,5,other
feminism data,5,other
database biology,5,other
sociology conceptualization,5,other
normality,5,other
feminism training,5,other
nonsense,5,other
database finance,5,other
philosophy women,5,other
sociology contemporary,5,other
phone,5,other
philosophy phenomenology,5,other
fifteenth,5,other
computing argument,5,other
figure,5,other
damages feminism,5,other
socialism state,5,other
feminism christian,5,other
commons political,5,other
newspaper gender,5,other
socialism social,5,other
physical attractiveness,5,other
database library,5,other
feminism terrorism,5,other
database literature,5,other
feminism temporality,5,other
feminism dance,5,other
database aesthetics,5,other
native,5,other
obligation feminism,5,other
feminism vision,5,other
sociology ambivalence,5,other
feminism vulnerability,5,other
sociology animal,5,other
objectification gender,5,other
nursing psychiatry,5,other
nursing philosophy,5,other
communitarianism sociology,5,other
nursing medical,5,other
sociological imagination,5,other
nursing internal,5,other
nursing health,5,other
feminism unit,5,other
complaint,5,other
sociology authoritarianism,5,other
north,5,other
science nationalism,5,other
philosophy scholarship,5,other
number sociology,5,other
obstetrics psychology,5,other
communism capitalism,5,other
nuclear magnetic,5,other
communism archaeology,5,other
communicative action,5,other
nova,5,other
computer aided,5,other
science masculinity,5,other
philosophy situated,5,other
communicative,5,other
data warehouse,5,other
new england,5,other
new deal,5,other
science indigenous,5,other
science focus,5,other
daughter gender,5,other
daughter psychoanalysis,5,other
feminism subversion,5,other
color politics,5,other
nervosa feminism,5,other
color intersectionality,5,other
daughter sociology,5,other
neo confucianism,5,other
neo,5,other
operating machine,5,other
sociology ethos,5,other
finance programming,5,other
computing intersectionality,5,other
negotiation human,5,other
deal,5,other
database neuroscience,5,other
sociology exhibition,5,other
finance statistics,5,other
sociology experiential,5,other
decentralization,5,other
colonialism power,5,other
decolonization feminism,5,other
colonialism literature,5,other
finance work,5,other
decriminalization,5,other
colonialism ideology,5,other
physics empowerment,5,other
sociology function,5,other
firearms,5,other
deference,5,other
finance mechanical,5,other
social sciences,5,social sciences
network security,5,other
science globalization,5,other
database object,5,other
commercialism,5,other
feminism bridging,5,other
neuroscience politics,5,other
neuroscience political,5,other
feminism breastfeeding,5,other
sociology dilemma,5,other
sociology dimension,5,other
comics feminism,5,other
neuroscience mathematical,5,other
neuroscience library,5,other
socialism art,5,other
neuroscience gene,5,other
feminism biopower,5,other
sociology domestic,5,other
neuroscience epistemology,5,other
neuroscience ecology,5,other
sociology download,5,other
feminism biology,5,other
neuroscience communication,5,other
finance financial,5,other
philosophy music,5,other
operating archaeology,5,other
social stratification,5,other
philosophy metaphor,5,other
sociology ecofeminism,5,other
operating engineering,5,other
networking sociology,5,other
cynicism,5,other
music patriarchy,5,other
plaintiff,5,other
music oppression,5,other
politics demographic,5,other
capitalism marxist,5,other
orientation sociology,5,other
politics constitution,5,other
diction,5,other
standard feminism,5,other
capital biology,5,other
standardization,5,other
genetics psychology,5,other
capita,5,other
state gender,5,other
metaverse,5,other
metaphysics sociology,5,other
role social,5,other
gentrification,5,other
robotics,5,other
orientation social,5,other
geodesy geography,5,other
statism,5,other
constitution law,5,other
politics discipline,5,other
metalworking consciousness,5,other
culture ideology,5,other
metadata,5,other
meta analysis,5,other
philosophy diversity,5,other
constraint,5,other
meritocracy sociology,5,other
statistics operating,5,other
statistics philosophy,5,other
constraint computer,5,other
methodology social,5,other
methodology sociology,5,other
christian ethics,5,other
mind sociology,5,other
carr,5,other
science radiology,5,other
mineral politics,5,other
genetic algorithms,5,other
carnivalesque,5,other
caribbean,5,other
safer,5,other
safeguarding,5,other
dialectic epistemology,5,other
mineral diversity,5,other
politics astronomy,5,other
consistency knowledge,5,other
care medical,5,other
spectacle feminism,5,other
mind psychoanalysis,5,other
genetics messenger,5,other
mind philosophy,5,other
dialectic psychoanalysis,5,other
speculation,5,other
speech act,5,other
military sociology,5,other
dialectic sociology,5,other
rule,5,other
politics china,5,other
care context,5,other
genetics feminism,5,other
politics citizen,5,other
politics civilization,5,other
science regional,5,other
diaspora political,5,other
statistics political,5,other
statistics programming,5,other
digital health,5,other
student,5,other
dimensions theory,5,other
geology geography,5,other
geology history,5,other
paganism,5,other
geology law,5,other
stress linguistics,5,other
rights environmental,5,other
feminism psychotherapist,5,other
politics higher,5,other
bricolage,5,other
brexit,5,other
geometry chemistry,5,other
structured,5,other
geometry economics,5,other
feminism contemporary,5,other
business neuroscience,5,other
medicine database,5,other
constructionism gender,5,other
medicine coronavirus,5,other
medicine communication,5,other
philosophy cultural,5,other
disability psychology,5,other
pain,5,other
existential perspective,5,other
studies algorithm,5,other
boundary work,5,other
geometry psychology,5,other
geometry pure,5,other
shame feminism,5,other
geometry statistics,5,other
geology computer,5,other
medicine obesity,5,other
medicine operating,5,other
dimensions,5,other
shock circulatory,5,other
politics economy,5,other
politics emancipation,5,other
culture human,5,other
politics embodied,5,other
digital storytelling,5,other
rights social,5,other
melancholia,5,other
rights reproductive,5,other
politics essentialism,5,other
rights public,5,other
rights psychology,5,other
philosophy dialectic,5,other
politics everyday,5,other
medievalism,5,other
outsourcing,5,other
medicine visual,5,other
exoticism,5,other
medicine theology,5,other
science resistance,5,other
medicine syphilis,5,other
geography literature,5,other
feminism evolutionary,5,other
feminism punk,5,other
politics film,5,other
sharia law,5,other
sharia islam,5,other
building subject,5,other
construction politics,5,other
generativity,5,other
science racism,5,other
spark programming,5,other
scholarship middle,5,other
multiplicity mathematics,5,other
multiplicity,5,other
scholarship power,5,other
federalism,5,other
multimedia art,5,other
optics economics,5,other
gap sociology,5,other
optics epistemology,5,other
multiculturalism power,5,other
sociology sociocultural,5,other
sketch sociology,5,other
multiculturalism pedagogy,5,other
confucianism,5,other
sociology sociological,5,other
skepticism gender,5,other
design computer,5,other
optics linguistics,5,other
poetics sociology,5,other
favourite,5,other
sociology subversion,5,other
gay,5,other
gay rights,5,other
scholarship intersectionality,5,other
chemical engineering,5,other
movement public,5,other
gaze gender,5,other
movement order,5,other
curriculum studies,5,other
gaze sociology,5,other
poetry narrative,5,other
scholarship privilege,5,other
scholarship queer,5,other
slip psychoanalysis,5,other
chen,5,other
confirmatory factor,5,other
planet,5,other
chinese society,5,other
sociology product,5,other
conflict studies,5,other
chinese americans,5,other
music meaning,5,other
sociology psychoanalytic,5,other
feeling politics,5,other
philosophy higher,5,other
snow,5,other
planning pregnancy,5,other
music ethnography,5,other
china communism,5,other
schools economic,5,other
schools,5,other
china art,5,other
smart city,5,other
oppression white,5,other
feminism shadow,5,other
music developmental,5,other
childlessness,5,other
music critical,5,other
feeling medicine,5,other
child rearing,5,other
music construct,5,other
pleasure aesthetics,5,other
music colonialism,5,other
scholarship social,5,other
movement liberation,5,other
optics psychology,5,other
spark,5,other
political opportunity,5,other
order theory,5,other
simulation,5,other
certification,5,other
policy public,5,other
philosophy family,5,other
satellite,5,other
development economic,5,other
consciousness social,5,other
modernity politics,5,other
conservation,5,other
family values,5,other
modernity history,5,other
gene pedagogy,5,other
conservatism political,5,other
organization studies,5,other
charter political,5,other
faith religious,5,other
source,5,other
categorical variable,5,other
categorical,5,other
politics accounting,5,other
mobilization feminism,5,other
developmentalism,5,other
conservatism politics,5,other
sovereignty sociology,5,other
philosophy ethnology,5,other
cartography philosophy,5,other
philosophy ethnography,5,other
organizational theory,5,other
science queer,5,other
feminism engineering,5,other
monopoly,5,other
change epistemology,5,other
developed country,5,other
curriculum psychology,5,other
geek,5,other
feminism secularism,5,other
scholarship discipline,5,other
sociology transformation,5,other
scholarship cultural,5,other
movement consciousness,5,other
sociology urban,5,other
movement aesthetics,5,other
motion physics,5,other
motion,5,other
scholarship argument,5,other
polarization,5,other
curriculum politics,5,other
polarization electrochemistry,5,other
morality politics,5,other
morality gender,5,other
sociology vocabulary,5,other
sociology vulnerability,5,other
curriculum pedagogy,5,other
gene expression,5,other
change vulnerability,5,other
moral psychology,5,other
schism,5,other
situated context,5,other
philosophy financial,5,other
developed,5,other
policy gender,5,other
schema genetic,5,other
professionals,5,other
quilt,5,other
critical security,5,other
economics criminology,5,other
appropriation gender,5,other
engineering systems,5,other
punctuation psychology,5,other
engineering disease,5,other
electrochemistry,5,other
injustice epistemology,5,other
psychology meaning,5,other
economics process,5,other
intervention gender,5,other
referent,5,other
activism gender,5,other
language paleontology,5,other
psychology pure,5,other
home,5,other
psychology cultural,5,other
psychology data,5,other
psychology acoustics,5,other
ecology psychoanalysis,5,other
engineering agriculture,5,other
woman gender,5,other
wave feminism,5,other
algorithms,5,other
heteronormativity lesbian,5,other
empire sociology,5,other
interview sociology,5,other
theory reading,5,other
justification,5,other
engineering software,5,other
indigenous resistance,5,other
adaptive,5,other
wife political,5,other
psychiatry environmental,5,other
tourism sociology,5,other
violence suicide,5,other
jump,5,other
heterosexuality sexual,5,other
judicial,5,other
psychotherapist politics,5,other
economics feminism,5,other
indigenous power,5,other
economy biology,5,other
identity queer,5,other
engineering geometry,5,other
analytic,5,other
rationality feminism,5,other
punctuation linguistics,5,other
homo,5,other
reflective,5,other
realm politics,5,other
engineering financial,5,other
anthropology sociocultural,5,other
epistemology management,5,other
language psychology,5,other
variable,5,other
aesthetics geography,5,other
intersectionality white,5,other
aesthetics ideology,5,other
epistemology meaning,5,other
epistemology programming,5,other
inscribed figure,5,other
trade business,5,other
impunity,5,other
psychology lesbian,5,other
psychology eating,5,other
psychology reproductive,5,other
aesthetics literary,5,other
psychological research,5,other
psychology resistance,5,other
inscribed,5,other
protocol science,5,other
anthropology population,5,other
typography art,5,other
warming,5,other
hofstede cultural,5,other
archaeology colonialism,5,other
enlightenment philosophy,5,other
empiricism feminist,5,other
history psychotherapist,5,other
economics pathology,5,other
education theory,5,other
psychological repression,5,other
animal welfare,5,other
psychology labour,5,other
warehouse,5,other
women white,5,other
psychology empirical,5,other
law liberalism,5,other
analysis environmental,5,other
women philosophy,5,other
incarceration,5,other
indie film,5,other
psychology discourse,5,other
indie,5,other
history citation,5,other
hofstede,5,other
racism law,5,other
epistemology value,5,other
punk feminism,5,other
psychology relation,5,other
purchasing,5,other
law islam,5,other
indeterminacy philosophy,5,other
indeterminacy,5,other
innocence gender,5,other
ecology mechanical,5,other
language model,5,other
justice human,5,other
psychoanalysis human,5,other
aneurysm,5,other
type political,5,other
water resources,5,other
acoustics political,5,other
women human,5,other
incarnation,5,other
anger psychology,5,other
economy anthropology,5,other
veblen,5,other
animation,5,other
economics statistics,5,other
law anatomy,5,law
aesthetics communication,5,other
inequality context,5,other
applied economics,5,other
web history,5,other
trial,5,other
historiography art,5,other
analysis narrative,5,other
intersectionality context,5,other
tokenism,5,other
history natural,5,other
identity aesthetics,5,other
identity art,5,other
aided design,5,other
tribunal,5,other
violence law,5,other
analysis medicine,5,other
violence poison,5,other
infant,5,other
reactionary politics,5,other
transplantation,5,other
reasoning,5,other
aesthetics database,5,other
law crystallography,5,other
radio,5,other
epistemology library,5,other
tnc,5,other
transport engineering,5,other
indigenous rights,5,other
aided,5,other
web physics,5,other
transvestism,5,other
iconography,5,other
epistemology internal,5,other
psychology pathology,5,other
engineering optics,5,other
emergency law,5,other
epistemology international,5,other
psychology anxiety,5,other
violence agency,5,other
web operating,5,other
justice feminist,5,other
vignette,5,other
honor sociology,5,other
public law,5,other
justice equity,5,other
homosexuality political,5,other
historical sociology,5,other
history movie,5,other
law classics,5,other
radicalism sociology,5,other
triad sociology,5,other
psychiatry population,5,other
appeal power,5,other
emergency political,5,other
law argument,5,other
law abortion,5,other
victorian era,5,other
internet media,5,other
psychology class,5,other
psychology child,5,other
hypothesis,5,other
history mathematical,5,other
elite feminism,5,other
psychology negotiation,5,other
psychiatry mathematics,5,other
administration psychology,5,other
housekeeping,5,other
punctuation computer,5,other
total,5,other
rearing,5,other
information privacy,5,other
epistemology epistemology,5,other
epistemology humanities,5,other
tourism gender,5,other
approach epistemology,5,other
reflexivity feminist,5,other
history operating,5,other
ecology narrative,5,other
housewife gender,5,other
epistemology empirical,5,other
engineering public,5,other
punctuation epistemology,5,other
heuristic,5,other
punctuation feminism,5,other
veblen good,5,other
engineering internal,5,other
informal sector,5,other
theory variety,5,other
pulpit,5,other
psychology obstetrics,5,other
law demographic,5,other
epistemology humanism,5,other
engineering knowledge,5,other
publishing media,5,other
justice aesthetics,5,other
justice action,5,other
welfare public,5,other
epistemology reading,5,other
economics visual,5,other
reflexivity epistemology,5,other
anxiety psychology,5,other
trips,5,other
epistemology function,5,other
influence,5,other
theory women,5,other
economics work,5,other
welfare welfare,5,other
algorithm finance,5,other
psychoanalysis religious,5,other
trips architecture,5,other
elite politics,5,other
epistemology space,5,other
intersectionality identity,5,other
transnationalism gender,5,other
ecology machine,5,other
epistemology inequality,5,other
undoing feminism,5,other
psychodynamics,5,other
islam context,5,other
regionalism politics,5,other
regionalism,5,other
racialization sociology,5,other
universalism sociology,5,other
zeitgeist,5,other
workers work,5,other
islam human,5,other
ignorance gender,5,other
kiss,5,other
ideology epistemology,5,other
uml feminism,5,other
psychoanalysis neuroscience,5,other
economy power,5,other
kiss tnc,5,other
language aesthetics,5,other
humanism philosophy,5,other
institutionalisation sociology,5,other
vulgarity,5,other
labour sociology,5,other
ideology human,5,other
wright feminism,5,other
integrity,5,other
union sociology,5,other
vision politics,5,other
racism black,5,other
history white,5,other
epistemology normative,5,other
psychology geology,5,other
world politics,5,other
racism art,5,other
empowerment perspective,5,other
academic writing,5,other
zero linguistics,5,other
psychology thematic,5,other
knowledge bases,5,other
19 political,5,other
union gender,5,other
intelligence psychiatry,5,other
ephemeral key,5,other
anthropology physical,5,other
epistemology narrative,5,other
ecology public,5,other
writing style,5,other
education diversity,5,other
economy market,5,other
islam sharia,5,other
ecology pure,5,other
ephemeral,5,other
archaeology database,5,other
humanism gender,5,other
energy transition,5,other
ecology world,5,other
anthropology applied,5,other
absurdism,5,other
irrationality,5,other
impartiality,5,other
epistemology pathology,5,other
underpinning sociology,5,other
history download,5,other
ecology visual,5,other
theory meaning,5,other
humanities physics,5,other
psychoanalysis theology,5,other
academic freedom,5,other
illusion feminism,5,other
islam economic,5,other
archaeology emancipation,5,other
19 social,5,other
law perspective,5,other
history scholarship,5,other
aesthetics period,5,other
intelligence cognitive,5,other
analysis archaeology,5,other
human settlement,5,other
underclass,5,other
vision sociology,5,other
education field,5,other
ecology gene,5,other
psychoanalysis visual,5,other
psychology structural,5,other
theory ethnic,5,other
history cultural,5,other
environmental law,5,other
history statistics,5,other
jewish history,5,other
zoology biology,5,other
19 gender,5,other
theory injustice,5,other
ideology translation,5,other
enthusiasm feminism,5,other
hegemony context,5,other
history identity,5,other
law movie,5,other
anthropology finance,5,other
theory normative,5,other
language gene,5,other
empowerment economic,5,other
human science,5,other
epistemology world,5,other
history state,5,other
hiv social,5,other
institution political,5,other
korean,5,other
psychology sample,5,other
ecology library,5,other
employability,5,other
americans context,5,other
war terror,5,other
abortion political,5,other
ecosystem services,5,other
history communication,5,other
rationalism,5,other
archaeology intersectionality,5,other
archaeology interpretation,5,other
theory perspective,5,other
epistemology business,5,other
immigration policy,5,other
law microeconomics,5,other
altruism,5,other
altruism biology,5,other
economics communism,5,other
work life,5,other
ii gender,5,other
psychology socioeconomics,5,other
ideology literary,5,other
ecology ideology,5,other
language acoustics,5,other
psychology ethnography,5,other
epistemology positivism,5,other
ideology value,5,other
reframing gender,5,other
analysis content,5,other
intelligence environmental,5,other
visibility sociology,5,other
typology sociology,5,other
empowerment human,5,other
islamic culture,5,other
education economic,5,other
annotated bibliography,5,other
psychology socialization,5,other
education art,5,other
archaeology criminology,5,other
epistemology nursing,5,other
accountability political,5,other
annotated,5,other
kingdom,5,other
universal suffrage,5,other
realism politics,5,other
law neoclassical,5,other
education perspective,5,other
humanities religious,5,other
american history,5,other
aesthetics operating,5,other
entrepreneurial,5,other
human reproduction,5,other
psychology ethnic,5,other
agriculture social,4,other
cognition feminist,4,other
narrative race,4,other
music qualitative,4,other
cognition identity,4,other
horticulture biology,4,other
feminism adventure,4,other
sociology jewish,4,other
narrative representation,4,other
demography genetics,4,other
pilgrimage,4,other
horse,4,other
narrative postmodernism,4,other
democracy context,4,other
internet gender,4,other
psychology poetry,4,other
mythology political,4,other
internet law,4,other
demography neuroscience,4,other
music liberation,4,other
science aerospace,4,other
agroforestry environmental,4,other
demolition,4,other
functional,4,other
music ideology,4,other
science abortion,4,other
china literature,4,other
sociology index,4,other
physics inclusion,4,other
functionalism,4,other
functionalism philosophy,4,other
demise feminism,4,other
empowerment women,4,other
china ideology,4,other
cognition psychology,4,other
sociology racialization,4,other
dementia,4,other
music girl,4,other
fundamentalism gender,4,other
sociology rationality,4,other
narrative thematic,4,other
planning ecology,4,other
demography socioeconomics,4,other
internet politics,4,other
physics islam,4,other
physics interpretation,4,other
vision social,4,other
cognition narrative,4,other
visitor,4,other
engineering marketing,4,other
sociology pride,4,other
sociology private,4,other
science drama,4,other
violence human,4,other
cognition neuroscience,4,other
demography psychiatry,4,other
chinese literature,4,other
music metaphor,4,other
sociology project,4,other
sociology judaism,4,other
planning biology,4,other
fluid dynamics,4,other
humanities computer,4,other
violence feminist,4,other
honour sociology,4,other
musical feminism,4,other
demography epistemology,4,other
interaction law,4,other
narrative consciousness,4,other
physics pathology,4,other
rationality epistemology,4,other
sociology mathematical,4,other
femininity girl,4,other
psychology reading,4,other
femininity empowerment,4,other
physics participatory,4,other
physics queer,4,other
narrative empowerment,4,other
science class,4,other
narrative ethnography,4,other
formal gender,4,other
clitoris,4,other
sociology mass,4,other
formalism,4,other
narrative feeling,4,other
cliché,4,other
physics relation,4,other
science citizen,4,other
sociology operating,4,other
citizenship democracy,4,other
interaction sociology,4,other
aggression psychology,4,other
cites,4,other
fordism,4,other
classics religious,4,other
femininity negotiation,4,other
mysticism philosophy,4,other
sociology norm,4,other
science collective,4,other
economics internal,4,other
class history,4,other
democracy pluralism,4,other
mythology perspective,4,other
sociology muslim,4,other
sociology multimedia,4,other
foreign language,4,other
physics privilege,4,other
class white,4,other
human evolution,4,other
intelligence theology,4,other
femininity ideology,4,other
mythology history,4,other
physics popular,4,other
human environmental,4,other
forging,4,other
psychology representation,4,other
human development,4,other
afterlife,4,other
african philosophy,4,other
physics psychiatry,4,other
sociology metaphor,4,other
democracy middle,4,other
engine sociology,4,other
forced migration,4,other
mutation ideology,4,other
sociology key,4,other
psychology poverty,4,other
food systems,4,other
intelligence optics,4,other
democracy history,4,other
circumcision gender,4,other
democracy feminist,4,other
physics welfare,4,other
cluster,4,other
physics white,4,other
femininity queer,4,other
humanism political,4,other
violence state,4,other
agriculture economics,4,other
ratio gender,4,other
femininity political,4,other
music state,4,other
circulation fluid,4,other
music sociocultural,4,other
sociology leadership,4,other
physics masculinity,4,other
folkloristics,4,other
house commons,4,other
circulation,4,other
music scholarship,4,other
hostility feminism,4,other
international studies,4,other
piety islam,4,other
clothing gender,4,other
sociology physical,4,other
psychology preference,4,other
citation icon,4,other
virology biology,4,other
forms,4,other
forms discrimination,4,other
mutation feminist,4,other
engineering family,4,other
closeness,4,other
human animal,4,other
femininity construct,4,other
democracy marxist,4,other
narrative girl,4,other
physics sex,4,other
interdisciplinarity,4,other
femininity beauty,4,other
democracy liberalism,4,other
physics new,4,other
engineering gene,4,other
sociology performance,4,other
femininity ambivalence,4,other
sociology mainstreaming,4,other
narrative indigenous,4,other
narrative intersectionality,4,other
humanism art,4,other
foundationalism,4,other
economics keynesian,4,other
intermediation,4,other
interaction artificial,4,other
scholarship literature,4,other
china context,4,other
ambiguity sociology,4,other
unsafe abortion,4,other
millennium,4,other
millennium development,4,other
genetics biochemistry,4,other
rurality,4,other
facilitator,4,other
russian,4,other
politics backlash,4,other
urban geography,4,other
spiritualism,4,other
urban theory,4,other
care politics,4,other
psychology infectious,4,other
dialectic politics,4,other
realism political,4,other
ireland,4,other
dialectic gender,4,other
invisible hand,4,other
unsafe,4,other
genetics demography,4,other
genetics economics,4,other
entrepreneurship business,4,other
irony feminism,4,other
spheres gender,4,other
ambivalence narrative,4,other
capitalist state,4,other
rowe,4,other
genetics finance,4,other
migration studies,4,other
irish sociology,4,other
irish politics,4,other
royal,4,other
militant political,4,other
care engineering,4,other
care environmental,4,other
genetics engineering,4,other
royal commission,4,other
politics character,4,other
militarism political,4,other
specialty computer,4,other
invisible,4,other
usable,4,other
mitigation,4,other
inventory,4,other
development work,4,other
mobile,4,other
genealogy political,4,other
catalan,4,other
genealogy law,4,other
utterance epistemology,4,other
intuition,4,other
genealogy gender,4,other
psychology life,4,other
categorization psychology,4,other
development social,4,other
genealogy ancient,4,other
political violence,4,other
soul gender,4,other
political theology,4,other
ceiling cloud,4,other
politics advertising,4,other
mistake,4,other
diagnosis,4,other
utopia sociology,4,other
cartography biology,4,other
span,4,other
alliance political,4,other
spacecraft,4,other
space sociology,4,other
generalizability theory,4,other
generalizability,4,other
devolution biology,4,other
utopia gender,4,other
devolution,4,other
minority sexual,4,other
minority stress,4,other
general election,4,other
misconduct,4,other
faith political,4,other
misoprostol,4,other
politics affirmative,4,other
sphinx,4,other
microfinance,4,other
planning public,4,other
role gender,4,other
metaphor literature,4,other
campaign,4,other
state state,4,other
canadian literature,4,other
politics democratization,4,other
gentry,4,other
psychology group,4,other
experience sociology,4,other
metaphysics feminism,4,other
spiritualities,4,other
economics astronomy,4,other
politics database,4,other
politics curriculum,4,other
meteorite,4,other
psychology harm,4,other
state feminism,4,other
explanatory,4,other
romance context,4,other
environmental crisis,4,other
robot sociology,4,other
caesarean,4,other
islam humanities,4,other
digital divide,4,other
merge,4,other
merge version,4,other
islam media,4,other
business pedagogy,4,other
psychology genetics,4,other
geography algorithm,4,other
islam literature,4,other
business programming,4,other
digital anthropology,4,other
statistics economics,4,other
american gender,4,other
business telecommunications,4,other
statistics algorithm,4,other
psychology geometry,4,other
metaphor aesthetics,4,other
difference sociology,4,other
stars,4,other
meteorology law,4,other
explanatory power,4,other
hiv gender,4,other
metis,4,other
diathesis stress,4,other
metonymy,4,other
metric,4,other
metric unit,4,other
capitalism oppression,4,other
diathesis,4,other
miami,4,other
capitalism reproduction,4,other
spirituality politics,4,other
diaspora sociology,4,other
irony politics,4,other
microeconomics economics,4,other
capitalism social,4,other
genetics linguistics,4,other
capitalism state,4,other
microeconomics politics,4,other
spot,4,other
romanian,4,other
environment education,4,other
methodology philosophy,4,other
meteorology sociology,4,other
economics communication,4,other
politics conversation,4,other
ambivalence psychology,4,other
methadone,4,other
psychology heterosexuality,4,other
capital capital,4,other
islam aesthetics,4,other
entrepreneurship social,4,other
politics content,4,other
capital philosophy,4,other
politics constructivism,4,other
politics construct,4,other
universals,4,other
romance ideology,4,other
dictatorship politics,4,other
entrepreneurship political,4,other
archaeology lesbian,4,other
sampling qualitative,4,other
modern europe,4,other
multilevel model,4,other
intersectionality field,4,other
intersectionality ethnic,4,other
scholarship normative,4,other
chemistry medicine,4,other
poetics art,4,other
sociology sign,4,other
gap psychology,4,other
multilevel,4,other
multilingualism,4,other
sonnet,4,other
chemistry paleontology,4,other
sociology sex,4,other
chemistry pedagogy,4,other
chemistry sociology,4,other
sociology separate,4,other
algorithm art,4,other
scholarship perspective,4,other
dentistry,4,other
chemistry literature,4,other
feature linguistics,4,other
chemistry food,4,other
gastropod feminism,4,other
psychology norm,4,other
version,4,other
scholarship law,4,other
gautama buddha,4,other
intersectionality inclusion,4,other
intersectionality ideology,4,other
chemistry anthropology,4,other
gautama,4,other
sociology subaltern,4,other
chemistry astronomy,4,other
engineering psychoanalysis,4,other
version control,4,other
poetics poetry,4,other
chemistry environmental,4,other
depiction gender,4,other
poetics literature,4,other
algorithm environmental,4,other
multimedia sociology,4,other
multimedia visual,4,other
plural sociology,4,other
music class,4,other
vigil,4,other
child protection,4,other
sociology reputation,4,other
futurist,4,other
homosexuality politics,4,other
childbirth nursing,4,other
childhood sociology,4,other
music deconstruction,4,other
homosexuality queer,4,other
china archaeology,4,other
sociology relativism,4,other
psychology paleontology,4,other
fundamentalism sociology,4,other
music environmental,4,other
plant,4,other
engineering parallels,4,other
sociology realism,4,other
homosexuality law,4,other
child marriage,4,other
sociology selection,4,other
music character,4,other
multimodality,4,other
games,4,other
game studies,4,other
scholarship praxis,4,other
algebra sociology,4,other
sociology scrutiny,4,other
multivariate analysis,4,other
municipal,4,other
reactionary feminism,4,other
sociology scope,4,other
chemistry theology,4,other
music agency,4,other
scholarship reflexivity,4,other
viewpoints feminism,4,other
sociology romance,4,other
feeling feminist,4,other
scholarship state,4,other
intersectionality lesbian,4,other
chemistry aesthetics,4,other
poetry epistemology,4,other
module feminism,4,other
policy population,4,other
gene mechanical,4,other
socrates,4,other
sociotechnical sociology,4,other
algorithm theology,4,other
monism,4,other
psychology marital,4,other
psychology market,4,other
gene geometry,4,other
fantasy aesthetics,4,other
change geography,4,other
moral character,4,other
psychology marketing,4,other
change mitigation,4,other
change public,4,other
moral philosophy,4,other
interval,4,other
intervention sexual,4,other
intervention social,4,other
moral relativism,4,other
development context,4,other
solipsism,4,other
development goals,4,other
fake,4,other
fake news,4,other
solidarity social,4,other
realism legal,4,other
modernity context,4,other
enlightenment epistemology,4,other
solidarity negotiation,4,other
sarcasm,4,other
solidarity ideology,4,other
alienation feminism,4,other
solidarity economy,4,other
solidarity democracy,4,other
hollywood art,4,other
psychology mainstream,4,other
centre,4,other
schizophrenia,4,other
moral responsibility,4,other
dermatology,4,other
chart,4,other
movement hegemony,4,other
ideology media,4,other
algorithm mathematical,4,other
design sociology,4,other
homo economicus,4,other
algorithm law,4,other
movement masculinity,4,other
reading art,4,other
gaze psychology,4,other
sociology terminology,4,other
sociology temporality,4,other
intersectionality narrative,4,other
economics genetics,4,other
scholarship identity,4,other
poetry history,4,other
fashion,4,other
sociology symbolic,4,other
intersectionality praxis,4,other
charm quantum,4,other
holy,4,other
gender gender,4,other
morality aesthetics,4,other
fantasy art,4,other
characterization,4,other
fantasy gender,4,other
scholarship agency,4,other
mores,4,other
gene communication,4,other
gene anthropology,4,other
characterization materials,4,other
fantasy literature,4,other
movement art,4,other
movement black,4,other
movement civil,4,other
intersectionality public,4,other
movement environmental,4,other
charm,4,other
gender pay,4,other
physics humanities,4,other
aesthetics paleontology,4,other
psychology stereotype,4,other
feminism rage,4,other
active ageing,4,other
siege,4,other
siecle feminism,4,other
feminism raising,4,other
siecle art,4,other
constitutional law,4,other
philosophy disease,4,other
shrew,4,other
outbreak sociology,4,other
orthodoxy feminism,4,other
woman literature,4,other
philosophy discipline,4,other
construction curriculum,4,other
election feminism,4,other
india,4,other
overeating,4,other
science rhetoric,4,other
pacific islanders,4,other
culture identity,4,other
feminism event,4,other
ideology communism,4,other
constitution india,4,other
science realm,4,other
orientation feminism,4,other
philosophy embedded,4,other
orientation political,4,other
philosophy emancipation,4,other
witness sociology,4,other
active citizenship,4,other
feminism reflection,4,other
culture literature,4,other
feminism eugenics,4,other
election politics,4,other
feminism redress,4,other
philosophy economy,4,other
originality context,4,other
feminism ethnology,4,other
sight,4,other
constitution sociology,4,other
originality sociology,4,other
philosophy data,4,other
acoustics politics,4,other
significant difference,4,other
pandemic sociology,4,other
women social,4,other
palm,4,other
sexuality state,4,other
impression management,4,other
feminism positivism,4,other
impression,4,other
sexuality romance,4,other
science solidarity,4,other
sexuality representation,4,other
sexuality subject,4,other
sexuality religious,4,other
consumerism gender,4,other
acoustics archaeology,4,other
contemporary dance,4,other
feminism poison,4,other
imperfect,4,other
sexuality popular,4,other
education theology,4,other
palestine political,4,other
paleontology theology,4,other
feminism protestantism,4,other
sexualization feminism,4,other
painting feminism,4,other
science rural,4,other
paleontology algorithm,4,other
shame feeling,4,other
philosophy construct,4,other
science science,4,other
feminism production,4,other
science security,4,other
feminism fertility,4,other
feminism pride,4,other
paleontology history,4,other
science self,4,other
paleontology machine,4,other
science sex,4,other
education visual,4,other
feminism prison,4,other
acoustics computer,4,other
philosophy citizenship,4,other
significant,4,other
election sociology,4,other
physics higher,4,other
slum,4,other
feminism earth,4,other
administration medicine,4,other
oppression resistance,4,other
smith,4,other
oppression social,4,other
racism psychology,4,other
philosophy hermeneutics,4,other
oppression subordination,4,other
slogan politics,4,other
oppression psychology,4,other
feminism set,4,other
indirect,4,other
confounding,4,other
feminism service,4,other
sleep,4,other
identity law,4,other
elimination forms,4,other
customer,4,other
feminism early,4,other
individualism epistemology,4,other
conjunction astronomy,4,other
oppression lesbian,4,other
social democracy,4,other
feminism socialization,4,other
welsh,4,other
social darwinism,4,other
publishing social,4,other
economics working,4,other
economicus,4,other
feminism duty,4,other
oppression mainstream,4,other
science postmodernism,4,other
conceptualization gender,4,other
social citizenship,4,other
oppression normative,4,other
oppression perspective,4,other
individualism law,4,other
feminism sister,4,other
confidence,4,other
identity human,4,other
feminism series,4,other
conquest,4,other
orientalism politics,4,other
identity sexual,4,other
organ female,4,other
elimination,4,other
feminism rose,4,other
electronic dance,4,other
indigenous health,4,other
wing gender,4,other
philosophy faith,4,other
philosophy existentialism,4,other
feminism right,4,other
science publishing,4,other
organizational commitment,4,other
philosophy ethnic,4,other
wish feminism,4,other
organizations,4,other
culture united,4,other
orgasm,4,other
activism politics,4,other
punctuation social,4,other
sincerity,4,other
feminism entrepreneurship,4,other
wife politics,4,other
wilderness,4,other
consciousness character,4,other
feminism separate,4,other
situated political,4,other
feminism empathy,4,other
consciousness context,4,other
wife psychology,4,other
curriculum social,4,other
feminism self,4,other
situated epistemology,4,other
consciousness literature,4,other
philosophy fishery,4,other
consciousness epistemology,4,other
adam smith,4,other
orality,4,other
racism oppression,4,other
indigenous mainstream,4,other
feminism entertainment,4,other
wildness,4,other
economy economy,4,other
feminism frame,4,other
sexuality pleasure,4,other
education economics,4,other
sense,4,other
abortion pregnancy,4,other
feminism military,4,other
feminism hollywood,4,other
creative industries,4,other
person,4,other
creativity aesthetics,4,other
ideology subjectivity,4,other
feminism metaphysics,4,other
sensemaking,4,other
semiconductor,4,other
ableism sociology,4,other
semi structured,4,other
pedagogy context,4,other
pedagogy conversation,4,other
semi,4,other
feminism marketing,4,other
pedagogy cultural,4,other
persona sociology,4,other
scrutiny politics,4,other
queer realm,4,other
patriarchy power,4,other
patriarchy identity,4,other
working life,4,other
ii law,4,other
ii history,4,other
feminism neglect,4,other
queer ideology,4,other
personality sociology,4,other
queer literature,4,other
absolute philosophy,4,other
craft sociology,4,other
court political,4,other
courtship,4,other
patriarchy resistance,4,other
ignorance feminism,4,other
absolute,4,other
race health,4,other
sensibility sociology,4,other
pay gap,4,other
semeval,4,other
economy physics,4,other
ideology democracy,4,other
security internet,4,other
ideology lesbian,4,other
pedagogy racism,4,other
19 pathology,4,other
criticism identity,4,other
criticism historicism,4,other
perception realism,4,other
pedagogy work,4,other
feminism intersection,4,other
security epistemology,4,other
security programming,4,other
ideology negotiation,4,other
secularism political,4,other
criminology prison,4,other
criticism argument,4,other
critical thought,4,other
security business,4,other
secularization sociology,4,other
critical reading,4,other
pedagogy pure,4,other
criticism law,4,other
pedagogy economic,4,other
self aesthetics,4,other
creativity gender,4,other
queer sexual,4,other
abdominal,4,other
feminism lyrics,4,other
feminism ignorance,4,other
education curriculum,4,other
quo politics,4,other
feminism illusion,4,other
19 sociology,4,other
pedagogy power,4,other
education context,4,other
ideology left,4,other
criminology aesthetics,4,other
criminology archaeology,4,other
pedagogy paleontology,4,other
feminism legislature,4,other
security quantum,4,other
ideology postmodernism,4,other
cosmopolitanism sociology,4,other
patriarchy history,4,other
persons,4,other
education medical,4,other
education physics,4,other
contract gender,4,other
sexuality hegemony,4,other
feminism passion,4,other
philosophy aerospace,4,other
education nursing,4,other
contradiction feminism,4,other
immediacy,4,other
contradiction gender,4,other
cultural analysis,4,other
sexuality diversity,4,other
feminism parallels,4,other
passion feminism,4,other
philosophical methodology,4,other
sexuality developmental,4,other
passion sociology,4,other
sexuality critical,4,other
science value,4,other
science theme,4,other
science technology,4,other
persons disabilities,4,other
quantum number,4,other
education teacher,4,other
accounting sociology,4,other
sexuality negotiation,4,other
feminism french,4,other
paranoia,4,other
work criminology,4,other
cultural competence,4,other
education scholarship,4,other
feminism personality,4,other
sexuality intersectionality,4,other
parliament feminism,4,other
immigration feminism,4,other
science sustainable,4,other
parliament politics,4,other
parry,4,other
feminism persona,4,other
accounting economics,4,other
participation,4,other
phenotype,4,other
imaginary politics,4,other
sexuality black,4,other
workforce political,4,other
pathology theology,4,other
conversation feminist,4,other
feminism happiness,4,other
feminism harmony,4,other
patriarchy art,4,other
scientific literature,4,other
queer hegemony,4,other
conversation scholarship,4,other
queer heteronormativity,4,other
feminism orthodoxy,4,other
sex discrimination,4,other
scotia,4,other
racialization gender,4,other
corporatism,4,other
corpus,4,other
patriarchy empowerment,4,other
feminism nexus,4,other
perspectivism,4,other
pathology sociology,4,other
pathology social,4,other
education health,4,other
feminism grammar,4,other
crying,4,other
racism colonialism,4,other
sexuality argument,4,other
science vulnerability,4,other
accident,4,other
science web,4,other
criticism white,4,other
pathology engineering,4,other
phenomenon aesthetics,4,other
control political,4,other
feminism oceanography,4,other
pathology mechanical,4,other
feminism george,4,other
feminism obligation,4,other
pathology programming,4,other
pathology psychiatry,4,other
convention elimination,4,other
social distance,4,other
social dominance,4,other
cybernetics field,4,other
inquiry psychology,4,other
neuroscience medicine,4,other
database pure,4,other
insanity,4,other
database poetry,4,other
neuroscience psychotherapist,4,other
commission gender,4,other
database operating,4,other
physics agency,4,other
science inclusion,4,other
instinct feminism,4,other
aesthetics lesbian,4,other
database mechanical,4,other
commitment,4,other
aesthetics individualism,4,other
commodification gender,4,other
new guinea,4,other
science infectious,4,other
database mathematics,4,other
feminism blame,4,other
rainbow,4,other
film industry,4,other
neuroscience algorithm,4,other
network artificial,4,other
feminism beauty,4,other
physics class,4,other
network sociolinguistics,4,other
networking feminism,4,other
comedy sociology,4,other
wainwright,4,other
finance library,4,other
sociology dualism,4,other
neuroscience geometry,4,other
war feminism,4,other
employment opportunity,4,other
aesthetics meaning,4,other
sociology drama,4,other
war politics,4,other
finance epistemology,4,other
comfort,4,other
comfort women,4,other
feminism censorship,4,other
psychotherapist gene,4,other
science mainstream,4,other
database artificial,4,other
nonverbal,4,other
nonverbal communication,4,other
database ecology,4,other
communication feminism,4,other
philosophy value,4,other
database chemistry,4,other
science lens,4,other
aesthetics geometry,4,other
normative democracy,4,other
empire political,4,other
philosophy telecommunications,4,other
psychotherapist physics,4,other
aesthetics gene,4,other
normative feminist,4,other
philosophy subordination,4,other
web anthropology,4,other
communication neuroscience,4,other
normative identity,4,other
injustice democracy,4,other
weapon,4,other
sociology dance,4,other
science jurisprudence,4,other
psychotherapist history,4,other
feminism chinese,4,other
newspaper ideology,4,other
sociology culture,4,other
science intervention,4,other
communication artificial,4,other
database identity,4,other
psychotherapist mathematics,4,other
niece,4,other
science latin,4,other
feminism civilization,4,other
aesthetics hegemony,4,other
database history,4,other
science language,4,other
sociology convention,4,other
communication engineering,4,other
feminism club,4,other
nomination,4,other
sociology energy,4,other
daughter psychology,4,other
science genealogy,4,other
natural law,4,other
humanities mathematics,4,other
economics monetary,4,other
nationalism white,4,other
delivery,4,other
nationality feminism,4,other
intelligence acoustics,4,other
nativism,4,other
feminism archetype,4,other
psychology women,4,other
empowerment oppression,4,other
empowerment international,4,other
aesthetics popular,4,other
naturalization,4,other
naturalness,4,other
physics education,4,other
voluntarism,4,other
financial services,4,other
sociology foregrounding,4,other
science enforcement,4,other
college,4,other
rivalry,4,other
collateral,4,other
psychology stigma,4,other
visitor pattern,4,other
nation state,4,other
aesthetics statistics,4,other
aesthetics space,4,other
sociology homeland,4,other
physics health,4,other
nationalism citizenship,4,other
collection psychology,4,other
aesthetics programming,4,other
nationalism independence,4,other
physics geography,4,other
physics genetics,4,other
feminism allegiance,4,other
vocabulary epistemology,4,other
intelligence biometrics,4,other
science empowerment,4,other
psychology transgender,4,other
feminism aside,4,other
colonialism indigenous,4,other
sociology financial,4,other
feminism avant,4,other
finance psychology,4,other
negotiation power,4,other
instruction,4,other
colonialism state,4,other
colonization,4,other
negotiation subject,4,other
deaf,4,other
dead,4,other
institutionalisation politics,4,other
sociology finance,4,other
finance operating,4,other
finance neuroscience,4,other
neologism,4,other
color identity,4,other
institutionalisation political,4,other
nephew,4,other
nephew niece,4,other
sociology environmentalism,4,other
negotiation perspective,4,other
negotiation narrative,4,other
negotiation media,4,other
sociology event,4,other
need,4,other
physics diversity,4,other
colonialism law,4,other
voluntarism philosophy,4,other
declaration law,4,other
aesthetics perspective,4,other
neglect psychology,4,other
decision,4,other
decadence feminism,4,other
colonialism scholarship,4,other
sociology expression,4,other
sociology expansive,4,other
sociology existentialism,4,other
insult,4,other
voluntary association,4,other
insulin,4,other
negotiation history,4,other
database algorithm,4,other
philosophy style,4,other
elitism,4,other
czech sociology,4,other
online advertising,4,other
ontological,4,other
ontological security,4,other
socialism nationalism,4,other
computing criticism,4,other
philosophy natural,4,other
feminism television,4,other
computing economic,4,other
advertising visual,4,other
science new,4,other
philosophy musical,4,other
feminism task,4,other
science order,4,other
opera feminism,4,other
philosophy moral,4,other
economics service,4,other
operating art,4,other
social sustainability,4,other
philosophy nursing,4,other
web search,4,other
feminism sustainability,4,other
odds ratio,4,other
web psychology,4,other
philosophy performativity,4,other
computing aesthetics,4,other
icts,4,other
feminism transnationalism,4,other
society feminism,4,other
society environment,4,other
feminism transition,4,other
feminism trade,4,other
computing business,4,other
emancipation political,4,other
socialization sociology,4,other
office,4,other
philosophy order,4,other
economics research,4,other
feminism decolonization,4,other
computing art,4,other
oil,4,other
web visual,4,other
ideation,4,other
communication psychotherapist,4,other
computing white,4,other
operations research,4,other
indonesian political,4,other
welfare dependency,4,other
feminism spring,4,other
computing scholarship,4,other
economics tax,4,other
indonesian islam,4,other
computing subject,4,other
feminism sovereignty,4,other
advertising public,4,other
cybernetics social,4,other
opposition opposition,4,other
social isolation,4,other
feminism dominance,4,other
social geography,4,other
philosophy intersectionality,4,other
identity epistemology,4,other
oppression context,4,other
computing perspective,4,other
cyberspace sociology,4,other
operating database,4,other
industrial relations,4,other
economics socioeconomics,4,other
weight loss,4,other
emancipation ideology,4,other
weight stigma,4,other
operating library,4,other
industries,4,other
emancipation empowerment,4,other
operating mechanical,4,other
computing management,4,other
science period,4,other
industrial organization,4,other
operating paleontology,4,other
computing movement,4,other
operating political,4,other
operating politics,4,other
identity crisis,4,other
cycle,4,other
philosophy marketing,4,other
inequality health,4,other
occult,4,other
computer software,4,other
sociology athletes,4,other
philosophy set,4,other
sociology biography,4,other
communism physics,4,other
empathy gender,4,other
empathy feminism,4,other
feminism zionism,4,other
nursing biology,4,other
data governance,4,other
sociology astronomy,4,other
nuclear weapon,4,other
nursing disease,4,other
nursing economic,4,other
nursing economics,4,other
nursing engineering,4,other
sociology association,4,other
feminism wonder,4,other
dandy,4,other
feminism witness,4,other
psychotherapist quantum,4,other
hypothesis schizophrenia,4,other
aestheticism,4,other
northern ireland,4,other
feminism commodity,4,other
festival,4,other
fertility rate,4,other
philosophy sport,4,other
aesthetics embodied,4,other
philosophy solidarity,4,other
hymn,4,other
northern,4,other
data visualization,4,other
informal learning,4,other
philosophy socialism,4,other
communications protocol,4,other
psychotherapist psychoanalysis,4,other
economics race,4,other
noun,4,other
nova scotia,4,other
informatics,4,other
informal logic,4,other
philosophy representation,4,other
aesthetics cultural,4,other
dance sociology,4,other
complementation,4,other
aesthetics artificial,4,other
feminism courage,4,other
science multiculturalism,4,other
feminism course,4,other
complement,4,other
aesthetics ancient,4,other
complement music,4,other
socioeconomics law,4,other
dance art,4,other
dance music,4,other
socioeconomics demography,4,other
emergency computer,4,other
compliance,4,other
compliance psychology,4,other
obstetrics medicine,4,other
feminism czech,4,other
obstetrics pregnancy,4,other
dance aesthetics,4,other
sociology abortion,4,other
community psychology,4,other
web mechanical,4,other
feminism constructive,4,other
web finance,4,other
philosophy relativism,4,other
emotion sociology,4,other
nursing nursing,4,other
sociology applied,4,other
nursing pregnancy,4,other
web geography,4,other
sociology appeal,4,other
feminism voting,4,other
aesthetics capitalism,4,other
sociology alliance,4,other
sociology alienation,4,other
science modernity,4,other
sociology algorithm,4,other
web literature,4,other
public history,4,other
feminism construct,4,other
americanization,4,other
development public,4,other
geography critical,4,other
literature economics,4,other
macro level,4,other
studies set,4,other
macroeconomics computer,4,other
postcolonial literature,4,other
postcolonial,4,other
language medicine,4,other
great depression,4,other
automation,4,other
studies scrutiny,4,other
documents ideology,4,other
anthropology psychotherapist,4,other
language mathematical,4,other
tradition,4,other
mainstream aesthetics,4,other
studies scale,4,other
anthropology psychiatry,4,other
psychoanalysis identity,4,other
greatness,4,other
studies situated,4,other
ethnography argument,4,other
reef,4,other
documents psychoanalytic,4,other
documents philosophy,4,other
logos,4,other
logos bible,4,other
loneliness feminism,4,other
studies spectacle,4,other
posthumanism aesthetics,4,other
studies south,4,other
epistemology psychiatry,4,other
authoritarianism democracy,4,other
grid,4,other
authoritarianism gender,4,other
grey literature,4,other
authoritarianism ideology,4,other
grey,4,other
authoritarianism sociology,4,other
autonomy feminist,4,other
language literature,4,other
mainstream empowerment,4,other
mainstreaming politics,4,other
epistemology positive,4,other
history criticism,4,other
pornography politics,4,other
psychoanalysis mathematics,4,other
research feminist,4,other
research field,4,other
language economics,4,other
pornography law,4,other
bank,4,other
epistemology point,4,other
epistemology pluralism,4,other
grasp,4,other
trafficking law,4,other
graphics sociology,4,other
studies premise,4,other
basin paleontology,4,other
grassroots ideology,4,other
documentation gender,4,other
positivism epistemology,4,other
mainstream media,4,other
ethnography field,4,other
grassroots public,4,other
research context,4,other
history colonialism,4,other
mainstream identity,4,other
autonomy politics,4,other
studies refugee,4,other
environmental governance,4,other
mainstream representation,4,other
documents criticism,4,other
studies realm,4,other
ethnography ideology,4,other
portrait politics,4,other
studies raising,4,other
avoidance,4,other
axiology,4,other
posthumanism posthuman,4,other
psychoanalysis engineering,4,other
epistemology qualitative,4,other
psychic sociology,4,other
replication,4,other
subjectivity literature,4,other
replication statistics,4,other
subjectivity identity,4,other
assisted,4,other
psychic feminism,4,other
postmodernism subjectivity,4,other
subjectivity consciousness,4,other
ethics quality,4,other
dopamine hypothesis,4,other
epistemology religious,4,other
toilet,4,other
dominance orientation,4,other
astronomy developmental,4,other
postmodernism psychoanalysis,4,other
epistemology relevance,4,other
subjectivity materialism,4,other
psychiatry sexual,4,other
astronomy law,4,other
aotearoa gender,4,other
subsistence agriculture,4,other
subsistence,4,other
assault criminology,4,other
assault feminist,4,other
literature feeling,4,other
assault political,4,other
download history,4,other
group public,4,other
aotearoa feminism,4,other
ethics psychoanalysis,4,other
assault sociology,4,other
subjectivity social,4,other
law black,4,other
psychiatry psychology,4,other
psychiatry qualitative,4,other
subjectivity postmodernism,4,other
postmodernism postmodernity,4,other
astronomy operating,4,other
logic feminism,4,other
locale computer,4,other
documents social,4,other
total fertility,4,other
studies visibility,4,other
anticipation artificial,4,other
ethics theology,4,other
attribution psychology,4,other
locale,4,other
group anthropology,4,other
postmodernism human,4,other
lock art,4,other
anticipation,4,other
studies transformative,4,other
anthropology socioeconomics,4,other
anthropology religious,4,other
ecology pathology,4,other
studies subordination,4,other
group diversity,4,other
torture human,4,other
law aerospace,4,other
postmodernism modernity,4,other
historiography narrative,4,other
postmodernism positivism,4,other
astronomy philosophy,4,other
literature publishing,4,other
literature queer,4,other
laughter feminism,4,other
stylistics,4,other
antler,4,other
ethics subject,4,other
literature subversion,4,other
group epistemology,4,other
latin american,4,other
postmodernism ideology,4,other
literature value,4,other
literature variety,4,other
athletes sociology,4,other
trafficking sex,4,other
basis,4,other
studies poverty,4,other
studies legal,4,other
masculinity scholarship,4,other
biodiversity,4,other
studies legitimacy,4,other
studies legislature,4,other
maslow,4,other
maslow hierarchy,4,other
studies legislation,4,other
epistemology metaphor,4,other
biochemistry psychiatry,4,other
bioethics gender,4,other
dissent feminism,4,other
anger social,4,other
resilience gender,4,other
dispute resolution,4,other
dispute,4,other
bioethics sociology,4,other
biochemistry social,4,other
psychological nativism,4,other
biography context,4,other
popularity politics,4,other
masculinity context,4,other
biochemistry gender,4,other
graphical environmental,4,other
transgender human,4,other
studies mathematical,4,other
studies materials,4,other
economic economic,4,other
masculinity ideology,4,other
biochemistry pathology,4,other
psycholinguistics sociology,4,other
masculinity masculinity,4,other
masculinity media,4,other
biochemistry operating,4,other
graphical diversity,4,other
research research,4,other
kinship feminism,4,other
graphical black,4,other
biography memoir,4,other
distributive,4,other
receipt,4,other
biology cell,4,other
politics theme,4,other
studies imaginary,4,other
disease physics,4,other
studies ideal,4,other
european integration,4,other
politics structural,4,other
evangelism,4,other
grammar psychoanalysis,4,other
analysis work,4,other
justice sexual,4,other
psychology agency,4,other
psychology aggression,4,other
studies heterosexuality,4,other
analysis subject,4,other
grammar aesthetics,4,other
mathematics acoustics,4,other
grammar social,4,other
graphical art,4,other
recession,4,other
disorders psychology,4,other
keeping,4,other
materialism materiality,4,other
androgyny feminism,4,other
materialism oppression,4,other
eugenics sociology,4,other
disorders clinical,4,other
history literary,4,other
analytic philosophy,4,other
studies internal,4,other
studies interdependence,4,other
biology acoustics,4,other
graphic design,4,other
graphic,4,other
biology alternative,4,other
maternity care,4,other
distress psychology,4,other
research psychological,4,other
basis linear,4,other
management relationship,4,other
diversity sociology,4,other
studies personal,4,other
behavior gender,4,other
epistemology order,4,other
behavior social,4,other
management qualitative,4,other
ecology scholarship,4,other
behavior sociology,4,other
landscape,4,other
anthropology ethnology,4,other
transactional sex,4,other
graphical representation,4,other
lament,4,other
studies parliament,4,other
history german,4,other
labour gender,4,other
bedroom,4,other
management neuroscience,4,other
mandatory palestine,4,other
battlefield,4,other
research history,4,other
history developmental,4,other
graphics history,4,other
ecology representation,4,other
battle gender,4,other
studies popularity,4,other
psychoanalysis poison,4,other
language algorithm,4,other
anthropology genetics,4,other
management finance,4,other
divide,4,other
management history,4,other
graphical translation,4,other
management library,4,other
epistemology paleontology,4,other
beauty context,4,other
mandatory,4,other
history gerontology,4,other
psycholinguistics feminism,4,other
epistemology natural,4,other
marketing engineering,4,other
binge eating,4,other
anthropocentrism feminism,4,other
studies multimedia,4,other
biochemistry anthropology,4,other
ethnology politics,4,other
marketing psychology,4,other
know,4,other
studies neutrality,4,other
anthropocene environmental,4,other
studies metaphysics,4,other
graphical history,4,other
population artificial,4,other
studies mental,4,other
martyr,4,other
biochemistry economics,4,other
bibliography art,4,other
anthropology database,4,other
anthropology economic,4,other
bias social,4,other
graphical public,4,other
anthropology demography,4,other
manifesto gender,4,other
studies oceanography,4,other
labia,4,other
population human,4,other
studies objectification,4,other
studies norm,4,other
bible software,4,other
map,4,other
population history,4,other
margin,4,other
ecology statistics,4,other
history ideology,4,other
distributive justice,4,other
psychoanalysis subject,4,other
poverty inequality,4,other
law capitalism,4,other
studies group,4,other
substance abuse,4,other
archaeology criticism,4,other
theory morality,4,other
theory movie,4,other
relations empowerment,4,other
theater politics,4,other
private law,4,other
essentialism feminist,4,other
ecofeminism environmentalism,4,other
eclecticism,4,other
relations equity,4,other
echo communications,4,other
theater history,4,other
echo,4,other
relations field,4,other
area economic,4,other
privacy business,4,other
essentialism politics,4,other
architecture history,4,other
legislation sociology,4,other
architecture gender,4,other
problem universals,4,other
health linguistics,4,other
legal psychology,4,other
health internal,4,other
theory mathematics,4,other
health informatics,4,other
ergonomics psychology,4,other
archaeology transformative,4,other
equal employment,4,other
health geography,4,other
probit,4,other
archaeology cultural,4,other
archetype feminism,4,other
property gender,4,other
legislation context,4,other
architecture computer,4,other
ecology genetics,4,other
thatcherism,4,other
prison criminology,4,other
lesbian feminist,4,other
tempest,4,other
archaeology capitalism,4,other
hero feminism,4,other
temporality gender,4,other
liberalism philosophy,4,other
provocation,4,other
haskalah,4,other
provocation test,4,other
liberation art,4,other
prevention social,4,other
art contemporary,4,other
art criminology,4,other
liberation political,4,other
liberation sociology,4,other
art criticism,4,other
prevention medical,4,other
ethics applied,4,other
haven feminism,4,other
art arts,4,other
relations government,4,other
relations identity,4,other
testament,4,other
lesbian ideology,4,other
law modernization,4,other
theory order,4,other
terrorism gender,4,other
ecology internal,4,other
esteem social,4,other
lesbian social,4,other
term psychology,4,other
east politics,4,other
primatology,4,other
lexical,4,other
lexicon,4,other
pride prejudice,4,other
pride narrative,4,other
relations knowledge,4,other
legal pluralism,4,other
legal history,4,other
health mathematics,4,other
league politics,4,other
ecology feminist,4,other
archaeology nationalism,4,other
ecology finance,4,other
archaeology negotiation,4,other
archaeology geology,4,other
league gender,4,other
proclamation,4,other
archaeology oceanography,4,other
ecology database,4,other
programming gender,4,other
hegemony epistemology,4,other
theory homosexuality,4,other
equality perspective,4,other
process work,4,other
learning center,4,other
archaeology publishing,4,other
program,4,other
ecology demography,4,other
health reproductive,4,other
law wage,4,other
hegemony colonialism,4,other
professionalization feminism,4,other
theory deconstruction,4,other
regret,4,other
archaeology literary,4,other
rehabilitation psychology,4,other
theory criminal,4,other
law waste,4,other
leadership development,4,other
law white,4,other
law sexual,4,other
layer,4,other
laziness,4,other
theory class,4,other
theory character,4,other
theory capitalism,4,other
law queer,4,other
theory humanities,4,other
process context,4,other
hegemony power,4,other
archaeology scholarship,4,other
process media,4,other
ergonomics epistemology,4,other
theology human,4,other
theory mainstream,4,other
process interpretation,4,other
ecological modernization,4,other
theology gene,4,other
refugee political,4,other
process feminist,4,other
promiscuity,4,other
archaeology subjectivity,4,other
relations colonialism,4,other
process epistemology,4,other
archaeology data,4,other
ecofeminism oppression,4,other
archaeology resource,4,other
learning pedagogy,4,other
learning criminology,4,other
archaeology reproduction,4,other
learning economic,4,other
learning economics,4,other
health quantum,4,other
learning feminist,4,other
theology programming,4,other
health psychoanalysis,4,other
equity social,4,other
equity theory,4,other
theology machine,4,other
learning internal,4,other
refugee sociology,4,other
progressivism feminism,4,other
hegemony mainstream,4,other
archaeology embodied,4,other
relations art,4,other
theory lesbian,4,other
prevention geography,4,other
library aesthetics,4,other
law legislature,4,other
growth philosophy,4,other
psychiatry neuroscience,4,other
sustainability business,4,other
arts geometry,4,other
hindi,4,other
growth socioeconomics,4,other
reliability semiconductor,4,other
linguistics psychotherapist,4,other
psychiatry pathology,4,other
linguistics perspective,4,other
arts medicine,4,other
arts multimedia,4,other
praxis oppression,4,other
surgery medicine,4,other
linguistics structural,4,other
law data,4,other
law cultural,4,other
guard,4,other
psychiatry mental,4,other
law criticism,4,other
arts geography,4,other
sweatshop,4,other
swami,4,other
hierarchy needs,4,other
guinea,4,other
precarity feminism,4,other
arts economics,4,other
hierarchy political,4,other
linguistics media,4,other
guard computer,4,other
sustainability science,4,other
relativism sociology,4,other
linguistics narrative,4,other
sustainability organizations,4,other
sustainability environmental,4,other
linguistics optics,4,other
drama history,4,other
supremacy racism,4,other
law critical,4,other
relativism philosophy,4,other
download political,4,other
practice psychology,4,other
growth demography,4,other
asia geography,4,other
power sociology,4,other
power politics,4,other
asia political,4,other
download politics,4,other
law citizenship,4,other
psychiatry politics,4,other
renewable,4,other
asian psychology,4,other
ties,4,other
aphra,4,other
aside sociology,4,other
renewable energy,4,other
literature drama,4,other
suffrage law,4,other
historical criticism,4,other
arts psychotherapist,4,other
law convention,4,other
superpower,4,other
appraisal sociology,4,other
arts statistics,4,other
literacy education,4,other
arts theology,4,other
arts world,4,other
law coronavirus,4,other
therapy psychotherapist,4,other
thermodynamics sociology,4,other
literacy politics,4,other
growth finance,4,other
doxa,4,other
therapy sociology,4,other
thermodynamics gender,4,other
ascription,4,other
suffrage movement,4,other
theory value,4,other
gynecology obstetrics,4,other
heterodox,4,other
law government,4,other
art geometry,4,other
theory realism,4,other
life psychology,4,other
heteronormativity psychology,4,other
psychiatry anthropology,4,other
psychiatry anxiety,4,other
art machine,4,other
art mathematical,4,other
technology political,4,other
harassment psychology,4,other
psychiatry archaeology,4,other
heterosexism lesbian,4,other
likert,4,other
likert scale,4,other
ethics criminology,4,other
limit,4,other
dynamic,4,other
life human,4,other
epistemology transformative,4,other
psyche feminism,4,other
heterodox economics,4,other
pseudonym,4,other
law jurisprudence,4,other
library instruction,4,other
archaeology authoritarianism,4,other
library psychology,4,other
archaeology ambivalence,4,other
harm psychology,4,other
law identity,4,other
harm politics,4,other
library subject,4,other
arabic literature,4,other
reflexivity scholarship,4,other
technology society,4,other
ethics capitalism,4,other
relations poverty,4,other
limit mathematics,4,other
linear algebra,4,other
arts context,4,other
dress,4,other
linguistics diversity,4,other
art pure,4,other
hand,4,other
systems thinking,4,other
art race,4,other
dress code,4,other
art statistics,4,other
law european,4,other
reflexivity political,4,other
pregnancy family,4,other
pregnancy epistemology,4,other
law ethnic,4,other
habit,4,other
theory subjectivity,4,other
psychiatry linguistics,4,other
law embedded,4,other
appropriation art,4,other
psychiatry economics,4,other
prerogative,4,other
psychiatry cognition,4,other
harassment mainstream,4,other
taxonomy,4,other
linguistics advertising,4,other
art optics,4,other
linguistics alternative,4,other
art painting,4,other
dualism sociology,4,other
theory sexual,4,other
art postmodernism,4,other
linguistics astronomy,4,other
ethics ethical,4,other
psychiatry ecology,4,other
dualism epistemology,4,other
art plot,4,other
art popular,4,other
ethics ethics,4,other
history mechanical,4,other
studies reflection,4,other
studies empirical,4,other
psychology emotional,4,other
politics humanism,4,other
breastfeeding sociology,4,other
media aesthetics,4,other
geography internal,4,other
treaty political,4,other
medicine breastfeeding,4,other
typography special,4,other
studies deconstruction,4,other
restructuring feminism,4,other
medicine breast,4,other
existential perception,4,other
medicine economic,4,other
analysis art,4,other
analysis biochemistry,4,other
media artificial,4,other
biology microbiology,4,other
analysis literature,4,other
evolution feminism,4,other
geometry philosophy,4,other
stigma stigma,4,other
trespass,4,other
jurisprudence law,4,other
gerontology gender,4,other
medicine childbirth,4,other
dignity sociology,4,other
goals,4,other
typography library,4,other
disability social,4,other
stimulus,4,other
mechanics optics,4,other
politics poetics,4,other
politics qualitative,4,other
undo,4,other
restructuring political,4,other
medicine cancer,4,other
biology optics,4,other
medicine research,4,other
exhibition sociology,4,other
stress model,4,other
botany quantum,4,other
analysis inclusion,4,other
media digital,4,other
studies anger,4,other
studies faith,4,other
islam theology,4,other
treasury,4,other
history popular,4,other
dilemma politics,4,other
media event,4,other
geography gene,4,other
medicine algorithm,4,other
business astronomy,4,other
biopower feminism,4,other
treasure,4,other
justice identity,4,other
disease biology,4,other
medline nursing,4,other
history population,4,other
structuring,4,other
geometry engineering,4,other
studies expression,4,other
analysis economic,4,other
rights power,4,other
politics homosexuality,4,other
studies commodification,4,other
medieval studies,4,other
exchange law,4,other
judaism identity,4,other
rhetoric narrative,4,other
blindness,4,other
bliss,4,other
geometry epistemology,4,other
discrimination women,4,other
analysis perspective,4,other
mechanics literature,4,other
judaism history,4,other
meditation,4,other
director feminism,4,other
evolutionary theory,4,other
gerontology geography,4,other
stimulus psychology,4,other
rebuttal,4,other
mathematics subject,4,other
medicine criminology,4,other
psychology conversation,4,other
retrieval library,4,other
analysis developmental,4,other
politics populism,4,other
mechanics psychotherapist,4,other
bulimia,4,other
bulimia nervosa,4,other
burden,4,other
geography space,4,other
mathematics theme,4,other
mechanics pure,4,other
bureaucracy political,4,other
studies drama,4,other
tribute feminism,4,other
history racism,4,other
gerontology media,4,other
dilemma gender,4,other
history poetry,4,other
globalization ideology,4,other
studies dilemma,4,other
mathematics relevance,4,other
islanders,4,other
mathematics reading,4,other
politics modernization,4,other
biology translation,4,other
analysis algorithm,4,other
biology structural,4,other
politics futures,4,other
geology art,4,other
justice critical,4,other
biology statistics,4,other
exceptionalism sociology,4,other
retrieval sociology,4,other
history sport,4,other
building literary,4,other
politics presidential,4,other
mathematics thermodynamics,4,other
bureaucracy public,4,other
rights persons,4,other
biology world,4,other
psychology coronavirus,4,other
politics morality,4,other
politics general,4,other
geography population,4,other
retirement,4,other
typography media,4,other
issues sociology,4,other
blasphemy,4,other
judaism theology,4,other
geography pedagogy,4,other
mathematics world,4,other
history pure,4,other
mathematics perception,4,other
bourgeoisie feminism,4,other
breast feeding,4,other
stock exchange,4,other
stock firearms,4,other
story,4,other
mathematics variety,4,other
studies abortion,4,other
mechanics social,4,other
blame gender,4,other
mathematics translation,4,other
mathematics value,4,other
islamophobia sociology,4,other
stoicism,4,other
building gender,4,other
mechanics theology,4,other
mechanics structural,4,other
retributive justice,4,other
existentialism gender,4,other
retributive,4,other
mathematics poetry,4,other
geography pure,4,other
discrimination gender,4,other
expansionism,4,other
islam state,4,other
perception epistemology,4,other
epistemology essentialism,4,other
environmental movement,4,other
disabilities,4,other
psychology distress,4,other
grading engineering,4,other
geology psychology,4,other
exchange philosophy,4,other
studies criminal,4,other
geography feminism,4,other
existential social,4,other
botany gender,4,other
justice pedagogy,4,other
rhetoric aesthetics,4,other
realm gender,4,other
existential history,4,other
history pregnancy,4,other
statue,4,other
mechanics acoustics,4,other
studies comparative,4,other
politics irish,4,other
economics agriculture,4,other
everyday aesthetics,4,other
revolution feminism,4,other
journalism power,4,other
jungle,4,other
economic inequality,4,other
biopower political,4,other
politics situated,4,other
politics skepticism,4,other
studies geometry,4,other
studies geopolitics,4,other
medline social,4,other
medical ethics,4,other
media popular,4,other
grading,4,other
revolution political,4,other
islam perspective,4,other
biology financial,4,other
biology endocrinology,4,other
mathematics developmental,4,other
mathematics development,4,other
exchange psychology,4,other
studies autoethnography,4,other
studies globe,4,other
buckingham,4,other
mechanics economics,4,other
jurisprudence gender,4,other
analysis femininity,4,other
biology embryo,4,other
analysis sexual,4,other
americans geography,4,other
statistics politics,4,other
statistics physics,4,other
psychology alcohol,4,other
politics drama,4,other
studies authoritarianism,4,other
mechanics astronomy,4,other
geometry anthropology,4,other
justice philosophy,4,other
epistemology cultural,4,other
epistemology diversity,4,other
epistemology literary,4,other
epistemology machine,4,other
politics health,4,other
islam negotiation,4,other
medicine injury,4,other
revolution sociology,4,other
business nursing,4,other
java,4,other
mechanics business,4,other
mechanics environmental,4,other
politics orientalism,4,other
buddha,4,other
epistemology data,4,other
gerontology political,4,other
business mathematical,4,other
politics scale,4,other
politics environmentalism,4,other
rights right,4,other
psychology cancer,4,other
environmentalism environmental,4,other
geopolitics political,4,other
glitch feminism,4,other
studies frame,4,other
discernment,4,other
medicalization feminism,4,other
mechanics geometry,4,other
politics performance,4,other
medicine logistic,4,other
journalism social,4,other
politics historiography,4,other
mechanics internal,4,other
history postmodernism,4,other
structured interview,4,other
evidence gender,4,other
history theme,4,other
germination,4,other
studies appeal,4,other
medicine feeling,4,other
analysis advertising,4,other
governance politics,4,other
biology fishery,4,other
studies fishery,4,other
medicine acoustics,4,other
global citizenship,4,other
medicine machine,4,other
politics equity,4,other
epistemology interpretation,4,other
psychology dominance,4,other
analysis class,4,other
analysis programming,4,other
rights context,4,other
economics advertising,4,other
politics set,4,other
responsibility corporate,4,other
politics injustice,4,other
memoir literature,4,other
biology fish,4,other
governance state,4,other
status psychology,4,other
digital scholarship,4,other
psychology evolutionary,4,other
geometry database,4,other
epistemology constructive,4,other
studies gaze,4,other
psychology democracy,4,other
governance sustainability,4,other
politics institution,4,other
ethics argument,3,other
ethics consumption,3,other
pseudoscience,3,other
presidential address,3,other
presidency politics,3,other
psychiatry alternative,3,other
economy capitalism,3,other
feminism expansive,3,other
ethics astrobiology,3,other
duty political,3,other
psychology international,3,other
punk gender,3,other
feminism expression,3,other
facial,3,other
psychiatry art,3,other
science right,3,other
realism post,3,other
faith feminist,3,other
psychology equity,3,other
relations positive,3,other
entrepreneurial orientation,3,other
philosophy corporate,3,other
feminism family,3,other
existential representation,3,other
dysphoria psychology,3,other
politics authoritarianism,3,other
psychology individualism,3,other
politics appropriation,3,other
dyslexia,3,other
culture poverty,3,other
election social,3,other
ego sociology,3,other
feminism exegesis,3,other
relations privilege,3,other
faith autonomy,3,other
politics austerity,3,other
pressure method,3,other
psychology expression,3,other
duty sociology,3,other
culture psychology,3,other
politics bourgeoisie,3,other
prevention clinical,3,other
dysfunction,3,other
philosophy discourse,3,other
egg donation,3,other
psyche psychoanalysis,3,other
rights cultural,3,other
racism ideology,3,other
egg,3,other
rural development,3,other
philosophy embodied,3,other
ethics colonialism,3,other
politics arts,3,other
egoism,3,other
philosophy empiricism,3,other
existential philosophy,3,other
sacrifice sociology,3,other
feminism exceptionalism,3,other
prevention developmental,3,other
science autonomy,3,other
science realism,3,other
politics internet,3,other
drama power,3,other
development topology,3,other
philosophy immigration,3,other
precarious work,3,other
precarious,3,other
psychology doing,3,other
existential ideology,3,other
publishing search,3,other
reliability engineering,3,other
ethics ideology,3,other
epistemology solidarity,3,other
philosophy infectious,3,other
existential identity,3,other
politics islamophobia,3,other
philosophy injustice,3,other
cybernetics ethnic,3,other
enlightenment history,3,other
economy aesthetics,3,other
elite indigenous,3,other
punctuation action,3,other
preference sociology,3,other
existential linguistics,3,other
relativism political,3,other
predictive,3,other
precision medicine,3,other
philosophy humanism,3,other
existential interpretation,3,other
precision,3,other
philosophy humanity,3,other
precarity sociology,3,other
precarity oppression,3,other
epistemology constitution,3,other
politics acoustics,3,other
elite ideology,3,other
realism literature,3,other
economics wage,3,other
sampling health,3,other
ecology neuroscience,3,other
religion judaism,3,other
politics league,3,other
feminism dissent,3,other
praxis queer,3,other
psychology disordered,3,other
reflexivity critical,3,other
rhetorical criticism,3,other
philosophy love,3,other
publishing library,3,other
political rhetoric,3,other
praxis indigenous,3,other
psychology disgust,3,other
emancipation art,3,other
sanctions social,3,other
philosophy mainstream,3,other
falling,3,other
praxis economic,3,other
cyberspace feminism,3,other
disambiguation public,3,other
science physical,3,other
drama art,3,other
philosophy interpretation,3,other
praxis solidarity,3,other
cybernetics human,3,other
philosophy judaism,3,other
philosophy knowledge,3,other
disadvantaged sociology,3,other
cybernetics power,3,other
economics value,3,other
praxis social,3,other
philosophy legal,3,other
psychiatry paleontology,3,other
publishing political,3,other
philosophy liberal,3,other
political psychology,3,other
feminism division,3,other
disadvantaged disadvantage,3,other
pregnancy abortion,3,other
philosophy enlightenment,3,other
premise field,3,other
premise sociology,3,other
politics anger,3,other
psychology intervention,3,other
dharma,3,other
psychology key,3,other
premise politics,3,other
curriculum computer,3,other
epistemology agency,3,other
prehistory,3,other
psychiatry communication,3,other
politics alternative,3,other
psychiatry demography,3,other
premise feminism,3,other
curriculum feminist,3,other
relations state,3,other
ethics discipline,3,other
duality,3,other
disability medical,3,other
punctuation power,3,other
relations scale,3,other
science reading,3,other
racism narrative,3,other
relations race,3,other
culture social,3,other
diagram,3,other
relations reading,3,other
duality order,3,other
reflexivity qualitative,3,other
entertainment industry,3,other
enterprise,3,other
preparedness,3,other
punctuation psychoanalysis,3,other
racism nationalism,3,other
culture visual,3,other
psychology interpretation,3,other
relations subjectivity,3,other
epistemology applied,3,other
feminism ecological,3,other
psychiatry history,3,other
philosophy german,3,other
cybercrime,3,other
politics immigration,3,other
philosophy government,3,other
cybernetics diversity,3,other
epistemology class,3,other
psychiatry gerontology,3,other
epistemology consciousness,3,other
ecology media,3,other
science poverty,3,other
philosophy health,3,other
dramaturgy,3,other
philosophy hegelianism,3,other
politics affect,3,other
racism power,3,other
racism psychoanalysis,3,other
psychology embodied,3,other
science presidential,3,other
device gender,3,other
epistemology subjectivity,3,other
philosophy focus,3,other
curriculum mathematics,3,other
realm argument,3,other
feminism encyclopedia,3,other
punctuation identity,3,other
pregnancy pediatrics,3,other
drone,3,other
ethics family,3,other
feminism element,3,other
pregnancy linguistics,3,other
politics alienation,3,other
reflexivity perspective,3,other
existential order,3,other
pregnancy history,3,other
faith philosophy,3,other
politics bureaucracy,3,other
reform movement,3,other
proxy statistics,3,other
education feminist,3,other
ecology acoustics,3,other
equality inequality,3,other
persona aesthetics,3,other
progressive,3,other
scrutiny sociology,3,other
relations appropriation,3,other
role sociology,3,other
process power,3,other
scrutiny political,3,other
personal identity,3,other
politics european,3,other
economy medicine,3,other
relations argument,3,other
realization,3,other
personal life,3,other
economy mathematics,3,other
experiential knowledge,3,other
equity politics,3,other
education family,3,other
scrutiny subject,3,other
politics enlightenment,3,other
rights state,3,other
criticism poetry,3,other
expectancy,3,other
environmental protection,3,other
regeneration,3,other
process value,3,other
difference psychology,3,other
psychology government,3,other
economy pedagogy,3,other
seal emblem,3,other
seal,3,other
ecology agriculture,3,other
perplexity,3,other
programming psychoanalysis,3,other
process state,3,other
queer psychoanalysis,3,other
personal pronoun,3,other
queer media,3,other
culture femininity,3,other
queer masculinity,3,other
scottish enlightenment,3,other
politics creativity,3,other
politics expansive,3,other
scottish,3,other
process literary,3,other
realization probability,3,other
queer identity,3,other
politics faith,3,other
politics family,3,other
dignity gender,3,other
education geography,3,other
feminism heteronormativity,3,other
existentialism psychoanalysis,3,other
feminism hegelianism,3,other
existentialism politics,3,other
politics contradiction,3,other
explication sociology,3,other
screenwriting,3,other
feminism hierarchy,3,other
ergonomics environmental,3,other
feminism hinduism,3,other
feminism historical,3,other
ergonomics computer,3,other
scrutiny feminism,3,other
process perspective,3,other
epistemic,3,other
criticism psychoanalytic,3,other
process narrative,3,other
difference gender,3,other
personalization,3,other
dieting,3,other
racial bias,3,other
rights population,3,other
relations articulation,3,other
epistemology action,3,other
process meaning,3,other
refugee crisis,3,other
relations advertising,3,other
queer scholarship,3,other
politics development,3,other
processing computer,3,other
ecology digital,3,other
digital era,3,other
politics ecofeminism,3,other
question ideology,3,other
equality state,3,other
secularism emancipation,3,other
criticism deconstruction,3,other
ecology developmental,3,other
perfection feminism,3,other
politics dissent,3,other
equality work,3,other
perfectionism,3,other
environmental economics,3,other
perfectionism psychology,3,other
education artificial,3,other
experience epistemology,3,other
digital library,3,other
economy psychology,3,other
feminism interwar,3,other
secularism gender,3,other
education action,3,other
profiling,3,other
proficiency,3,other
critical systems,3,other
politics download,3,other
professional sport,3,other
perception law,3,other
quilting,3,other
ecology ecological,3,other
psychology genealogy,3,other
economy quantum,3,other
criticism cultural,3,other
secularism religious,3,other
perception medicine,3,other
rehabilitation physical,3,other
politics division,3,other
question literature,3,other
question epistemology,3,other
regression analysis,3,other
equity context,3,other
programming feminism,3,other
robot computer,3,other
performativity social,3,other
equity ideology,3,other
feminism image,3,other
programming epistemology,3,other
psychology financial,3,other
feminism idealization,3,other
section gender,3,other
economy positive,3,other
criticism order,3,other
processing world,3,other
period history,3,other
secrecy,3,other
seclusion,3,other
education discipline,3,other
ecology alternative,3,other
performativity performative,3,other
relation law,3,other
psychology function,3,other
criticism natural,3,other
feminism institutionalism,3,other
criticism linguistics,3,other
digital literacy,3,other
criticism meaning,3,other
production gender,3,other
production feminism,3,other
question context,3,other
education biology,3,other
performativity media,3,other
ecology civil,3,other
queer white,3,other
différance,3,other
criticism object,3,other
differential mechanical,3,other
feminism imaginary,3,other
performativity gender,3,other
ergonomics medical,3,other
dictatorship sociology,3,other
criticism race,3,other
relations governmentality,3,other
relations indigenous,3,other
feminism forgetting,3,other
protestantism political,3,other
rounds time,3,other
economy ecology,3,other
cultural hegemony,3,other
east islam,3,other
pride sociology,3,other
cultural history,3,other
cultural pluralism,3,other
psychology ideal,3,other
protestantism religious,3,other
cultural policy,3,other
ethical egoism,3,other
price,3,other
education variety,3,other
science soil,3,other
existential value,3,other
reform law,3,other
education teaching,3,other
estate sociology,3,other
relations hegemony,3,other
cultural appropriation,3,other
education resistance,3,other
reform sociology,3,other
essentialism white,3,other
estate feminism,3,other
estate psychology,3,other
rights feminist,3,other
rounds,3,other
science suffrage,3,other
quantitative research,3,other
quantitative analysis,3,other
east sociology,3,other
epistemology western,3,other
dialogic feminism,3,other
development geography,3,other
protestantism sociology,3,other
cultural safety,3,other
politics citation,3,other
science section,3,other
philosophy colonialism,3,other
relations nationalism,3,other
relations normative,3,other
director movie,3,other
dialog box,3,other
proxy,3,other
science secularism,3,other
politics cartography,3,other
effects,3,other
politics capital,3,other
rights democracy,3,other
rule law,3,other
economy criminology,3,other
dialog,3,other
ethics archaeology,3,other
egalitarianism political,3,other
culture cultural,3,other
educational equity,3,other
cultural turn,3,other
science situated,3,other
epistemology variety,3,other
rights empowerment,3,other
rowing,3,other
relations mainstream,3,other
science socialism,3,other
culturalism,3,other
provider,3,other
realism social,3,other
politics grassroots,3,other
prevention politics,3,other
philosophy chromatography,3,other
politics global,3,other
philosophy civil,3,other
science sharia,3,other
existential set,3,other
early christianity,3,other
relations health,3,other
essentialism social,3,other
criticism reading,3,other
dialogic sociology,3,other
science working,3,other
politics comparative,3,other
feminism gerontology,3,other
education liberal,3,other
epoch,3,other
criticism subject,3,other
relations diversity,3,other
economy liberalism,3,other
property psychology,3,other
feminism geopolitics,3,other
criticism theme,3,other
ecofeminism gender,3,other
queer ecofeminism,3,other
criticism value,3,other
exploratory factor,3,other
phenomenon history,3,other
science wage,3,other
epoch astronomy,3,other
entrepreneurship gender,3,other
dictatorship feminism,3,other
feminism group,3,other
process computer,3,other
criticism reflexivity,3,other
equal opportunity,3,other
education graduate,3,other
queer feminist,3,other
criticism representation,3,other
feminism harm,3,other
scientific evidence,3,other
ergonomics suicide,3,other
romance history,3,other
criticism romance,3,other
feminism gratitude,3,other
ecofeminism materialism,3,other
promotion public,3,other
romance poetry,3,other
romance politics,3,other
politics focus,3,other
epitome,3,other
essentialism context,3,other
prison political,3,other
science trade,3,other
science thermodynamics,3,other
racism critical,3,other
philosophy action,3,other
privacy criminology,3,other
eating disorder,3,other
psychology face,3,other
prison history,3,other
privacy geography,3,other
essentialism postmodernism,3,other
cult feminism,3,other
politics cognitive,3,other
ecology infectious,3,other
education quantum,3,other
entrepreneurship empowerment,3,other
science task,3,other
essentialism philosophy,3,other
entrepreneurship feminism,3,other
rights legislation,3,other
prosocial,3,other
science vision,3,other
private space,3,other
feminism generative,3,other
ecofeminism epistemology,3,other
science virology,3,other
science variety,3,other
feminism general,3,other
science urban,3,other
romanticism philosophy,3,other
science universal,3,other
politics commodification,3,other
economy international,3,other
privacy social,3,other
prosocial behavior,3,other
epithet,3,other
politics comics,3,other
publishing history,3,other
power power,3,other
emancipation colonialism,3,other
physics girl,3,other
politics promotion,3,other
ratification,3,other
population physics,3,other
dengue,3,other
science emancipation,3,other
economics literature,3,other
scholarship solidarity,3,other
empowerment poverty,3,other
psychology subjectivity,3,other
physics citizen,3,other
psychology subject,3,other
physics globalization,3,other
feminism agriculture,3,other
research object,3,other
population mechanical,3,other
science electrical,3,other
retirement study,3,other
research participatory,3,other
pleasure politics,3,other
discrimination social,3,other
retrieval data,3,other
empowerment perception,3,other
diversity political,3,other
physics feeling,3,other
economics natural,3,other
physics femininity,3,other
scholarship psychoanalysis,3,other
psychology variation,3,other
politics presentation,3,other
denial sociology,3,other
feminism anthropocentrism,3,other
politics privilege,3,other
pleasure psychology,3,other
politics process,3,other
feminism amnesty,3,other
scholarship race,3,other
population power,3,other
diversity management,3,other
delivery framework,3,other
diversity diversity,3,other
record,3,other
ratio developmental,3,other
psychology space,3,other
ethnology humanities,3,other
population ecology,3,other
psychoanalysis world,3,other
democracy archaeology,3,other
physics knowledge,3,other
school psychology,3,other
democracy biology,3,other
physics league,3,other
democracy civil,3,other
democracy computer,3,other
epistemology neoclassical,3,other
physics literacy,3,other
politics radiology,3,other
research positive,3,other
democracy critical,3,other
psychology order,3,other
democracy development,3,other
democracy algorithm,3,other
population economics,3,other
politics psychological,3,other
physics internet,3,other
scholarship teaching,3,other
feminism ageing,3,other
scholarship transformative,3,other
epistemology object,3,other
delphi method,3,other
physics ideal,3,other
demonization,3,other
psychology state,3,other
evolution sociology,3,other
diversity cultural,3,other
feminism adversary,3,other
restructuring politics,3,other
politics punitive,3,other
demise gender,3,other
plea sociology,3,other
population engineering,3,other
psychoanalysis unconscious,3,other
empowerment narrative,3,other
psychology welfare,3,other
delinquency criminology,3,other
pornography subordination,3,other
redress gender,3,other
psychology obesity,3,other
physics consciousness,3,other
department,3,other
revelation sociology,3,other
exchange feminism,3,other
psychology occupational,3,other
physics coronavirus,3,other
redress feminism,3,other
psychoanalysis narrative,3,other
range,3,other
feminism audience,3,other
range aeronautics,3,other
research geography,3,other
physics criticism,3,other
science framing,3,other
psychoanalysis operating,3,other
engineering physical,3,other
exchange focus,3,other
physics data,3,other
portrait art,3,other
psychosocial medicine,3,other
raising psychology,3,other
science global,3,other
discrete,3,other
empowerment feminist,3,other
feminism betrayal,3,other
science gerontology,3,other
epistemology privilege,3,other
psychosis,3,other
randomized,3,other
discrete mathematics,3,other
portrait literature,3,other
exchange history,3,other
documentation political,3,other
randomized controlled,3,other
poetics history,3,other
scholarship mythology,3,other
science food,3,other
economic social,3,other
economic market,3,other
ethnography power,3,other
research marketing,3,other
physics embedded,3,other
plural political,3,other
psychology athletes,3,other
feeling anger,3,other
physics empirical,3,other
psychology young,3,other
empowerment individualism,3,other
reactionary ideology,3,other
research meaning,3,other
research media,3,other
psychology oppression,3,other
deep learning,3,other
psychology white,3,other
physics essentialism,3,other
deforestation,3,other
deforestation computer,3,other
feminism asian,3,other
physics dominance,3,other
scholarship pedagogy,3,other
population world,3,other
research human,3,other
debt political,3,other
ethnography participant,3,other
rangeland,3,other
empowerment identity,3,other
populism sociology,3,other
research interpretation,3,other
psychology zoology,3,other
politics positive,3,other
populism gender,3,other
engineering petroleum,3,other
decolonization gender,3,other
populism authoritarianism,3,other
exchange business,3,other
decolonization sociology,3,other
politics postmodern,3,other
politics poverty,3,other
endometriosis,3,other
population context,3,other
feminism accounting,3,other
democratic theory,3,other
eurocentrism epistemology,3,other
plague disease,3,other
disobedience sociology,3,other
physics religious,3,other
plague,3,other
engineering developmental,3,other
psychology psychosocial,3,other
demography mechanical,3,other
femininity embodied,3,other
democratization political,3,other
psychology psychometrics,3,other
science chromatography,3,other
disinformation scholarship,3,other
demography human,3,other
engineering market,3,other
science child,3,other
politics trade,3,other
economic independence,3,other
resolution political,3,other
epistemology materialism,3,other
engineering data,3,other
engineering nursing,3,other
femininity history,3,other
psychology phenomenon,3,other
responsibility business,3,other
feeling reading,3,other
democracy promotion,3,other
politics visibility,3,other
resizing,3,other
femininity fantasy,3,other
physics publishing,3,other
feeling situated,3,other
engineering acoustics,3,other
democracy psychoanalysis,3,other
engineering alternative,3,other
democracy women,3,other
engineering cartography,3,other
resolution logic,3,other
epistemology life,3,other
engineering macroeconomics,3,other
politics semiotics,3,other
engineering geotechnical,3,other
science architecture,3,other
female sociology,3,other
demography economic,3,other
evaluation,3,other
physics vulnerability,3,other
physics waste,3,other
economics ideology,3,other
engineering infectious,3,other
eve,3,other
science articulation,3,other
event feminism,3,other
psychology position,3,other
science bacteria,3,other
disease mechanical,3,other
female political,3,other
disease linguistics,3,other
event art,3,other
politics subversion,3,other
demography ecology,3,other
science anxiety,3,other
engineering international,3,other
physics set,3,other
psychology psychoanalytic,3,other
politics trace,3,other
femininity character,3,other
engineering internet,3,other
physics space,3,other
epistemology mainstream,3,other
disenchantment,3,other
femininity agency,3,other
politics terrorism,3,other
science capitalism,3,other
science architectural,3,other
physics subversion,3,other
physics theme,3,other
disease psychiatry,3,other
demography demographic,3,other
psychology prejudice,3,other
resilience resilience,3,other
psychological science,3,other
psychology organizational,3,other
epistemology individualism,3,other
research project,3,other
research psychiatry,3,other
demon feminism,3,other
planning social,3,other
enforcement political,3,other
science conversation,3,other
planning reproductive,3,other
distancing sociology,3,other
science convention,3,other
science control,3,other
politics reflexivity,3,other
psychology pediatrics,3,other
femininity pornography,3,other
research reading,3,other
feeling philosophy,3,other
evidence psychology,3,other
feeling political,3,other
femininity psychoanalytic,3,other
economics library,3,other
epistemology morality,3,other
sci fi,3,other
psychology sociocultural,3,other
population computer,3,other
democracy epistemology,3,other
population census,3,other
feminism accountability,3,other
feminism absurdism,3,other
science curriculum,3,other
reaction,3,other
femininity subjectivity,3,other
democracy face,3,other
population business,3,other
psychology similarity,3,other
research process,3,other
sci,3,other
population biology,3,other
ratio political,3,other
evocation,3,other
psycholinguistics social,3,other
restitution,3,other
dissent ideology,3,other
ethos gender,3,other
polygyny,3,other
physics population,3,other
research theme,3,other
physics position,3,other
ethos politics,3,other
democracy nationalism,3,other
science administration,3,other
physics postmodernism,3,other
demography statistics,3,other
research work,3,other
engine indexing,3,other
democracy physics,3,other
evidence based,3,other
politics secularism,3,other
politics secularization,3,other
eudaimonia,3,other
dissent political,3,other
research suicide,3,other
democracy movement,3,other
femininity personality,3,other
femininity modernity,3,other
science contemporary,3,other
politics research,3,other
science construct,3,other
psychological distress,3,other
psychology personal,3,other
science conflict,3,other
epistemology metaphysics,3,other
physics perception,3,other
rational,3,other
politics resource,3,other
science conceptual,3,other
planning law,3,other
popular media,3,other
psychology scholarship,3,other
engagement social,3,other
femininity narrative,3,other
popular fiction,3,other
research environmental,3,other
physics citation,3,other
falsity,3,other
feminism craft,3,other
politics materials,3,other
feminism creativity,3,other
philosophy population,3,other
realism feminism,3,other
science muslim,3,other
poverty feminism,3,other
philosophy posthumanism,3,other
psychiatry psychological,3,other
dance dance,3,other
physics chromatography,3,other
psychology cross,3,other
psychology mathematical,3,other
emergency paleontology,3,other
philosophy private,3,other
philosophy process,3,other
psychology criticism,3,other
double standard,3,other
feminism cosmopolitanism,3,other
politics materialism,3,other
philosophy pleasure,3,other
feminism current,3,other
download media,3,other
damages sociology,3,other
embedded law,3,other
realm identity,3,other
feminism darwinism,3,other
philosophy performance,3,other
policy politics,3,other
psychology curriculum,3,other
scapegoating,3,other
poverty mainstream,3,other
politics manifesto,3,other
policy philosophy,3,other
embryo biology,3,other
emergency artificial,3,other
developer,3,other
policy medicine,3,other
scattering,3,other
philosophy physical,3,other
dance embodied,3,other
philosophy psychoanalytic,3,other
psychiatry quantum,3,other
representativeness heuristic,3,other
postmodernism silence,3,other
science middle,3,other
feminism conscience,3,other
public domain,3,other
dance gender,3,other
reproduction capitalism,3,other
dance meaning,3,other
postmodernism psychology,3,other
politics meteorology,3,other
postmodernism psychoanalytic,3,other
dance visual,3,other
postmodernism power,3,other
rhetoric law,3,other
emotional intelligence,3,other
economics developmental,3,other
economics education,3,other
emotive,3,other
politics mental,3,other
philosophy radiology,3,other
feminism conviction,3,other
emergent,3,other
english foreign,3,other
feminism convergence,3,other
science moral,3,other
epistemology scholarship,3,other
feminism contest,3,other
politics medical,3,other
emergency poison,3,other
exhibition aesthetics,3,other
epistemology denial,3,other
ecology normative,3,other
feminism conservatism,3,other
postmodernity feminism,3,other
detective fiction,3,other
realism critical,3,other
scholarship aesthetics,3,other
engineering transport,3,other
representativeness,3,other
poverty psychology,3,other
emancipation power,3,other
philosophy patriarchy,3,other
religiosity social,3,other
religiosity sociology,3,other
dozen,3,other
ethics literature,3,other
religious discrimination,3,other
science parliament,3,other
political dissent,3,other
family consumer,3,other
feminism destiny,3,other
family leave,3,other
czech political,3,other
science outbreak,3,other
philosophy middle,3,other
development feminism,3,other
emancipation literature,3,other
religious experience,3,other
development epistemology,3,other
philosophy modernity,3,other
science payment,3,other
rhetoric state,3,other
science organizational,3,other
religiosity politics,3,other
psychiatry physical,3,other
philosophy masculinity,3,other
feminism dimension,3,other
science perception,3,other
praxis conversation,3,other
praxis context,3,other
dracula,3,other
science pediatrics,3,other
emancipation context,3,other
cycle violence,3,other
family business,3,other
religiosity feminism,3,other
economics acoustics,3,other
religiosity gender,3,other
science peacebuilding,3,other
epistemology situated,3,other
existential empowerment,3,other
psychology longitudinal,3,other
philosophy movie,3,other
existential art,3,other
philosophy new,3,other
philosophy newspaper,3,other
science normative,3,other
feminism deliberation,3,other
science newspaper,3,other
development development,3,other
psychiatry pregnancy,3,other
rhetoric power,3,other
evening,3,other
epistemology self,3,other
feminism deleuze,3,other
development aid,3,other
politics macroeconomics,3,other
feminism debt,3,other
damages political,3,other
renaissance literature,3,other
ethics poverty,3,other
poverty social,3,other
ethics popularity,3,other
daily living,3,other
ethics mathematics,3,other
publication sociology,3,other
politic gender,3,other
development engineering,3,other
epistemology set,3,other
epistemology curriculum,3,other
science optometry,3,other
ethics natural,3,other
politeness,3,other
policy welfare,3,other
philosophy nationalism,3,other
emancipation patriarchy,3,other
relocation,3,other
psychology machine,3,other
science oppression,3,other
philosophy neoclassical,3,other
philosophy neoliberalism,3,other
daily,3,other
ethics order,3,other
data computer,3,other
epistemology relativism,3,other
scholarship art,3,other
physical appearance,3,other
repurposing,3,other
physical body,3,other
psychotherapist genetics,3,other
physical culture,3,other
feminism charter,3,other
posthuman environmental,3,other
empirical legal,3,other
exchange psychoanalysis,3,other
posthuman aesthetics,3,other
exchange power,3,other
ethnography context,3,other
fashion design,3,other
economics geometry,3,other
scholarship indigenous,3,other
psychology citizen,3,other
science independence,3,other
psychoanalysis humanities,3,other
documents meaning,3,other
descent,3,other
poetry context,3,other
posthuman manifesto,3,other
psychoanalysis field,3,other
science labor,3,other
database human,3,other
photography gender,3,other
science key,3,other
politics nursing,3,other
desegregation,3,other
descriptive research,3,other
rewriting feminism,3,other
psychotherapist machine,3,other
psychotherapist linguistics,3,other
science intersectionality,3,other
psychotherapist library,3,other
documents media,3,other
farming,3,other
science interpretation,3,other
posthuman materialism,3,other
politics parliament,3,other
economics power,3,other
reel,3,other
position sociology,3,other
rainforest,3,other
poetry aesthetics,3,other
feature film,3,other
psychoanalysis ideology,3,other
economics nursing,3,other
ecology psychological,3,other
research design,3,other
physics botany,3,other
psychotherapist art,3,other
science hegemony,3,other
redress politics,3,other
empowerment democracy,3,other
research developmental,3,other
daughter art,3,other
scholarship meaning,3,other
portuguese gender,3,other
politics performativity,3,other
employment discrimination,3,other
science hierarchy,3,other
politics passion,3,other
exchange perspective,3,other
research aesthetics,3,other
politics pathology,3,other
science hymenoptera,3,other
scholarship literary,3,other
ethnography epistemology,3,other
database programming,3,other
database public,3,other
research business,3,other
science historical,3,other
empiricism sociology,3,other
discourse ethics,3,other
documents hegemony,3,other
physics autoethnography,3,other
database queer,3,other
research community,3,other
documents embodied,3,other
feminism birth,3,other
scholarship framing,3,other
documents order,3,other
psychology middle,3,other
philosophy sexual,3,other
philosophy sharia,3,other
data sharing,3,other
detective,3,other
epistemology race,3,other
reflective practice,3,other
psychology movement,3,other
destinations,3,other
poetry style,3,other
emphasis,3,other
scholarship criminology,3,other
data source,3,other
feminism comparative,3,other
desk,3,other
documents state,3,other
psychoanalysis chemistry,3,other
rhetoric human,3,other
psychoanalysis cognitive,3,other
fantasy psychoanalysis,3,other
epistemology dialectic,3,other
politics movie,3,other
psychology moral,3,other
postmodernism philosophy,3,other
reproduction environmental,3,other
ethics space,3,other
empathy context,3,other
scholarship china,3,other
scholarship colonialism,3,other
philosophy rhetorical,3,other
economics european,3,other
postmodernism meaning,3,other
feminism competition,3,other
reproduction epistemology,3,other
dollar,3,other
psychoanalysis artificial,3,other
philosophy scrutiny,3,other
philosophy self,3,other
postmodernism literary,3,other
documents style,3,other
philosophy special,3,other
postmodernism enlightenment,3,other
rhetoric argument,3,other
feminism cognitive,3,other
psychoanalysis deconstruction,3,other
psychoanalysis economics,3,other
fantasy sociology,3,other
philosophy variety,3,other
reproduction value,3,other
psychotherapist operating,3,other
feminism code,3,other
reproduction work,3,other
empire ideology,3,other
science leadership,3,other
scholarship femininity,3,other
posthumanism gender,3,other
philosophy western,3,other
documents poetry,3,other
design game,3,other
psychology music,3,other
scholarship foregrounding,3,other
ethnic conflict,3,other
discipline power,3,other
emphasis telecommunications,3,other
exchange work,3,other
epistemology discipline,3,other
feminism commons,3,other
feminism commodification,3,other
discipline identity,3,other
postmodernism criticism,3,other
poetry scholarship,3,other
epistemology discourse,3,other
empire art,3,other
postmodernism critical,3,other
epistemology queer,3,other
database alternative,3,other
psychology multimedia,3,other
database anthropology,3,other
ethics virtue,3,other
documents relevance,3,other
scholarship epistemology,3,other
psychotherapist pedagogy,3,other
equality public,3,other
ideology meaning,3,other
security algorithm,3,other
hazard environmental,3,other
liberalism individualism,3,other
liberalism human,3,other
art beauty,3,other
term care,3,other
hazard,3,other
liberalism environmental,3,other
term politics,3,other
liberal party,3,other
temporalities feminism,3,other
hazardous,3,other
hazardous waste,3,other
head,3,other
head geology,3,other
headline,3,other
lexis,3,other
term social,3,other
temporality feminism,3,other
art communism,3,other
health algorithm,3,other
telecommunications physics,3,other
life epistemology,3,other
technoscience epistemology,3,other
art economic,3,other
art download,3,other
telecommunications feminism,3,other
library pedagogy,3,other
telecommunications philosophy,3,other
telehealth,3,other
harmonious society,3,other
art dance,3,other
telescope feminism,3,other
telescope literature,3,other
libertarianism,3,other
liberian dollar,3,other
liberian,3,other
harmonious,3,other
arrow,3,other
letter law,3,other
life feminism,3,other
theater hollywood,3,other
health developmental,3,other
leisure time,3,other
leisure studies,3,other
legitimation sociology,3,other
legitimation legitimacy,3,other
arctic,3,other
health economic,3,other
legitimacy law,3,other
theater femininity,3,other
health education,3,other
legitimacy feminism,3,other
legitimacy epistemology,3,other
theater ideology,3,other
theater philosophy,3,other
theater political,3,other
architecture social,3,other
health development,3,other
theater criticism,3,other
letter,3,other
terrorism politics,3,other
arousal,3,other
lesbian scholarship,3,other
terror political,3,other
armenian feminism,3,other
terrorism criminology,3,other
armenian,3,other
lesbian perspective,3,other
lesbian narrative,3,other
area sociology,3,other
lesbian law,3,other
lesbian identity,3,other
test gender,3,other
lesbian heterosexuality,3,other
arithmetic mathematics,3,other
testosterone,3,other
testosterone patch,3,other
technology psychology,3,other
technology politics,3,other
heterotopia medicine,3,other
gynecology law,3,other
linguistics machine,3,other
sustainable consumption,3,other
arts dance,3,other
linguistics interpretation,3,other
swap,3,other
swap finance,3,other
linguistics information,3,other
arts criticism,3,other
linguistics meteorology,3,other
linguistics happiness,3,other
arts chemistry,3,other
linguistics geodesy,3,other
arts biochemistry,3,other
habitat biology,3,other
sympathy patriarchy,3,other
arts advertising,3,other
arts database,3,other
sustainability politics,3,other
linguistics entrepreneurship,3,other
growth poverty,3,other
arts optics,3,other
surgery psychology,3,other
growth nursing,3,other
surgery surgery,3,other
arts narrative,3,other
growth pedagogy,3,other
surprise feminism,3,other
surrender,3,other
sustainability political,3,other
arts machine,3,other
arts internet,3,other
growth women,3,other
sustainability corporate,3,other
sustainability ecology,3,other
sustainability economics,3,other
linguistics nursing,3,other
artemisia,3,other
art resistance,3,other
technology digital,3,other
liminality feminism,3,other
taxonomy biology,3,other
linguistic rights,3,other
art nursing,3,other
line geometry,3,other
harassment political,3,other
harassment politics,3,other
art multimedia,3,other
art mechanical,3,other
tax avoidance,3,other
harassment pornography,3,other
teaching methods,3,other
team,3,other
harassment sexual,3,other
life satisfaction,3,other
art islam,3,other
art gerontology,3,other
tax reform,3,other
taste feminism,3,other
systems games,3,other
taoism,3,other
table contents,3,other
linguistics disease,3,other
table gender,3,other
table psychology,3,other
art pregnancy,3,other
taboo gender,3,other
linguistics colonialism,3,other
linguistics civil,3,other
harassment economic,3,other
happiness perspective,3,other
linguistics cartography,3,other
art physical,3,other
haptic,3,other
haptic technology,3,other
linguistics argument,3,other
linguistics architectural,3,other
theatre aesthetics,3,other
architecture power,3,other
thematic map,3,other
law normative,3,other
hegemony subjectivity,3,other
law organic,3,other
theory michel,3,other
hegemony white,3,other
law oppression,3,other
theory music,3,other
theory mythology,3,other
law newspaper,3,other
law payment,3,other
archaeology criminal,3,other
herding,3,other
law natural,3,other
law nationalism,3,other
law narrative,3,other
theory object,3,other
archaeology conversation,3,other
hegemony subject,3,other
law pharmacology,3,other
archaeology constitution,3,other
theory identification,3,other
theory global,3,other
law reproductive,3,other
law relevance,3,other
law relation,3,other
law regional,3,other
law radiology,3,other
archaeology genetics,3,other
archaeology financial,3,other
hegemony racism,3,other
theory information,3,other
law psychological,3,other
archaeology femininity,3,other
hegemony masculinity,3,other
theory liberalism,3,other
archaeology domestic,3,other
archaeology diversity,3,other
law metaphysics,3,other
theory pleasure,3,other
architecture feminism,3,other
law geodesy,3,other
law inequality,3,other
law immigration,3,other
appropriation rhetoric,3,other
heterosexism homosexuality,3,other
law globalization,3,other
theory reproduction,3,other
theory resistance,3,other
law genealogy,3,other
archaeology action,3,other
theory silence,3,other
law framing,3,other
law food,3,other
law financial,3,other
heterosexuality queer,3,other
appropriation critical,3,other
heterotopia,3,other
theory racism,3,other
theory psychotherapist,3,other
heritage management,3,other
archaeology classics,3,other
theory poetry,3,other
hermeneutics epistemology,3,other
archaeology conservatism,3,other
archaeology commodification,3,other
law masculinity,3,other
law marxist,3,other
hermeneutics philosophy,3,other
archaeology citizenship,3,other
law keynesian,3,other
hero literature,3,other
theory psychoanalytic,3,other
hero politics,3,other
law liberal,3,other
law legislation,3,other
law labour,3,other
archaeology bay,3,other
archaeology government,3,other
theory focus,3,other
archaeology hegemony,3,other
learning paleontology,3,other
archaeology sociocultural,3,other
learning social,3,other
health pathology,3,other
learning qualitative,3,other
health pedagogy,3,other
archaeology sharia,3,other
archaeology sexual,3,other
archaeology resistance,3,other
archaeology structural,3,other
learning medicine,3,other
archaeology reproductive,3,other
health pregnancy,3,other
theology optics,3,other
theology paleontology,3,other
learning identity,3,other
archaeology reflexivity,3,other
learning status,3,other
health obstetrics,3,other
archaeology higher,3,other
legalism,3,other
health gerontology,3,other
health global,3,other
theology astronomy,3,other
health gynecology,3,other
archaeology waste,3,other
archaeology vulnerability,3,other
legalism western,3,other
health inequality,3,other
archaeology suffrage,3,other
archaeology sustainability,3,other
theology ecology,3,other
legal doctrine,3,other
theology economic,3,other
health mechanical,3,other
theology economics,3,other
left sociology,3,other
archaeology radiology,3,other
learning engineering,3,other
theology psychoanalysis,3,other
archaeology liberation,3,other
leadership context,3,other
theory colonialism,3,other
lawmaking,3,other
theory content,3,other
theory conversation,3,other
archaeology management,3,other
law virology,3,other
law thematic,3,other
learning ecology,3,other
law telecommunications,3,other
archaeology liberalism,3,other
hegelianism feminism,3,other
law subject,3,other
theory doctrine,3,other
theory economics,3,other
archaeology immigration,3,other
leadership feminism,3,other
theory biology,3,other
archaeology meteorology,3,other
leadership political,3,other
learning data,3,other
health retirement,3,other
archaeology praxis,3,other
archaeology perception,3,other
learning agency,3,other
theology spirituality,3,other
theology statistics,3,other
archaeology originality,3,other
league political,3,other
theoretical computer,3,other
theoretical physics,3,other
archaeology normative,3,other
health suicide,3,other
archaeology modernity,3,other
leadership psychology,3,other
arts pathology,3,other
arts power,3,other
linguistics transformative,3,other
criminology racism,3,other
biochemistry engineering,3,other
studies metaphor,3,other
graphical health,3,other
studies migrant,3,other
graphical ideology,3,other
marketing research,3,other
marketing relationship,3,other
graphical inclusion,3,other
studies medicalization,3,other
biochemistry botany,3,other
binary number,3,other
graphical islam,3,other
bibliometrics,3,other
marketing algorithm,3,other
marketing advertising,3,other
graphical natural,3,other
graphical face,3,other
biochemistry environmental,3,other
marine transgression,3,other
studies life,3,other
graphical critical,3,other
bioethics environmental,3,other
masculinity representation,3,other
biochemistry sociology,3,other
masculinity race,3,other
graphical cultural,3,other
biochemistry psychotherapist,3,other
masculinity perspective,3,other
biochemistry finance,3,other
masculinity oppression,3,other
masculinity nationalism,3,other
masculinity human,3,other
biochemistry mathematical,3,other
masculinity criminology,3,other
masculinity construct,3,other
masculinity art,3,other
graphical perception,3,other
studies news,3,other
basic needs,3,other
management art,3,other
beauty art,3,other
beauty advertising,3,other
graphical variety,3,other
graphical welfare,3,other
management economic,3,other
graphics art,3,other
management corporate,3,other
management anthropology,3,other
beauty mythology,3,other
bates,3,other
management aesthetics,3,other
maltese,3,other
studies presidential,3,other
studies pride,3,other
studies private,3,other
mainstreaming transformative,3,other
management management,3,other
behavior context,3,other
margin machine,3,other
studies optics,3,other
studies newspaper,3,other
studies obstetrics,3,other
manifesto political,3,other
manifesto glitch,3,other
behavioural,3,other
manifesto computer,3,other
manifesto art,3,other
studies oral,3,other
management physics,3,other
behaviour,3,other
managerialism feminism,3,other
studies participatory,3,other
studies path,3,other
management socioeconomics,3,other
studies performative,3,other
studies personality,3,other
masculinity subject,3,other
masculinity white,3,other
studies league,3,other
mathematics futures,3,other
mathematics ideal,3,other
studies formative,3,other
mathematics higher,3,other
mathematics hegemony,3,other
mathematics geography,3,other
mathematics genetics,3,other
studies futures,3,other
governance work,3,other
mathematics internal,3,other
mathematics field,3,other
governmentality feminism,3,other
mathematics family,3,other
mathematics face,3,other
biology feminist,3,other
biology ethnography,3,other
studies german,3,other
biology identification,3,other
biology ideology,3,other
mate,3,other
governance climate,3,other
studies entrepreneurship,3,other
mathematics object,3,other
biology positive,3,other
mathematics movement,3,other
biology perspective,3,other
biology negotiation,3,other
governance anthropology,3,other
biology messenger,3,other
mathematics interpretation,3,other
studies existentialism,3,other
biology marketing,3,other
biology market,3,other
studies fandom,3,other
biology intersectionality,3,other
mathematics liberalism,3,other
governance human,3,other
mathematics democracy,3,other
studies grassroots,3,other
studies gynecology,3,other
biography narrative,3,other
materialism queer,3,other
biography psychology,3,other
materialism posthumanism,3,other
materialism political,3,other
biography power,3,other
materialism patriarchy,3,other
materialism ideology,3,other
materialism human,3,other
biology disease,3,other
materialism context,3,other
bioethics philosophy,3,other
studies kinship,3,other
materialism agency,3,other
materialism aesthetics,3,other
graphical china,3,other
mate choice,3,other
materialism realism,3,other
biology aerospace,3,other
studies indonesian,3,other
mathematics accounting,3,other
studies hermeneutics,3,other
mathematics character,3,other
biology database,3,other
studies honor,3,other
mathematics bridge,3,other
biology data,3,other
studies humanism,3,other
biology cultural,3,other
biology criminology,3,other
biology context,3,other
mathematics argument,3,other
grammar political,3,other
mathematics alternative,3,other
grammar power,3,other
biology cartography,3,other
studies process,3,other
studies project,3,other
linguistics welfare,3,other
asset computer,3,other
subjectivity human,3,other
group media,3,other
group medicine,3,other
assimilation,3,other
subjectivity philosophy,3,other
group perception,3,other
group philosophy,3,other
asset,3,other
astronomy archaeology,3,other
subjectivity scholarship,3,other
group psychiatry,3,other
literature human,3,other
assault psychology,3,other
group racism,3,other
sublime art,3,other
literature economy,3,other
literature mythology,3,other
astronomy biochemistry,3,other
ask,3,other
subjectivism,3,other
astronomy politics,3,other
subaltern feminism,3,other
literature psychotherapist,3,other
group health,3,other
astronomy gender,3,other
astronomy economics,3,other
astronomy ecology,3,other
astronomy computer,3,other
literature new,3,other
literature plot,3,other
group interpersonal,3,other
group intersectionality,3,other
astronomy botany,3,other
literature period,3,other
astronomy biology,3,other
literature operating,3,other
ask price,3,other
aside gender,3,other
basic income,3,other
suns,3,other
growth equity,3,other
growth feminism,3,other
suffrage women,3,other
literacy psychology,3,other
literacy literacy,3,other
arts telecommunications,3,other
growth government,3,other
literacy art,3,other
suffrage mainstream,3,other
suns alchemy,3,other
listening sociology,3,other
listening feminism,3,other
supply,3,other
supported,3,other
supported cooperative,3,other
growth market,3,other
growth engineering,3,other
literature action,3,other
group state,3,other
literature biography,3,other
subversion representation,3,other
literature cognitive,3,other
successful,3,other
successful aging,3,other
growth art,3,other
literature character,3,other
asia history,3,other
literature artificial,3,other
growth economic,3,other
suffrage citizenship,3,other
asexuality,3,other
suffrage historiography,3,other
suffrage history,3,other
literature alternative,3,other
suffrage ideology,3,other
growth ecology,3,other
literature race,3,other
style sociology,3,other
style philosophy,3,other
autonomy agency,3,other
mainstream grassroots,3,other
mainstream feminist,3,other
grassroots sociology,3,other
studies restructuring,3,other
mainstream curriculum,3,other
autonomy economic,3,other
studies salience,3,other
studies science,3,other
autonomy islam,3,other
studies scope,3,other
gratitude gender,3,other
studies security,3,other
macroeconomics operating,3,other
studies sensibility,3,other
studies servant,3,other
autoethnography performative,3,other
autonomy individualism,3,other
autonomy liberalism,3,other
group equity,3,other
awareness,3,other
mainstreaming field,3,other
studies protestantism,3,other
based learning,3,other
baroque,3,other
barbarism,3,other
ballot,3,other
backwardness,3,other
mainstream power,3,other
studies religiosity,3,other
autonomy public,3,other
grassroots indigenous,3,other
grassroots league,3,other
mainstream perspective,3,other
mainstream oppression,3,other
mainstream newspaper,3,other
mainstream meaning,3,other
autoethnography feminism,3,other
machine translation,3,other
macedonian,3,other
studies turkish,3,other
auditing context,3,other
studies terminology,3,other
studies terrorism,3,other
audiology,3,other
attunement,3,other
group cognitive,3,other
studies transnationalism,3,other
studies vulnerability,3,other
lyrics gender,3,other
group cultural,3,other
atlantic world,3,other
athletics,3,other
athletes context,3,other
asylum seeker,3,other
study abroad,3,other
asylum,3,other
studies symbol,3,other
logic gender,3,other
auditing materialism,3,other
group acoustics,3,other
greenhouse,3,other
lying,3,other
authority,3,other
luck,3,other
loyalty sociology,3,other
austerity political,3,other
long term,3,other
loneliness psychology,3,other
austerity gender,3,other
studies stereotype,3,other
studies storytelling,3,other
ground sociology,3,other
studies structural,3,other
studies structuralism,3,other
logical positivism,3,other
law face,3,other
law ethnography,3,other
biology queer,3,other
war world,3,other
aesthetics neuroscience,3,other
institution politics,3,other
aesthetics movie,3,other
aesthetics metaphor,3,other
aesthetics mechanical,3,other
aesthetics machine,3,other
war theory,3,other
humanity gender,3,other
wage sociology,3,other
instinct sociology,3,other
warfare,3,other
insider qualitative,3,other
insider feminism,3,other
aesthetics library,3,other
innocence feminism,3,other
humanity reading,3,other
institution state,3,other
wage political,3,other
hybridity feminism,3,other
voluntary action,3,other
intelligence aesthetics,3,other
void,3,other
voltage,3,other
humanities narrative,3,other
aesthetics positive,3,other
intellectual disability,3,other
humanities persona,3,other
integrated,3,other
wage labour,3,other
insurgency,3,other
humanities psychoanalysis,3,other
voting politics,3,other
aesthetics pathology,3,other
institutionalisation feminism,3,other
institutional racism,3,other
institutional change,3,other
injustice white,3,other
wave art,3,other
intelligence alternative,3,other
inequality power,3,other
web developmental,3,other
icon femininity,3,other
infant feeding,3,other
inequality work,3,other
inequality subordination,3,other
aesthetics criminology,3,other
aesthetics china,3,other
web mathematical,3,other
web data,3,other
aesthetics business,3,other
inequality perspective,3,other
inequality medicine,3,other
web page,3,other
aesthetics algorithm,3,other
aesthetics advertising,3,other
inequality history,3,other
web development,3,other
aesthetics developmental,3,other
aesthetics humanities,3,other
web aesthetics,3,other
wave political,3,other
injustice political,3,other
injustice oppression,3,other
hybridity political,3,other
aesthetics girl,3,other
wearable computer,3,other
wearable technology,3,other
hygiene,3,other
hypertext,3,other
web algorithm,3,other
aesthetics field,3,other
aesthetics feeling,3,other
aesthetics everyday,3,other
hyperbole,3,other
aesthetics dialectic,3,other
web chemistry,3,other
aesthetics post,3,other
humanities media,3,other
theory space,3,other
ageing sociology,3,other
interculturalism,3,other
intercourse,3,other
interactionism sociology,3,other
virology infectious,3,other
virology mechanical,3,other
virology outbreak,3,other
agency sociology,3,other
ageing older,3,other
agriculture economic,3,other
ageing gender,3,other
virtue feminism,3,other
virtue politics,3,other
interaction design,3,other
interaction data,3,other
age enlightenment,3,other
virtuous,3,other
agriculture ecology,3,other
interface matter,3,other
intelligibility philosophy,3,other
violence qualitative,3,other
internet feminism,3,other
internet epistemology,3,other
internet digital,3,other
violence power,3,other
hormone sociology,3,other
violence psychiatry,3,other
hospitality industry,3,other
agriculture political,3,other
interface sociology,3,other
agriculture geography,3,other
international business,3,other
internal consistency,3,other
violence thematic,3,other
intermediary sociology,3,other
violence transgender,3,other
violent,3,other
virtuous circle,3,other
intelligibility,3,other
aesthetics postmodernism,3,other
visualization data,3,other
intelligence geometry,3,other
intelligence geography,3,other
intelligence genetics,3,other
intelligence gene,3,other
intelligence evolutionary,3,other
aesthetics self,3,other
visualization computer,3,other
aesthetics romance,3,other
vision political,3,other
aesthetics representation,3,other
vitro biochemistry,3,other
aesthetics religious,3,other
aesthetics race,3,other
vocabulary psychology,3,other
humanities humanities,3,other
humanities identity,3,other
intelligence internal,3,other
vision narrative,3,other
intelligentsia,3,other
humanism epistemology,3,other
agatha,3,other
intelligence world,3,other
intelligence visual,3,other
human life,3,other
human physical,3,other
affordance social,3,other
affordance psychology,3,other
intelligence pedagogy,3,other
intelligence literature,3,other
vision art,3,other
humanism narrative,3,other
vision artificial,3,other
vision computer,3,other
humanism politics,3,other
affective,3,other
vision ideology,3,other
web psychoanalysis,3,other
web psychotherapist,3,other
inequality face,3,other
illusion art,3,other
imaginary aesthetics,3,other
access,3,other
images computer,3,other
images art,3,other
ideology empowerment,3,other
workfare,3,other
workforce nursing,3,other
ideology ethnography,3,other
imaginary feminism,3,other
academic community,3,other
ii world,3,other
abuse psychiatry,3,other
ii sociology,3,other
ii politics,3,other
workload,3,other
ii archaeology,3,other
accession,3,other
accidental,3,other
ignorance sociology,3,other
work empowerment,3,other
acknowledgement sociology,3,other
acknowledgement feminism,3,other
immigration social,3,other
immigration psychology,3,other
acculturation,3,other
work context,3,other
immigration multiculturalism,3,other
work epistemology,3,other
work sex,3,other
work labour,3,other
immigration context,3,other
immigration colonialism,3,other
work media,3,other
work pedagogy,3,other
ideology dominance,3,other
accountability public,3,other
world feminist,3,other
ignorance epistemology,3,other
aeronautics psychology,3,other
ideology legitimacy,3,other
youth studies,3,other
ideology public,3,other
ideology psychoanalysis,3,other
youth work,3,other
ideology privilege,3,other
ideology praxis,3,other
ideology populism,3,other
zhàng feminism,3,other
ideology reading,3,other
ideology physics,3,other
ideology oppression,3,other
ideology normative,3,other
ideology mainstream,3,other
19 medicine,3,other
zionism sociology,3,other
ideology medicine,3,other
19 public,3,other
xhosa,3,other
ideology historiography,3,other
worry psychology,3,other
world law,3,other
abroad pedagogy,3,other
ideology individualism,3,other
abroad,3,other
world values,3,other
worlds,3,other
abortion morality,3,other
abortion genetics,3,other
ideology reproduction,3,other
abortion biology,3,other
ideology institution,3,other
ideology kinship,3,other
ability political,3,other
writing psychology,3,other
ideology latin,3,other
ideology resistance,3,other
wonder art,3,other
acoustics anthropology,3,other
acoustics artificial,3,other
individualism psychology,3,other
advertising engineering,3,other
indoctrination,3,other
advertising campaign,3,other
identity feminism,3,other
individualism social,3,other
adversary political,3,other
west germany,3,other
adversarial political,3,other
identity developmental,3,other
adventure art,3,other
adult learning,3,other
adornment,3,other
westernization feminism,3,other
westernization gender,3,other
white paper,3,other
administration management,3,other
advertising internet,3,other
advertising marketing,3,other
impossibility feminism,3,other
industry sociology,3,other
web science,3,other
inequality demographic,3,other
inequality democracy,3,other
aeronautics engineering,3,other
inequality computer,3,other
inequality class,3,other
advertising video,3,other
industrialisation political,3,other
welfare law,3,other
industrial revolution,3,other
weimar,3,other
weimar republic,3,other
induced,3,other
welfare criminology,3,other
indonesian piety,3,other
advertising philosophy,3,other
administration health,3,other
administration engineering,3,other
indigenous traditional,3,other
independent,3,other
action public,3,other
action feminism,3,other
ideology biography,3,other
indexing,3,other
indexicality,3,other
ideology bourgeoisie,3,other
actinopterygii gender,3,other
ideology citizenship,3,other
wife art,3,other
ideology civil,3,other
acquiescence,3,other
acoustics paleontology,3,other
acoustics linguistics,3,other
impulse physics,3,other
impulse,3,other
acoustics finance,3,other
woman feminism,3,other
indigenous art,3,other
activism feminism,3,other
indigenous decolonization,3,other
administration computer,3,other
wife law,3,other
indigenous privilege,3,other
address,3,other
indigenous narrative,3,other
wildlife conservation,3,other
windsor,3,other
adam eve,3,other
indigenous geography,3,other
activities daily,3,other
activities,3,other
activism social,3,other
witch feminism,3,other
activism media,3,other
witness criminology,3,other
violence politics,3,other
horizons,3,other
violence hegemony,3,other
history islam,3,other
annotation,3,other
kinship sociology,3,other
transgender inclusion,3,other
kinship political,3,other
kinship lesbian,3,other
transgender political,3,other
kinship anthropology,3,other
history jewish,3,other
anthropocene feminism,3,other
animal science,3,other
transgression,3,other
anger sociology,3,other
keeping systems,3,other
anatomy politics,3,other
karma,3,other
kaleidoscope,3,other
transgender feminist,3,other
anthropocene politics,3,other
transmission,3,other
transdisciplinarity sociology,3,other
transactional analysis,3,other
labour work,3,other
anthropology ethnography,3,other
labour law,3,other
history historiography,3,other
transculturation,3,other
anthropology democracy,3,other
transfer,3,other
anthropocentrism epistemology,3,other
knowledge social,3,other
history immigration,3,other
knowledge political,3,other
history independence,3,other
anthropology cartography,3,other
anthropology business,3,other
anthropocentrism oppression,3,other
history machine,3,other
history management,3,other
analysis higher,3,other
trojan horse,3,other
analysis meaning,3,other
justice autonomy,3,other
just war,3,other
just society,3,other
history nursing,3,other
trojan,3,other
jurisprudence realm,3,other
jurisprudence political,3,other
justice computer,3,other
analysis islam,3,other
jurisprudence feminist,3,other
analysis international,3,other
analysis institutional,3,other
analysis inequality,3,other
turkish feminism,3,other
turkish politics,3,other
justice citizen,3,other
justice context,3,other
transmission telecommunications,3,other
analysis psychological,3,other
justice scholarship,3,other
justice reproductive,3,other
analysis statistics,3,other
history metaphor,3,other
analysis resistance,3,other
transpersonal,3,other
analysis representation,3,other
transsexual gender,3,other
tribalism,3,other
justice injustice,3,other
analysis poverty,3,other
justice indigenous,3,other
trauma,3,other
treatment,3,other
analysis operating,3,other
history mythology,3,other
anthropology family,3,other
anthropology human,3,other
anthropology humanities,3,other
title,3,other
time gender,3,other
time geography,3,other
time keeping,3,other
historicism new,3,other
law assertion,3,other
historicism queer,3,other
historicism sociology,3,other
title page,3,other
law climate,3,other
tobacco,3,other
aortic aneurysm,3,other
aortic,3,other
topic,3,other
topic model,3,other
torah judaism,3,other
historiography scholarship,3,other
threat,3,other
law colonialism,3,other
anthropology internal,3,other
law diversity,3,other
approach gender,3,other
hibiscus,3,other
theory subordination,3,other
law electrical,3,other
law economy,3,other
law domestic,3,other
theory white,3,other
theory work,3,other
appeal solidarity,3,other
law development,3,other
apprenticeship,3,other
theosophy feminism,3,other
therapy archaeology,3,other
hinduism gender,3,other
hinduism patriarchy,3,other
appearance,3,other
tort law,3,other
history advertising,3,other
antiquity,3,other
trafficking gender,3,other
language internal,3,other
history consciousness,3,other
anthropology poetry,3,other
history context,3,other
language engineering,3,other
language education,3,other
anthropology pathology,3,other
language developmental,3,other
townsend,3,other
trafficking human,3,other
language database,3,other
anthropology parallels,3,other
language business,3,other
trafficking social,3,other
history empire,3,other
anthropology mathematical,3,other
language interpretation,3,other
language library,3,other
anthropology pregnancy,3,other
history civilization,3,other
history american,3,other
tracing gender,3,other
language psychiatry,3,other
language proficiency,3,other
anthropology religion,3,other
history astronomy,3,other
anthropology pure,3,other
history black,3,other
history book,3,other
language pedagogy,3,other
language pathology,3,other
language optics,3,other
anthropology public,3,other
history china,3,other
language metaphysics,3,other
judaism scholarship,3,other
turning,3,other
internet psychology,3,other
intervention economic,3,other
interview qualitative,3,other
alibi,3,other
valence,3,other
hollywood feminism,3,other
valence chemistry,3,other
hollywood movie,3,other
intervention intervention,3,other
valley,3,other
utterance performativity,3,other
intervention context,3,other
intervention clinical,3,other
valuation,3,other
holocaust sociology,3,other
intersubjectivity sociology,3,other
algorithm sociology,3,other
algorithm pure,3,other
holism,3,other
allegiance politics,3,other
values survey,3,other
amateur feminism,3,other
amazon rainforest,3,other
hiv research,3,other
invocation,3,other
amazon,3,other
usability,3,other
invisibility resistance,3,other
invisibility political,3,other
user,3,other
utterance feminism,3,other
invisibility feminism,3,other
utopia art,3,other
hoax,3,other
alliance gender,3,other
hobby,3,other
intrapersonal communication,3,other
intrapersonal,3,other
algorithm psychology,3,other
vampire feminism,3,other
judaism politics,3,other
violence developmental,3,other
victory gender,3,other
algorithm anthropology,3,other
algorithm aesthetics,3,other
intersectionality class,3,other
ain,3,other
vietnamese gender,3,other
homosexuality sociology,3,other
interpersonal violence,3,other
vicious circle,3,other
violence domestic,3,other
honor art,3,other
honor feminism,3,other
violence economic,3,other
honor gender,3,other
honor history,3,other
agroecology,3,other
algorithm demography,3,other
vicious,3,other
algorithm pedagogy,3,other
homophily,3,other
homeland politics,3,other
intersectionality racism,3,other
homicide,3,other
variance,3,other
variance accounting,3,other
algorithm mechanical,3,other
intersectionality perspective,3,other
algorithm history,3,other
intersectionality framing,3,other
algorithm gene,3,other
venture,3,other
venture capital,3,other
intersectionality mainstream,3,other
algorithm gender,3,other
intersectionality invisibility,3,other
intersectionality human,3,other
hiv political,3,other
ambiguity feminism,3,other
upper,3,other
analysis discourse,3,other
journalism democracy,3,other
journalism critical,3,other
journalism art,3,other
typography computer,3,other
analysis diversity,3,other
joint building,3,other
joint,3,other
job satisfaction,3,other
types,3,other
typography literature,3,other
history queer,3,other
typography political,3,other
history race,3,other
analysis curriculum,3,other
jealousy psychology,3,other
history relation,3,other
types socialism,3,other
type process,3,other
upload,3,other
analysis foreign,3,other
turning point,3,other
judaism philosophy,3,other
turns,3,other
turns rounds,3,other
judaism art,3,other
analysis health,3,other
twilight gender,3,other
journalism representation,3,other
type philosophy,3,other
type aesthetics,3,other
journalism politics,3,other
history power,3,other
type computer,3,other
type diabetes,3,other
type epistemology,3,other
type pedagogy,3,other
jazz art,3,other
ukrainian feminism,3,other
history science,3,other
islam adversarial,3,other
hiv anthropology,3,other
universalism epistemology,3,other
amendment sociology,3,other
islam colonialism,3,other
islam civilization,3,other
ambivalence subjectivity,3,other
islam agency,3,other
ambivalence power,3,other
undoing gender,3,other
ambivalence political,3,other
irony sociology,3,other
unpacking feminism,3,other
ambivalence femininity,3,other
ambivalence aesthetics,3,other
hiv linguistics,3,other
hiv mechanical,3,other
history work,3,other
history wife,3,other
islam ideology,3,other
islam islamic,3,other
undoing politics,3,other
history suicide,3,other
undoing sociology,3,other
history telecommunications,3,other
islam social,3,other
amnesia,3,other
americans narrative,3,other
americans identity,3,other
americans human,3,other
union politics,3,other
americans history,3,other
unit sociology,3,other
americans art,3,other
islam meaning,3,other
american race,3,other
biology public,3,other
studies morality,3,other
class psychology,3,other
finance anthropology,3,other
sociology craft,3,other
sociology criminal,3,other
newspaper political,3,other
communication anthropology,3,other
newspaper media,3,other
sociology current,3,other
newspaper history,3,other
newspaper framing,3,other
filial,3,other
filial piety,3,other
common law,3,other
film art,3,other
commodity political,3,other
sociology dehumanization,3,other
film sociology,3,other
new institutionalism,3,other
new horizons,3,other
filmography,3,other
commissioning gender,3,other
sociology courage,3,other
nigerians,3,other
communication database,3,other
fiction theory,3,other
communication internal,3,other
normative argument,3,other
normative aesthetics,3,other
communication history,3,other
communication gene,3,other
sociology constructivism,3,other
normal,3,other
fiction sociology,3,other
fidelity,3,other
communication ecology,3,other
sociology consumer,3,other
communication epistemology,3,other
communication environmental,3,other
sociology contest,3,other
sociology convergence,3,other
communication economics,3,other
field research,3,other
fieldnotes,3,other
fin art,3,other
neuroscience visual,3,other
negotiation white,3,other
commissioning feminism,3,other
sociology eating,3,other
comedy literature,3,other
comedy gender,3,other
comedy feminism,3,other
finance machine,3,other
sociology egalitarianism,3,other
combatant,3,other
columbia university,3,other
columbia,3,other
network linguistics,3,other
sociology empire,3,other
colored,3,other
color white,3,other
finance media,3,other
sociology entitlement,3,other
neocolonialism,3,other
color art,3,other
sociology ethical,3,other
finance pedagogy,3,other
finance genetics,3,other
neuroscience biochemistry,3,other
finance gene,3,other
commercial,3,other
neuroscience sociology,3,other
neuroscience social,3,other
commission political,3,other
neuroscience psychology,3,other
neuroscience psychoanalysis,3,other
sociology diaspora,3,other
finance character,3,other
finance chemistry,3,other
coming,3,other
neuroscience cognitive,3,other
sociology disadvantage,3,other
finance communication,3,other
finance database,3,other
finance demography,3,other
comics comedy,3,other
sociology dismissal,3,other
sociology documentation,3,other
sociology dual,3,other
communication knowledge,3,other
sociology complicity,3,other
sociology comparative,3,other
sociology community,3,other
compatibility geochemistry,3,other
objectivism feminism,3,other
feminism universalism,3,other
compatibility,3,other
comparative research,3,other
objectification psychology,3,other
sociological research,3,other
community work,3,other
community sociology,3,other
community public,3,other
object relations,3,other
feminism vernacular,3,other
sociology adventure,3,other
obesity medicine,3,other
community health,3,other
community gender,3,other
feminism visibility,3,other
community economic,3,other
nursing population,3,other
feminism unconscious,3,other
obligation epistemology,3,other
socioeconomics social,3,other
comprehension approach,3,other
oceanography sociology,3,other
society economic,3,other
computing agency,3,other
society government,3,other
occupational segregation,3,other
computer supported,3,other
society social,3,other
feminism tribute,3,other
obstetrics political,3,other
socioeconomics medicine,3,other
component,3,other
complicity feminism,3,other
feminism turn,3,other
complex feminism,3,other
socioeconomics economic,3,other
socioeconomics gender,3,other
observation qualitative,3,other
observation feminism,3,other
community cohesion,3,other
feminism westernization,3,other
nursing medline,3,other
communication public,3,other
norwegian politics,3,other
communication theory,3,other
fertility political,3,other
sociology chinese,3,other
sociology christianity,3,other
communication theology,3,other
normative scholarship,3,other
normative reflexivity,3,other
normative perspective,3,other
notice feminism,3,other
normative pedagogy,3,other
sociology civilization,3,other
communication programming,3,other
communication pedagogy,3,other
sociology commons,3,other
normative framing,3,other
communication library,3,other
fi,3,other
sociology child,3,other
notice sociology,3,other
communitarianism feminism,3,other
communism socialism,3,other
communist state,3,other
sociology articulation,3,other
nursing management,3,other
nursing literature,3,other
communist,3,other
nursing history,3,other
nursing family,3,other
nursing care,3,other
sociology battle,3,other
sociology centrality,3,other
sociology beauty,3,other
communism quantum,3,other
communism ideology,3,other
communism historiography,3,other
communism context,3,other
sociology brother,3,other
fertility family,3,other
sociology caste,3,other
sociology ethics,3,other
negotiation public,3,other
foucault sociology,3,other
class politics,3,other
foregrounding agency,3,other
narrative environmental,3,other
cleopatra,3,other
cleavage geology,3,other
narrative diversity,3,other
narrative critical,3,other
cleavage,3,other
narrative construct,3,other
classics theology,3,other
narrative collective,3,other
narrative cognitive,3,other
classics politics,3,other
narrative china,3,other
sociology memoir,3,other
classics literature,3,other
classics law,3,other
sociology military,3,other
classics ancient,3,other
gnosticism,3,other
narrative foregrounding,3,other
sociology market,3,other
sociology managerialism,3,other
sociology literacy,3,other
narrative opposition,3,other
sociology league,3,other
narrative negotiation,3,other
cluster analysis,3,other
sociology liberal,3,other
club gender,3,other
club feminism,3,other
sociology life,3,other
closure psychology,3,other
narrative hegemony,3,other
narrative latin,3,other
sociology lived,3,other
closure,3,other
football feminism,3,other
football sociology,3,other
narrative humanities,3,other
closet lesbian,3,other
force feminism,3,other
foreign exchange,3,other
class middle,3,other
negotiation pedagogy,3,other
mythology state,3,other
formalism music,3,other
formality,3,other
citizenship corporate,3,other
mutation literature,3,other
sociology orientation,3,other
sociology paleontology,3,other
mutation identity,3,other
sociology participant,3,other
citation world,3,other
mutation epistemology,3,other
sociology passion,3,other
mutation economic,3,other
mutation criticism,3,other
citation section,3,other
citation psychology,3,other
mutation class,3,other
foucault epistemology,3,other
foucault gender,3,other
foucault philosophy,3,other
mutation popular,3,other
mutation power,3,other
formal context,3,other
forgiveness,3,other
forest,3,other
sociology mythology,3,other
mythology philosophy,3,other
mythology narrative,3,other
forest management,3,other
mythology ideology,3,other
civil discourse,3,other
citizenship law,3,other
citizenship human,3,other
sociology online,3,other
formal aesthetics,3,other
citizenship faith,3,other
mutual,3,other
sociology objectivity,3,other
mutation white,3,other
mutation state,3,other
sociology obligation,3,other
mutation resistance,3,other
clustering,3,other
coalition,3,other
narrative pedagogy,3,other
narrative performativity,3,other
sociology friendship,3,other
colonialism identity,3,other
colonialism human,3,other
colonialism ethnic,3,other
fishery fish,3,other
native american,3,other
quiet,3,other
colonialism emancipation,3,other
sociology geopolitics,3,other
colonialism consciousness,3,other
college athletics,3,other
nationalism scholarship,3,other
sociology globe,3,other
sociology green,3,other
sociology grounded,3,other
sociology habitus,3,other
sociology happiness,3,other
nationalism modernization,3,other
collective responsibility,3,other
fiqh political,3,other
sociology frame,3,other
fiqh islam,3,other
colonialism race,3,other
sociology european,3,other
colonialism sovereignty,3,other
sociology evolutionary,3,other
finance pure,3,other
sociology excellence,3,other
negotiation diversity,3,other
colonialism resistance,3,other
finance visual,3,other
neglect gender,3,other
nature science,3,other
colonialism patriarchy,3,other
colonialism newspaper,3,other
sociology film,3,other
need know,3,other
colonialism islam,3,other
sociology football,3,other
sociology forced,3,other
financialization,3,other
nationalism literature,3,other
nationalism irish,3,other
nationalism identity,3,other
cognition context,3,other
narrative sexual,3,other
cognition linguistics,3,other
sociology institutionalisation,3,other
cognition law,3,other
cognition ethnography,3,other
cognition dance,3,other
narrative racism,3,other
sociology interrogation,3,other
cognition computer,3,other
cognition materiality,3,other
narrative psychoanalysis,3,other
cognition cognitive,3,other
cognition affect,3,other
sociology islamophobia,3,other
sociology journalism,3,other
narrative poetry,3,other
folklore sociology,3,other
coalition government,3,other
narrative situated,3,other
narrative space,3,other
nationalism ethnic,3,other
cognitive neuroscience,3,other
nationalism context,3,other
collar,3,other
nationalism china,3,other
flora,3,other
flora microbiology,3,other
national election,3,other
cohabitation,3,other
narratology aesthetics,3,other
sociology humanity,3,other
narrative state,3,other
sociology hybridity,3,other
cognition situated,3,other
cognition qualitative,3,other
cognition psychiatry,3,other
cognition politics,3,other
sociology independence,3,other
cognition political,3,other
fluency,3,other
society democracy,3,other
office workers,3,other
socialization psychology,3,other
partnership gender,3,other
control epistemology,3,other
pathology ecology,3,other
control engineering,3,other
control domestic,3,other
pathology artificial,3,other
control developmental,3,other
control art,3,other
feminism originality,3,other
path analysis,3,other
contrast vision,3,other
paternalism feminism,3,other
paternalism autonomy,3,other
sexuality colonialism,3,other
patch,3,other
contrast,3,other
sexuality conversation,3,other
pastoral,3,other
passion gender,3,other
sexuality fantasy,3,other
pathology finance,3,other
sexual relationship,3,other
feminism offensive,3,other
conversation history,3,other
patriarchy context,3,other
patriarchy black,3,other
sex therapy,3,other
patriarchy agency,3,other
patriarchy aesthetics,3,other
conversation media,3,other
patient satisfaction,3,other
conversation intersectionality,3,other
conversation environmental,3,other
control occupational,3,other
convention political,3,other
pathology quantum,3,other
pathology pure,3,other
controlled trial,3,other
controlled,3,other
pathology outbreak,3,other
sexual intercourse,3,other
sexual life,3,other
partnership political,3,other
feminism parliament,3,other
feminism trace,3,other
contradiction aesthetics,3,other
consumerism feminism,3,other
feminism populism,3,other
feminism portuguese,3,other
pandemic political,3,other
sexuality reproductive,3,other
pandemic gender,3,other
sexuality scholarship,3,other
consumerism china,3,other
pandemic 2019,3,other
consumer science,3,other
palimpsest,3,other
palestine sociology,3,other
palestine politics,3,other
palestine feminism,3,other
feminism presentation,3,other
sexuality subversion,3,other
paleontology psychoanalysis,3,other
feminism prime,3,other
feminism print,3,other
sexuality public,3,other
consumption psychology,3,other
feminism point,3,other
contest scholarship,3,other
contract sustainability,3,other
contract political,3,other
feminism path,3,other
participatory gis,3,other
sexuality homosexuality,3,other
contingency sociology,3,other
sexuality instinct,3,other
participatory culture,3,other
contest politics,3,other
parallax,3,other
sexuality mainstream,3,other
sexuality masculinity,3,other
feminism pessimism,3,other
sexuality mythology,3,other
contents,3,other
sexuality oppression,3,other
sexuality physics,3,other
feminism physics,3,other
conversation social,3,other
sex gender,3,other
cooperative work,3,other
coral,3,other
criminology internet,3,other
feminism late,3,other
feminism laughter,3,other
feminism legal,3,other
pedagogy perspective,3,other
pedagogy pathology,3,other
criminology context,3,other
pedagogy mechanical,3,other
pedagogy mathematical,3,other
criminal court,3,other
seeker,3,other
pedagogy library,3,other
selection sociology,3,other
pedagogy identity,3,other
credibility perception,3,other
creatures feminism,3,other
pedagogy geography,3,other
self feminism,3,other
pedagogy field,3,other
criminology linguistics,3,other
security pedagogy,3,other
security paleontology,3,other
peer pressure,3,other
feminism irish,3,other
people psychology,3,other
criminology punishment,3,other
feminism irony,3,other
security demography,3,other
criminology psychological,3,other
security engineering,3,other
peer production,3,other
pediatrics social,3,other
pedagogy special,3,other
security feminism,3,other
criminology power,3,other
security geography,3,other
criminology medical,3,other
feminism kinship,3,other
security literature,3,other
pedagogy structural,3,other
security medicine,3,other
self representation,3,other
pedagogy ethnography,3,other
self social,3,other
counterintuitive,3,other
covenant,3,other
cov psychology,3,other
seriousness domestic,3,other
court feminism,3,other
country population,3,other
feminism national,3,other
service delivery,3,other
service provider,3,other
patriarchy law,3,other
patriarchy social,3,other
counseling political,3,other
patriarchy hegemony,3,other
patriarchy girl,3,other
feminism new,3,other
cosmetics,3,other
corpus linguistics,3,other
patriarchy femininity,3,other
patriarchy feeling,3,other
sequence biology,3,other
feminism moment,3,other
semantic,3,other
pedagogy acoustics,3,other
pedagogy early,3,other
feminism mass,3,other
pedagogy cognitive,3,other
pedagogy biochemistry,3,other
feminism mental,3,other
creativity art,3,other
semiotics culture,3,other
pedagogy action,3,other
semiotics social,3,other
craft feminism,3,other
peasant feminism,3,other
pearl,3,other
seniority,3,other
feminism miller,3,other
peace education,3,other
sensibility feminism,3,other
sensibility gender,3,other
patriotism sociology,3,other
constructivist teaching,3,other
sexuality variety,3,other
paleontology mathematics,3,other
conflict theories,3,other
oppression capitalism,3,other
concept law,3,other
concept feminist,3,other
oppression aesthetics,3,other
concept epistemology,3,other
concept art,3,other
concept aesthetics,3,other
opposition gender,3,other
opposition epistemology,3,other
opportunity structures,3,other
opportunity political,3,other
computing solidarity,3,other
computing qualitative,3,other
social pedagogy,3,other
computing pedagogy,3,other
computing oppression,3,other
social protection,3,other
operating world,3,other
social reality,3,other
concept pedagogy,3,other
social gospel,3,other
feminism soul,3,other
conceptual history,3,other
feminism sign,3,other
snow art,3,other
conflict sociology,3,other
sobriety,3,other
confidence interval,3,other
oppression militarism,3,other
conceptualization feminism,3,other
conceptualization epistemology,3,other
concept set,3,other
concept philosophy,3,other
oppression interpretation,3,other
oppression injustice,3,other
concept public,3,other
oppression framing,3,other
social dynamics,3,other
social engagement,3,other
oppression ecofeminism,3,other
social entrepreneurship,3,other
operating psychotherapist,3,other
computing normative,3,other
feminism storytelling,3,other
computing conversation,3,other
socialism china,3,other
computing database,3,other
ontology social,3,other
ontology politics,3,other
ontology philosophy,3,other
ontology gender,3,other
computing critical,3,other
online discussion,3,other
computing climate,3,other
social worlds,3,other
omnipotence,3,other
feminism textile,3,other
feminism textuality,3,other
old testament,3,other
old french,3,other
socialization feminism,3,other
socialization gender,3,other
socialization political,3,other
computing empowerment,3,other
computing feminist,3,other
feminism structuralism,3,other
computing identity,3,other
operating pedagogy,3,other
computing medical,3,other
operating optics,3,other
computing law,3,other
operating mathematical,3,other
feminism subculture,3,other
computing internet,3,other
operating epistemology,3,other
operating ecology,3,other
computing field,3,other
operating communication,3,other
social studies,3,other
operating business,3,other
computing human,3,other
operating anthropology,3,other
computing history,3,other
feminism symbolic,3,other
computing global,3,other
oppression reproduction,3,other
small,3,other
constructivist grounded,3,other
slogan feminism,3,other
construction normative,3,other
sharing economy,3,other
shift sociology,3,other
construct validity,3,other
shrew sociology,3,other
outbreak pathology,3,other
orthodoxy sociology,3,other
orthodoxy political,3,other
orthodoxy judaism,3,other
constitution subject,3,other
originality value,3,other
constitution politics,3,other
sign language,3,other
original,3,other
orientation transgender,3,other
orientation sexual,3,other
feminism relativism,3,other
orientation oppression,3,other
orientation lesbian,3,other
sharia politics,3,other
overpopulation,3,other
construction phenomenon,3,other
paleontology archaeology,3,other
feminism private,3,other
feminism product,3,other
sexualization gender,3,other
paleontology engineering,3,other
paleontology economics,3,other
sexualization human,3,other
paleontology database,3,other
constructivism epistemology,3,other
paleontology acoustics,3,other
sharia gender,3,other
feminism proposition,3,other
painting sociology,3,other
shame gender,3,other
shame politics,3,other
constructive politics,3,other
shame sociology,3,other
constructionism feminism,3,other
feminism publication,3,other
orientation human,3,other
feminism religiosity,3,other
significance,3,other
situated power,3,other
optoelectronics,3,other
opting,3,other
optimization world,3,other
consciousness critical,3,other
situated feminist,3,other
optics social,3,other
optics quantum,3,other
situated narrative,3,other
optics mathematics,3,other
sister gender,3,other
confusion social,3,other
feminism servant,3,other
optics feminist,3,other
optics feminism,3,other
sky,3,other
slang,3,other
conformity social,3,other
feminism session,3,other
feminism salient,3,other
sister art,3,other
conservatism social,3,other
organizational structure,3,other
silence human,3,other
orientalism gender,3,other
silence politics,3,other
silence power,3,other
silence psychology,3,other
silence representation,3,other
feminism revelation,3,other
silence social,3,other
organizational learning,3,other
feminism sage,3,other
organizational communication,3,other
organization sociology,3,other
conservatism gender,3,other
simulacrum,3,other
sine,3,other
consciousness public,3,other
consciousness psychology,3,other
consciousness history,3,other
citation popular,3,other
sociology generative,3,other
muslim community,3,other
sphere private,3,other
militant gender,3,other
care computer,3,other
mechanics world,3,other
blind,3,other
cardiology,3,other
blind spot,3,other
genetics history,3,other
care epistemology,3,other
carbon,3,other
middlebrow,3,other
media art,3,other
spheres art,3,other
genetics ideology,3,other
microeconomics philosophy,3,other
militant human,3,other
militarism gender,3,other
mind epistemology,3,other
genetics ecology,3,other
mechanics statistics,3,other
genetics bacteria,3,other
miller sociology,3,other
miller politics,3,other
spectrum,3,other
care feminist,3,other
speech recognition,3,other
sphere art,3,other
spell,3,other
gerontology internal,3,other
spelling,3,other
care feminism,3,other
sphere aesthetics,3,other
militarism sociology,3,other
capitalism socialism,3,other
microeconomics mechanical,3,other
musicology sociology,3,other
methodology anthropology,3,other
capitalism colonialism,3,other
studies child,3,other
capital psychology,3,other
capital politics,3,other
methodology computer,3,other
methodology biology,3,other
methodological individualism,3,other
microeconomics computer,3,other
methodological,3,other
capital identity,3,other
methodism,3,other
capital computer,3,other
standards,3,other
cape,3,other
capitalism communism,3,other
gerontology developmental,3,other
squire,3,other
capitalism epistemology,3,other
media context,3,other
capitalism ideology,3,other
methodology politics,3,other
studies christian,3,other
genetics population,3,other
methods sociology,3,other
sport sociology,3,other
genetics paleontology,3,other
sport political,3,other
sport feminism,3,other
capitalism patriarchy,3,other
studies citation,3,other
genetics mathematics,3,other
mind body,3,other
spectacle sociology,3,other
studies conceptualization,3,other
studies commission,3,other
gene statistics,3,other
ceiling public,3,other
ceiling context,3,other
soul feminism,3,other
soul sociology,3,other
causation,3,other
mode production,3,other
celebrity culture,3,other
black letter,3,other
genealogy archaeology,3,other
southeast,3,other
girl character,3,other
southeast asia,3,other
gestational,3,other
celebrity,3,other
celibacy,3,other
specialty social,3,other
girl history,3,other
studies community,3,other
modernity individualism,3,other
solidarity nationalism,3,other
modernity identity,3,other
girl identity,3,other
censorship feminism,3,other
cement,3,other
modernity aesthetics,3,other
solidarity power,3,other
solidarity praxis,3,other
modernity colonialism,3,other
black box,3,other
solidarity queer,3,other
modernity china,3,other
sovereignty environmental,3,other
gestation,3,other
sovereignty food,3,other
studies climate,3,other
career counseling,3,other
specialty coronavirus,3,other
mineral feminist,3,other
gerontology psychiatry,3,other
genetics abortion,3,other
care unit,3,other
mineral epistemology,3,other
sovereignty gender,3,other
mineral curriculum,3,other
mechanics quantum,3,other
specialty engineering,3,other
specialty law,3,other
specialty outbreak,3,other
care perception,3,other
mineral intersectionality,3,other
mineral pedagogy,3,other
spatial planning,3,other
mineral value,3,other
spatial,3,other
mineralogy,3,other
cartesianism,3,other
cartography mechanical,3,other
space media,3,other
cartography political,3,other
space aesthetics,3,other
cartography quantum,3,other
black theology,3,other
caste politics,3,other
sovereignty sovereignty,3,other
caste sociology,3,other
sovereignty law,3,other
meteorology geography,3,other
media everyday,3,other
canon art,3,other
medicine men,3,other
stratigraphy gender,3,other
stratigraphy history,3,other
stream,3,other
building politics,3,other
building identity,3,other
botany identity,3,other
geology engineering,3,other
medical diagnosis,3,other
building epistemology,3,other
building criticism,3,other
medicine management,3,other
botany linguistics,3,other
building art,3,other
building aesthetics,3,other
built,3,other
german emancipation,3,other
studies champion,3,other
geography livelihood,3,other
burlesque art,3,other
german history,3,other
bureaucracy state,3,other
stigma medicine,3,other
medicine statistics,3,other
studies association,3,other
geography management,3,other
built environment,3,other
geography natural,3,other
geography operating,3,other
bureaucracy sociology,3,other
geography public,3,other
storm,3,other
mediation sociology,3,other
geology political,3,other
buddhism gender,3,other
geology social,3,other
geospatial analysis,3,other
studies african,3,other
medicine classics,3,other
medicine cartography,3,other
studies alliance,3,other
geometry politics,3,other
geometry social,3,other
geospatial,3,other
buddhism feminism,3,other
studies american,3,other
geometry theology,3,other
studies arabic,3,other
geopolitics feminism,3,other
medicine abortion,3,other
medicalization sociology,3,other
medical literature,3,other
bourgeoisie political,3,other
brand,3,other
students sociology,3,other
geometry gender,3,other
medicine endocrinology,3,other
structures,3,other
medicine feminism,3,other
medicine genetics,3,other
medicine geometry,3,other
medical law,3,other
britishness,3,other
botany mathematics,3,other
brother ideology,3,other
bubble pressure,3,other
buddhism doctrine,3,other
geology soil,3,other
burnout,3,other
german idealism,3,other
business aesthetics,3,other
butterfly art,3,other
metaphor ideology,3,other
geochemistry,3,other
states sociology,3,other
statistical,3,other
media perception,3,other
butterfly feminism,3,other
statistics business,3,other
body weight,3,other
statistics chemistry,3,other
body problem,3,other
metalworking gender,3,other
business sustainability,3,other
geographic,3,other
geographic information,3,other
studies boredom,3,other
studies bourgeoisie,3,other
metaphor linguistics,3,other
caesarean section,3,other
media narrative,3,other
cancer gender,3,other
body hair,3,other
cancer medicine,3,other
genre,3,other
metaphysics gender,3,other
metaphysics interpretation,3,other
state politics,3,other
cancer sociology,3,other
state ideology,3,other
state context,3,other
meteorology biochemistry,3,other
candidacy,3,other
meritocracy political,3,other
business operating,3,other
sterilization economics,3,other
business chemistry,3,other
geography forestry,3,other
membrane,3,other
business food,3,other
business financial,3,other
business economy,3,other
book,3,other
stem,3,other
geography criminology,3,other
medline psychology,3,other
medline political,3,other
stem cell,3,other
stereotype threat,3,other
sterilization,3,other
media transgender,3,other
business government,3,other
status sociology,3,other
geography fishery,3,other
business international,3,other
german narrative,3,other
geography feminist,3,other
memory gender,3,other
memphis,3,other
statistics visual,3,other
men syphilis,3,other
menarche,3,other
statistics social,3,other
geography development,3,other
statistics psychology,3,other
menstruation feminism,3,other
studies biochemistry,3,other
media representation,3,other
solidarity intersectionality,3,other
modernism sociology,3,other
sociology sensibility,3,other
studies dialogical,3,other
chess public,3,other
music biography,3,other
chess psychology,3,other
globalization epistemology,3,other
sociology salient,3,other
sociology scale,3,other
chess gender,3,other
sociology resource,3,other
biology variety,3,other
globalization agency,3,other
music argument,3,other
game culture,3,other
game developer,3,other
sociology scripting,3,other
music citizen,3,other
child pornography,3,other
municipal law,3,other
sociology realm,3,other
sociology realisation,3,other
fundamentalism political,3,other
studies disability,3,other
music ethnic,3,other
music essentialism,3,other
fundamentalism politics,3,other
music elite,3,other
music consciousness,3,other
music economic,3,other
mathematics scholarship,3,other
china biology,3,other
music democracy,3,other
childbirth narrative,3,other
music craft,3,other
mathematics waste,3,other
game game,3,other
sociology strict,3,other
sociology sovereignty,3,other
chemistry mathematical,3,other
sociology socialization,3,other
multiculturalism immigration,3,other
biomedical technology,3,other
studies dance,3,other
chemistry gender,3,other
chemistry finance,3,other
chemistry optics,3,other
chemistry epistemology,3,other
multiculturalism ethnic,3,other
biopower gender,3,other
sociology statement,3,other
multiculturalism diversity,3,other
sociology status,3,other
maximum bubble,3,other
gap demographic,3,other
game mechanics,3,other
biomedical,3,other
mathematics wife,3,other
mathematics women,3,other
studies democratization,3,other
chemistry statistics,3,other
multiple,3,other
multinomial logistic,3,other
multinomial,3,other
sociology semiotics,3,other
globalism feminism,3,other
matter gender,3,other
maximum,3,other
sociology self,3,other
multimedia social,3,other
multimedia psychology,3,other
music festival,3,other
sociology raising,3,other
music globalization,3,other
chronic,3,other
circle vicious,3,other
mathematics popular,3,other
framework social,3,other
chronotope,3,other
music relation,3,other
mathematics population,3,other
sociology populism,3,other
framework epistemology,3,other
chromatography linguistics,3,other
freedom expression,3,other
mathematics position,3,other
studies early,3,other
mathematics postmodernism,3,other
christology,3,other
music situated,3,other
framework engineering,3,other
china mainland,3,other
citation history,3,other
citation politics,3,other
fourth,3,other
studies economy,3,other
citation political,3,other
musical music,3,other
biology set,3,other
musical art,3,other
studies ecofeminism,3,other
biology sexual,3,other
sociology plural,3,other
fracture,3,other
fracture geology,3,other
sociology poetics,3,other
music spirituality,3,other
sociology post,3,other
sociology posthuman,3,other
music popular,3,other
studies disadvantage,3,other
studies disadvantaged,3,other
music music,3,other
chose,3,other
chinatown,3,other
music masculinity,3,other
china state,3,other
china socialism,3,other
french sociology,3,other
china psychology,3,other
china perspective,3,other
music intersectionality,3,other
music interpretation,3,other
china nationalism,3,other
china narrative,3,other
biology theology,3,other
frith,3,other
mathematics qualitative,3,other
music national,3,other
sociology prison,3,other
studies division,3,other
sociology precarity,3,other
christian faith,3,other
sociology pragmatism,3,other
christian right,3,other
music performativity,3,other
biology state,3,other
biology space,3,other
studies dynamics,3,other
friendship gender,3,other
globe politics,3,other
christian tradition,3,other
sociology stereotype,3,other
geopolitics politics,3,other
sociology structural,3,other
module art,3,other
gatekeeping,3,other
movement collective,3,other
sociology unconscious,3,other
gene internal,3,other
girl psychology,3,other
monitoring,3,other
change engineering,3,other
gene literature,3,other
gender social,3,other
sociology typology,3,other
soft,3,other
change climate,3,other
biopsychosocial,3,other
gene genetics,3,other
movement democracy,3,other
girl narrative,3,other
sociology transparency,3,other
movement economic,3,other
studies conservatism,3,other
movement globalization,3,other
movement government,3,other
sociology transactional,3,other
gene medicine,3,other
movement ideology,3,other
sociology tourism,3,other
studies craft,3,other
monster sociology,3,other
movement action,3,other
movement latin,3,other
morality social,3,other
biotechnology,3,other
moral obligation,3,other
change philosophy,3,other
biostatistics public,3,other
moral disengagement,3,other
channel,3,other
studies constructive,3,other
biosocial theory,3,other
chaos,3,other
morality epistemology,3,other
chapel feminism,3,other
morality psychology,3,other
girl philosophy,3,other
sociology utopia,3,other
sociology visibility,3,other
sociology virology,3,other
biosocial,3,other
sociology viewpoints,3,other
girl politics,3,other
sociology video,3,other
gene algorithm,3,other
girl postmodernism,3,other
mechanics database,3,other
biopsychosocial model,3,other
moral development,3,other
charge,3,other
movement intersectionality,3,other
movement humanities,3,other
cheating,3,other
modernity social,3,other
gene optics,3,other
biopower politics,3,other
gaze feminism,3,other
sociology teleology,3,other
movement popular,3,other
sociology telecommunications,3,other
mechanical device,3,other
gaza strip,3,other
birth weight,3,other
sociology sustainable,3,other
girl media,3,other
gaza,3,other
solidarity epistemology,3,other
movement race,3,other
modernity nationalism,3,other
sociology suffrage,3,other
movement scholarship,3,other
centennial,3,other
movement state,3,other
censorship sociology,3,other
gis,3,other
movement subjectivity,3,other
chemistry algorithm,3,other
solidarity empowerment,3,other
modernity philosophy,3,other
sociology wonder,3,other
solidarity alliance,3,other
gaze male,3,other
movement narrative,3,other
sociology theatre,3,other
girl social,3,other
century history,3,other
central asia,3,other
centrality gender,3,other
movement patriarchy,3,other
sociology thematic,3,other
movement lesbian,3,other
resilience sociology,2,other
research legal,2,other
research mathematics,2,other
rhetoric economic,2,other
research visual,2,other
racism medicine,2,other
racism health,2,other
rhetoric appropriation,2,other
research study,2,other
research management,2,other
resilience political,2,other
retrieval artificial,2,other
resilience psychology,2,other
rhetoric epistemology,2,other
retrieval economics,2,other
right education,2,other
rhetoric deconstruction,2,other
retrieval law,2,other
research transparency,2,other
quo democracy,2,other
quo china,2,other
radicalization ideology,2,other
restructuring globalization,2,other
research triangulation,2,other
radicalization political,2,other
right feminism,2,other
rhetoric criticism,2,other
radio program,2,other
rift,2,other
racism mainstream,2,other
quine,2,other
rhetoric art,2,other
research transformative,2,other
rican,2,other
racism cultural,2,other
research online,2,other
revelation philosophy,2,other
revenue,2,other
racial formation,2,other
rhetoric literature,2,other
racism queer,2,other
research positivism,2,other
research postpartum,2,other
resources gender,2,other
radicalism criticism,2,other
racial hierarchy,2,other
response bias,2,other
resources geography,2,other
resources human,2,other
racism hegemony,2,other
review psychology,2,other
racialization queer,2,other
rhetoric persuasion,2,other
research power,2,other
review sociology,2,other
rhetoric mainstream,2,other
resources social,2,other
rhetoric neoliberalism,2,other
racism subject,2,other
racism civil,2,other
rhetoric metaphor,2,other
rhetoric nationalism,2,other
disease philosophy,2,other
revolution climate,2,other
racism relation,2,other
racism scholarship,2,other
resources environmental,2,other
disease physical,2,other
radicalization gender,2,other
research representation,2,other
research order,2,other
racism democracy,2,other
racism pedagogy,2,other
rest music,2,other
racism phenomenon,2,other
retrieval linguistics,2,other
quo transformative,2,other
radicalization feminism,2,other
research socioeconomics,2,other
research perspective,2,other
rhetoric inequality,2,other
research phenomenon,2,other
research set,2,other
rest,2,other
research philosophy,2,other
rhetoric white,2,other
radicalism power,2,other
responsibility sociology,2,other
responsibility social,2,other
responsibility psychology,2,other
resource environmental,2,other
retrieval search,2,other
research scope,2,other
radicalism lesbian,2,other
radicalism history,2,other
responsibility politics,2,other
retrieval world,2,other
research position,2,other
rhetoric reactionary,2,other
rewriting narrative,2,other
renaissance perspective,2,other
radiology biology,2,other
relations ethnography,2,other
anorexia psychology,2,other
relations linguistics,2,other
recommender,2,other
relations isolation,2,other
relations intersectionality,2,other
recreation perspective,2,other
recreation social,2,other
relations information,2,other
recreation sociology,2,other
recreational,2,other
redress context,2,other
relations homosexuality,2,other
colonialism environmental,2,other
relations higher,2,other
relations globalization,2,other
reduction public,2,other
relations general,2,other
referendum,2,other
referent sociology,2,other
relations focus,2,other
relations finance,2,other
reflection pedagogy,2,other
relations everyday,2,other
reciprocal sociology,2,other
relations paleontology,2,other
relations participatory,2,other
reason,2,other
realm meaning,2,other
relations thematic,2,other
realm metaphor,2,other
relations sustainability,2,other
realm political,2,other
realm psychoanalysis,2,other
realm public,2,other
realm scope,2,other
relations space,2,other
realm state,2,other
relations relation,2,other
relations philosophy,2,other
relations promotion,2,other
relations production,2,other
recall political,2,other
recall psychology,2,other
relations positivism,2,other
relations poison,2,other
receptor,2,other
recidivism,2,other
recipe,2,other
relations physics,2,other
relations european,2,other
theater identity,2,other
research inclusion,2,other
reflexive,2,other
relations agency,2,other
relations affect,2,other
reform feminism,2,other
relations action,2,other
relations accountability,2,other
reform social,2,other
relational view,2,other
reframing aesthetics,2,other
reframing critical,2,other
relation engineering,2,other
reframing metaphor,2,other
reframing personhood,2,other
reinterpretation sociology,2,other
reinterpretation feminism,2,other
refugee agency,2,other
refugee corporate,2,other
refugee law,2,other
refugee narrative,2,other
refugee politics,2,other
refugee social,2,other
refugees,2,other
regeneration biology,2,other
regression internal,2,other
relations aggression,2,other
reflexivity subjectivity,2,other
relations austerity,2,other
relations disadvantaged,2,other
reflexive pronoun,2,other
theater literature,2,other
relations entrepreneurship,2,other
reflexivity aesthetics,2,other
reflexivity agency,2,other
theater media,2,other
reflexivity articulation,2,other
reflexivity autoethnography,2,other
relations ecology,2,other
relations documentation,2,other
relations digital,2,other
relations autonomy,2,other
relations cultural,2,other
relations criticism,2,other
reflexivity ethnography,2,other
relations credibility,2,other
relations corporate,2,other
reflexivity insider,2,other
reflexivity narrative,2,other
relations constructivism,2,other
relations capitalism,2,other
reflexivity power,2,other
realm literature,2,other
relations theology,2,other
relations trace,2,other
realm islam,2,other
rational choice,2,other
rationalisation,2,other
reproduction state,2,other
confessional feminism,2,other
reproduction scholarship,2,other
reproduction reproductive,2,other
rationality argument,2,other
reproduction reproduction,2,other
reproduction public,2,other
reproduction psychology,2,other
reproduction injustice,2,other
reproduction inequality,2,other
reproduction human,2,other
rationality gender,2,other
rationality politics,2,other
rationality power,2,other
reproduction economics,2,other
reproduction democracy,2,other
reproduction context,2,other
reproduction class,2,other
reproduction agency,2,other
reproduction aesthetics,2,other
rationalization,2,other
ratio feminist,2,other
republic political,2,other
ratio feminism,2,other
research economics,2,other
radiology law,2,other
research incentive,2,other
research ideology,2,other
research general,2,other
radiology quantum,2,other
research face,2,other
research ethnography,2,other
research ethnic,2,other
raising gender,2,other
raising political,2,other
research corporate,2,other
reputation feminism,2,other
research clinical,2,other
rank,2,other
rank graph,2,other
ratchet,2,other
research chemistry,2,other
rate biology,2,other
research art,2,other
reputation sociology,2,other
rating,2,other
rating scale,2,other
rationalization economics,2,other
raw,2,other
replicate,2,other
relativism gender,2,other
religion modernity,2,other
reality human,2,other
reality social,2,other
religion intersectionality,2,other
reality tv,2,other
relativism relativism,2,other
relativism rationality,2,other
realm aesthetics,2,other
relativism politics,2,other
relativism moral,2,other
relationship sociology,2,other
religion political,2,other
relationship social,2,other
realm context,2,other
relationship developmental,2,other
realm conversation,2,other
relations world,2,other
realm dominance,2,other
realm feminist,2,other
relations vulnerability,2,other
relations variety,2,other
relations transformative,2,other
religion philosophy,2,other
religion sociology,2,other
reactionary nationalism,2,other
renaissance feminism,2,other
repertory grid,2,other
repertory,2,other
repertoire political,2,other
repertoire construct,2,other
repeal context,2,other
reading psychoanalysis,2,other
renunciation feminism,2,other
realism art,2,other
rendering computer,2,other
rendering,2,other
validity social,2,other
religion theology,2,other
validity clinical,2,other
realism german,2,other
reminiscence sociology,2,other
realism law,2,other
religious pluralism,2,other
realism liberalism,2,other
realism magic,2,other
realism perspective,2,other
religiosity ideology,2,other
religions gender,2,other
restructuring state,2,other
poetry queer,2,other
questionnaire,2,other
grammar law,2,other
graffiti sociology,2,other
mathematics convergence,2,other
mathematics consciousness,2,other
grammar art,2,other
grammar feeling,2,other
mathematics clinical,2,other
mathematics classics,2,other
mathematics class,2,other
mathematics civil,2,other
mathematics china,2,other
mathematics capital,2,other
grammar identity,2,other
mathematics black,2,other
grammar linguistics,2,other
graffiti art,2,other
grammar literature,2,other
grammar narrative,2,other
grammar order,2,other
grammar philosophy,2,other
grammar politics,2,other
mathematics advertising,2,other
mathematics action,2,other
grammatical gender,2,other
maternity leave,2,other
grand,2,other
grandparent,2,other
graphical action,2,other
materialism subjectivity,2,other
mathematics dance,2,other
mathematics demography,2,other
materialism reproduction,2,other
mathematics historiography,2,other
mathematics management,2,other
mathematics macroeconomics,2,other
governance environmental,2,other
mathematics logistic,2,other
governance feminism,2,other
governance finance,2,other
mathematics intersection,2,other
mathematics internet,2,other
mathematics ideology,2,other
governance management,2,other
mathematics identification,2,other
mathematics humanities,2,other
governance order,2,other
mathematics government,2,other
mathematics discipline,2,other
governance social,2,other
mathematics generative,2,other
mathematics function,2,other
mathematics foundation,2,other
governmentality gender,2,other
mathematics experiential,2,other
mathematics equity,2,other
governmentality politics,2,other
governmentality social,2,other
governmentality sociology,2,other
mathematics empirical,2,other
mathematics download,2,other
mathematics discrete,2,other
graphical advertising,2,other
materialism reading,2,other
mathematics marketing,2,other
graphical faith,2,other
masculinity movie,2,other
masculinity linguistics,2,other
masculinity intersectionality,2,other
graphical empirical,2,other
masculinity globalization,2,other
graphical empowerment,2,other
masculinity focus,2,other
masculinity field,2,other
graphical engineering,2,other
graphical ethnic,2,other
masculinity ambivalence,2,other
masculinity agency,2,other
graphical ethnography,2,other
graphical femininity,2,other
graphical disease,2,other
martinique,2,other
graphical focus,2,other
graphical human,2,other
markets,2,other
marketization,2,other
graphical immigration,2,other
marketing quantum,2,other
marketing public,2,other
marketing physics,2,other
marketing perception,2,other
marketing neuroscience,2,other
graphical independence,2,other
graphical international,2,other
masculinity passion,2,other
masculinity performativity,2,other
materialism postmodernism,2,other
graphical christian,2,other
materialism poetics,2,other
materialism perspective,2,other
materialism narrative,2,other
materialism identity,2,other
materialism humanism,2,other
materialism field,2,other
materialism feminist,2,other
graphical character,2,other
materialism environmental,2,other
materialism empire,2,other
materialism citation,2,other
materialism art,2,other
material sociology,2,other
graphical comparative,2,other
graphical discipline,2,other
graphical courage,2,other
mass index,2,other
mass culture,2,other
graphical criminology,2,other
masculinity value,2,other
masculinity typology,2,other
graphical criticism,2,other
masculinity situated,2,other
masculinity realm,2,other
graphical democracy,2,other
graphical development,2,other
masculinity popularity,2,other
graphical dialectic,2,other
mathematics market,2,other
governance economics,2,other
question scholarship,2,other
medal,2,other
media harassment,2,other
media government,2,other
gerontology art,2,other
gerontology computer,2,other
media epistemology,2,other
gerontology demography,2,other
media critical,2,other
media content,2,other
media consumption,2,other
media china,2,other
media business,2,other
gerontology economic,2,other
gerontology family,2,other
mechanics video,2,other
media new,2,other
mechanics sociology,2,other
mechanics population,2,other
gerontology public,2,other
gerontology social,2,other
mechanics medicine,2,other
girl consumerism,2,other
girl disadvantaged,2,other
girl femininity,2,other
girl focus,2,other
mechanics gender,2,other
mechanics financial,2,other
girl independence,2,other
mechanics evolutionary,2,other
german sociology,2,other
media newspaper,2,other
mechanics embedded,2,other
medical humanities,2,other
medicine cognition,2,other
medicine chromatography,2,other
geometry optics,2,other
medicine biostatistics,2,other
geometry programming,2,other
medicine anxiety,2,other
medicine ancient,2,other
geometry visual,2,other
medicine alcohol,2,other
medicine abdominal,2,other
medicalization depression,2,other
geopolitics sociology,2,other
medical prescription,2,other
german canon,2,other
media perspective,2,other
german context,2,other
german democracy,2,other
medical abortion,2,other
mediation social,2,other
mediated communication,2,other
mediated,2,other
media variety,2,other
media value,2,other
media subject,2,other
german identity,2,other
german newspaper,2,other
german reading,2,other
german social,2,other
mechanics engineering,2,other
girl negotiation,2,other
governance colonialism,2,other
glory politics,2,other
mathematics queer,2,other
globalization media,2,other
globalization movement,2,other
mathematics publishing,2,other
globalization solidarity,2,other
globalization state,2,other
globalization work,2,other
globe political,2,other
mathematics process,2,other
mathematics positive,2,other
globe population,2,other
globe sociology,2,other
glory gender,2,other
mathematics phenomenon,2,other
mathematics racism,2,other
gnosticism feminism,2,other
mathematics patriarchy,2,other
goal,2,other
goal setting,2,other
mathematics originality,2,other
good citizenship,2,other
good feminism,2,other
gospel religious,2,other
mathematics natural,2,other
mathematics microeconomics,2,other
mathematics meteorology,2,other
mathematics mental,2,other
mathematics meaning,2,other
mathematics race,2,other
mathematics reflexivity,2,other
mechanics crystallography,2,other
global leadership,2,other
girl new,2,other
mechanics communism,2,other
mechanics communication,2,other
mechanics botany,2,other
girl power,2,other
girl romance,2,other
girl scholarship,2,other
mechanics alternative,2,other
mechanics aesthetics,2,other
girl subjectivity,2,other
girl white,2,other
measurement sociology,2,other
gis feminism,2,other
global mental,2,other
globalization law,2,other
global network,2,other
maxim,2,other
global positioning,2,other
globalism globalization,2,other
mathematics worship,2,other
globality,2,other
mathematics white,2,other
globalization argument,2,other
mathematics telecommunications,2,other
mathematics systems,2,other
globalization critical,2,other
mathematics sex,2,other
globalization latin,2,other
marketing knowledge,2,other
marketing investment,2,other
marketing industrial,2,other
literature power,2,other
literature trace,2,other
literature sublime,2,other
literature subject,2,other
literature state,2,other
group ethnic,2,other
literature sentence,2,other
literature search,2,other
literature romance,2,other
group ethnography,2,other
group face,2,other
literature pure,2,other
literature public,2,other
group history,2,other
literature postmodern,2,other
group empowerment,2,other
literature posthumanism,2,other
literature portrait,2,other
literature popular,2,other
group human,2,other
group identity,2,other
literature poison,2,other
literature point,2,other
group immigration,2,other
literature perspective,2,other
literature pathology,2,other
literature oppression,2,other
literature object,2,other
literature nursing,2,other
literature utopia,2,other
literature white,2,other
group masculinity,2,other
lock cultural,2,other
logical conjunction,2,other
groundwater,2,other
logic psychology,2,other
logic family,2,other
logic argument,2,other
logic aesthetics,2,other
locus,2,other
group analysis,2,other
lock social,2,other
lock philosophy,2,other
lock field,2,other
lock feminist,2,other
lock data,2,other
locality,2,other
group educational,2,other
group black,2,other
living wage,2,other
living space,2,other
group construct,2,other
group coronavirus,2,other
livelihood sociology,2,other
livelihood law,2,other
livelihood climate,2,other
livelihood archaeology,2,other
group critical,2,other
liturgy religious,2,other
liturgy,2,other
lithuanian,2,other
literature neuroscience,2,other
literature movie,2,other
graphical islamic,2,other
growth epistemology,2,other
literature cartography,2,other
literature business,2,other
growth biochemistry,2,other
growth criminology,2,other
growth democracy,2,other
literature arabic,2,other
literature ancient,2,other
literature american,2,other
literature algorithm,2,other
literature age,2,other
growth economy,2,other
literary translation,2,other
growth environmental,2,other
growth ethnic,2,other
growth archaeology,2,other
literacy teacher,2,other
literacy political,2,other
literacy information,2,other
growth genetics,2,other
literacy curriculum,2,other
literacy computer,2,other
growth health,2,other
litany,2,other
listening gender,2,other
listening aesthetics,2,other
growth higher,2,other
lisrel,2,other
link geometry,2,other
literature china,2,other
group work,2,other
literature middle,2,other
literature historical,2,other
literature metaphor,2,other
group meaning,2,other
literature mechanical,2,other
literature meaning,2,other
group mental,2,other
group multiculturalism,2,other
literature literacy,2,other
group nursing,2,other
literature islam,2,other
literature interpretation,2,other
literature internal,2,other
group power,2,other
group psychoanalysis,2,other
literature hebrew,2,other
group women,2,other
literature femininity,2,other
literature face,2,other
group representation,2,other
group scholarship,2,other
group sexual,2,other
literature elite,2,other
literature economic,2,other
group somali,2,other
literature dilemma,2,other
literature developmental,2,other
literature demography,2,other
literature database,2,other
literature criminology,2,other
login,2,other
login download,2,other
gross domestic,2,other
graphics aesthetics,2,other
graphical subject,2,other
graphical test,2,other
management physical,2,other
graphical thematic,2,other
management pedagogy,2,other
management natural,2,other
graphical theme,2,other
management mechanical,2,other
graphical tourism,2,other
management linguistics,2,other
management knowledge,2,other
management human,2,other
graphical women,2,other
management depression,2,other
graphical stigma,2,other
management database,2,other
graphics gender,2,other
graphics philosophy,2,other
management algorithm,2,other
management aerospace,2,other
management accounting,2,other
graphics poetry,2,other
male gender,2,other
graphics politics,2,other
male female,2,other
male developmental,2,other
malayalam,2,other
malay feminism,2,other
management programming,2,other
graphical space,2,other
logo,2,other
manifesto politics,2,other
graphical latin,2,other
graphical law,2,other
marketing buzz,2,other
graphical materialism,2,other
marketing archaeology,2,other
market political,2,other
marine engineering,2,other
mapping,2,other
manure,2,other
manu,2,other
graphical prejudice,2,other
graphical presupposition,2,other
manifesto queer,2,other
manifesto oppression,2,other
management pure,2,other
manifesto modernism,2,other
manifesto ideology,2,other
manifesto feminist,2,other
manifest destiny,2,other
manifest,2,other
mandate sociology,2,other
mandate political,2,other
graphical qualitative,2,other
graphical race,2,other
management work,2,other
graphical realism,2,other
graphical series,2,other
graphical sex,2,other
maintenance,2,other
grasp gender,2,other
mainstreaming social,2,other
macroeconomics anthropology,2,other
mainstream criminology,2,other
mainstream contest,2,other
mainstream colonialism,2,other
mainstream china,2,other
mainstream agency,2,other
mainstream abortion,2,other
gratification psychology,2,other
great britain,2,other
magic realism,2,other
macroeconomics philosophy,2,other
macroeconomics mechanical,2,other
macroeconomics exchange,2,other
macroeconomics chemistry,2,other
great rift,2,other
grassroots citizenship,2,other
greek tragedy,2,other
lyrics feminism,2,other
greenhouse gas,2,other
loyalty political,2,other
lower,2,other
love story,2,other
lost,2,other
loss medicine,2,other
grief feeling,2,other
grievance,2,other
long nineteenth,2,other
gross,2,other
logo programming,2,other
mainstream critical,2,other
mainstream environmental,2,other
mainstream harassment,2,other
mainstream harm,2,other
grassroots community,2,other
grassroots feminist,2,other
mainstream white,2,other
mainstream variety,2,other
mainstream suffrage,2,other
mainstream subject,2,other
mainstream status,2,other
grassroots futures,2,other
mainstream scholarship,2,other
mainstream rhetorical,2,other
mainstream reproductive,2,other
mainstream reading,2,other
mainstream racism,2,other
mainstream race,2,other
mainstream queer,2,other
mainstream production,2,other
mainstream privilege,2,other
mainstream postmodernism,2,other
mainstream philosophy,2,other
mainstream opposition,2,other
grassroots legislation,2,other
mainstream literature,2,other
mainstream interpretation,2,other
mainstream international,2,other
mainstream indigenous,2,other
grassroots narrative,2,other
mainstream hegemony,2,other
medicine cognitive,2,other
medicine context,2,other
medicine cross,2,other
multimedia game,2,other
galton problem,2,other
music african,2,other
music advertising,2,other
game development,2,other
museology,2,other
multitude sociology,2,other
multiple intelligences,2,other
multimethodology,2,other
multimedia world,2,other
multimedia politics,2,other
multimedia pedagogy,2,other
multimedia human,2,other
multimedia gender,2,other
multimedia artificial,2,other
music athletes,2,other
gap political,2,other
multiculturalism white,2,other
multiculturalism state,2,other
garde art,2,other
multiculturalism race,2,other
multiculturalism postmodernism,2,other
garde sociology,2,other
gas,2,other
multiculturalism normative,2,other
multiculturalism nationalism,2,other
multiculturalism law,2,other
multiculturalism identity,2,other
multiculturalism globalization,2,other
music articulation,2,other
music beauty,2,other
multiculturalism face,2,other
music early,2,other
functional analysis,2,other
music identification,2,other
music humanities,2,other
music heterosexism,2,other
music hegemony,2,other
music government,2,other
music geography,2,other
music focus,2,other
fundamentalism human,2,other
fundamentalism islam,2,other
music existentialism,2,other
fundamentalism postmodernism,2,other
music empire,2,other
music dynamics,2,other
music binary,2,other
music discipline,2,other
music disability,2,other
music curriculum,2,other
fungus human,2,other
funk,2,other
music creole,2,other
music conversation,2,other
music contest,2,other
fuzzy,2,other
music common,2,other
music civil,2,other
music citation,2,other
galton,2,other
gas climate,2,other
multiculturalism ethos,2,other
gene mathematics,2,other
gene economics,2,other
movement equity,2,other
movement direct,2,other
movement conversation,2,other
movement communism,2,other
movement agency,2,other
gender sociology,2,other
mount,2,other
motley,2,other
mother,2,other
morning,2,other
morality virtue,2,other
gene database,2,other
morality psychoanalysis,2,other
gene epistemology,2,other
movement framing,2,other
morality economic,2,other
morality democracy,2,other
moral reasoning,2,other
moral realism,2,other
gene finance,2,other
moral order,2,other
moral education,2,other
moral economy,2,other
moral agency,2,other
montenegro,2,other
monetary policy,2,other
gene knockout,2,other
monarchy,2,other
movement field,2,other
gender feminist,2,other
multiculturalism empowerment,2,other
movement relation,2,other
multiculturalism economic,2,other
multiculturalism autonomy,2,other
multiculturalism art,2,other
gastropod sociology,2,other
gate,2,other
gate array,2,other
gateway,2,other
movements social,2,other
gateway web,2,other
movement wave,2,other
movement value,2,other
movement transgender,2,other
movement representation,2,other
movement racism,2,other
gender balance,2,other
movement presidential,2,other
movement position,2,other
movement pornography,2,other
gaze art,2,other
movement opposition,2,other
movement newspaper,2,other
movement militarism,2,other
movement marxist,2,other
gaze visual,2,other
gaze white,2,other
movement islam,2,other
movement independence,2,other
movement inclusion,2,other
music indonesian,2,other
music islam,2,other
frost temperature,2,other
mythology femininity,2,other
narrative action,2,other
foregrounding politics,2,other
narcissism feminism,2,other
mythology workforce,2,other
mythology visual,2,other
mythology utopia,2,other
mythology subject,2,other
mythology psychoanalysis,2,other
mythology power,2,other
mythology politics,2,other
mythology patriarchy,2,other
mythology meaning,2,other
forestry art,2,other
mythology ethnic,2,other
foregrounding narrative,2,other
mythology epic,2,other
mythology beauty,2,other
myth geography,2,other
mysticism sociology,2,other
mutual aid,2,other
mutiny,2,other
mutation women,2,other
formal art,2,other
mutation relation,2,other
mutation queer,2,other
mutation pedagogy,2,other
mutation oppression,2,other
mutation nationalism,2,other
narrative adventure,2,other
narrative ambivalence,2,other
music lesbian,2,other
force political,2,other
food processing,2,other
narrative meaning,2,other
narrative materialism,2,other
narrative linguistics,2,other
narrative lesbian,2,other
narrative legislation,2,other
foodways,2,other
narrative intertextuality,2,other
narrative interpretation,2,other
narrative independence,2,other
footprint,2,other
narrative glory,2,other
narrative german,2,other
narrative film,2,other
narrative archetype,2,other
narrative femininity,2,other
narrative face,2,other
narrative embodied,2,other
narrative drama,2,other
narrative dialogic,2,other
foregrounding engineering,2,other
narrative computer,2,other
narrative comics,2,other
narrative class,2,other
narrative certainty,2,other
narrative beauty,2,other
foregrounding gender,2,other
foregrounding lyrics,2,other
formation social,2,other
mutation middle,2,other
mutation masculinity,2,other
music peace,2,other
free market,2,other
freedman feminism,2,other
french feminism,2,other
music process,2,other
music presidential,2,other
music praxis,2,other
french miller,2,other
music postmodernism,2,other
music post,2,other
music physical,2,other
friendship art,2,other
music performative,2,other
friendship romance,2,other
music organizational,2,other
mutation magic,2,other
music opposition,2,other
music object,2,other
music normative,2,other
friendship social,2,other
music movement,2,other
music morality,2,other
frontier politics,2,other
music middle,2,other
music memoir,2,other
music medicine,2,other
frontier sociology,2,other
frost,2,other
music linguistics,2,other
freak,2,other
framework sociology,2,other
music reproduction,2,other
music resistance,2,other
mutation law,2,other
formation theory,2,other
mutation institution,2,other
mutation higher,2,other
mutation ethnic,2,other
mutation empire,2,other
mutation curriculum,2,other
mutation cultural,2,other
mutation criminology,2,other
mutation colonialism,2,other
mutation chemistry,2,other
mutation ambivalence,2,other
foucault political,2,other
musicology philosophy,2,other
musicality,2,other
musical psychology,2,other
musical politics,2,other
musical media,2,other
musical gender,2,other
musical aesthetics,2,other
fourth world,2,other
music working,2,other
fragment,2,other
fragment logic,2,other
framework development,2,other
framework point,2,other
music science,2,other
gene mathematical,2,other
module history,2,other
medicine demographic,2,other
menstruation period,2,other
metalworking political,2,other
metalworking feminism,2,other
metallurgy materials,2,other
geographer sociology,2,other
metafiction,2,other
metadata computer,2,other
meritocracy feminism,2,other
mentorship politics,2,other
geography biochemistry,2,other
mental distress,2,other
menstruation subjectivity,2,other
menstruation psychology,2,other
menstruation politics,2,other
geography data,2,other
metalworking social,2,other
menopause context,2,other
menarche menstruation,2,other
menagerie,2,other
geography discipline,2,other
memorialization,2,other
memoir psychoanalysis,2,other
memoir political,2,other
memoir oppression,2,other
memoir islam,2,other
geography food,2,other
memoir art,2,other
member,2,other
mellitus,2,other
metalworking psychology,2,other
metanarrative,2,other
meiji period,2,other
meteorology algorithm,2,other
methodism feminism,2,other
method psychology,2,other
method feminism,2,other
genetics psychiatry,2,other
methadone maintenance,2,other
metering sociology,2,other
metering lens,2,other
meteorology social,2,other
meteorology multimedia,2,other
meteorology gender,2,other
meteorology environmental,2,other
meteorology computer,2,other
meteorology archaeology,2,other
genetics quantum,2,other
geoengineering,2,other
metaverse computer,2,other
genetics space,2,other
metaphysics psychology,2,other
metaphysics context,2,other
metaphor rhetoric,2,other
metaphor representation,2,other
metaphor power,2,other
metaphor philosophy,2,other
metaphor period,2,other
metaphor field,2,other
metaphor feminist,2,other
metaphor epistemology,2,other
geodesy philosophy,2,other
melancholia feminism,2,other
meiji,2,other
module gender,2,other
geometry alternative,2,other
geology ecology,2,other
medicine mental,2,other
geology geotechnical,2,other
geology lens,2,other
medicine marketing,2,other
medicine market,2,other
medicine longitudinal,2,other
geology philosophy,2,other
medicine liability,2,other
medicine internet,2,other
geology style,2,other
medicine inclusion,2,other
medicine incidence,2,other
geometry artificial,2,other
medicine optics,2,other
medicine government,2,other
geometry biochemistry,2,other
geometry biology,2,other
geometry cartography,2,other
medicine fertility,2,other
medicine female,2,other
geometry ecology,2,other
medicine ethnic,2,other
geometry library,2,other
medicine domestic,2,other
geometry linguistics,2,other
geometry machine,2,other
geometry mechanical,2,other
geology biology,2,other
medicine panacea,2,other
medline philosophy,2,other
geography physical,2,other
medline medicine,2,other
medline gerontology,2,other
medline anthropology,2,other
mediterranean climate,2,other
mediterranean,2,other
geography geodesy,2,other
medicine waste,2,other
geography historical,2,other
medicine traditional,2,other
medicine thematic,2,other
medicine socioeconomic,2,other
geography nursing,2,other
geography optics,2,other
geography positivism,2,other
geography work,2,other
geography psychological,2,other
medicine prenatal,2,other
geography qualitative,2,other
geography regional,2,other
geography representation,2,other
geography scholarship,2,other
geography statistics,2,other
geography systems,2,other
geography telecommunications,2,other
medicine pharmacology,2,other
medicine perception,2,other
geography time,2,other
geography tourism,2,other
genetics programming,2,other
genetics process,2,other
methodology environmental,2,other
genealogy psychoanalysis,2,other
model artificial,2,other
genealogy anthropology,2,other
modality human,2,other
modality,2,other
genealogy geography,2,other
mobilization social,2,other
mobilization politics,2,other
genealogy philosophy,2,other
mnemonic,2,other
mixed,2,other
mitochondrial,2,other
mistake sociology,2,other
misrepresentation gender,2,other
misoprostol abortion,2,other
gene theology,2,other
misinformation politics,2,other
genealogy psychology,2,other
misappropriation,2,other
mirroring sociology,2,other
minority human,2,other
minority group,2,other
minority clinical,2,other
generality,2,other
ministry feminism,2,other
generalization,2,other
mining politics,2,other
mining engineering,2,other
generation wave,2,other
model medicine,2,other
modeling sociology,2,other
methodology family,2,other
modernity ideology,2,other
modularity biology,2,other
modularity,2,other
gene neuroscience,2,other
modernity symbol,2,other
modernity subjectivity,2,other
modernity subject,2,other
modernity secularism,2,other
modernity power,2,other
modernity patriarchy,2,other
modernity modernization,2,other
modernity modernism,2,other
modernity literature,2,other
modernity latin,2,other
modernity human,2,other
moderated,2,other
modernity feminist,2,other
gene political,2,other
modernity empire,2,other
modernity critical,2,other
modernity christianity,2,other
gene psychiatry,2,other
gene psychoanalysis,2,other
gene pure,2,other
gene social,2,other
modern warfare,2,other
modern dance,2,other
gene telecommunications,2,other
moderated mediation,2,other
minimalism technical,2,other
minimalism,2,other
minh,2,other
microeconomics paleontology,2,other
genetics evolutionary,2,other
militant context,2,other
milestone,2,other
genetics hegemony,2,other
midwives,2,other
midnight,2,other
genetics human,2,other
genetics internal,2,other
genetics lactation,2,other
microorganism,2,other
microfinance empowerment,2,other
microeconomics profit,2,other
microeconomics pathology,2,other
microeconomics epistemology,2,other
mineral work,2,other
microbiology public,2,other
microbiology linguistics,2,other
genetics microeconomics,2,other
genetics neuroscience,2,other
genetics operating,2,other
genetics pathology,2,other
metis gender,2,other
genetics pedagogy,2,other
methodology nursing,2,other
methodology machine,2,other
methodology law,2,other
methodology human,2,other
genetics power,2,other
genetics epistemology,2,other
militant sociology,2,other
genetics empowerment,2,other
militarism masculinity,2,other
mineral qualitative,2,other
generativity psychology,2,other
mineral medicine,2,other
mineral international,2,other
mineral identity,2,other
genetic counseling,2,other
mineral field,2,other
mineral face,2,other
mineral context,2,other
mineral art,2,other
genetics agency,2,other
mindset power,2,other
mindset political,2,other
mindset equity,2,other
genetics anthropology,2,other
mindfulness psychology,2,other
genetics archaeology,2,other
mind feminism,2,other
miller citation,2,other
genetics context,2,other
milk,2,other
military theory,2,other
military operations,2,other
military gender,2,other
military economics,2,other
militarization politics,2,other
genetics embryogenesis,2,other
link,2,other
linguistics work,2,other
growth marketing,2,other
homosexuality transgender,2,other
intersectionality conversation,2,other
intersectionality colonialism,2,other
intersectionality civil,2,other
homosexuality human,2,other
intersectionality art,2,other
intersectionality anthropology,2,other
intersectionality aesthetics,2,other
homosexuality lesbian,2,other
interrogation feminism,2,other
interrogation epistemology,2,other
interpreter gender,2,other
homosexuality sexual,2,other
homosexuality social,2,other
interpersonal ties,2,other
intersectionality democracy,2,other
interpersonal attraction,2,other
honor shame,2,other
honour gender,2,other
internet public,2,other
horizon,2,other
internet pornography,2,other
internet operating,2,other
internet online,2,other
internet mathematical,2,other
internet internet,2,other
internet consciousness,2,other
internationalization entrepreneurship,2,other
host,2,other
intersectionality critical,2,other
homosexuality heterosexuality,2,other
hostility political,2,other
intersectionality pedagogy,2,other
intersubjectivity psychoanalysis,2,other
intersubjectivity feminism,2,other
intersectionality work,2,other
intersectionality transgender,2,other
home birth,2,other
homeland gender,2,other
intersectionality realm,2,other
intersectionality queer,2,other
intersectionality privilege,2,other
intersectionality power,2,other
intersectionality population,2,other
intersectionality popular,2,other
homogeneous sociology,2,other
intersectionality patriarchy,2,other
intersectionality economic,2,other
intersectionality nationality,2,other
intersectionality nationalism,2,other
intersectionality multiculturalism,2,other
homophily psychology,2,other
intersectionality knowledge,2,other
intersectionality inequality,2,other
intersectionality history,2,other
intersectionality globalization,2,other
homosexuality anthropology,2,other
homosexuality art,2,other
intersectionality equity,2,other
homosexuality heteronormativity,2,other
intersectionality engineering,2,other
host biology,2,other
housekeeping sociology,2,other
intellect feminism,2,other
humanities gynecology,2,other
humanism religious,2,other
humanism social,2,other
humanities aesthetics,2,other
humanities arts,2,other
humanities biochemistry,2,other
humanities capital,2,other
intelligence ideology,2,other
intelligence human,2,other
humanities criticism,2,other
humanities digital,2,other
intelligence ethnography,2,other
humanities drama,2,other
humanities engineering,2,other
intelligence demography,2,other
intelligence medicine,2,other
intelligence database,2,other
intelligence data,2,other
intelligence criminology,2,other
humanities historiography,2,other
intelligence communism,2,other
intelligence civil,2,other
intelligence business,2,other
intelligence astronomy,2,other
humanities latin,2,other
humanities medicine,2,other
intelligence aerospace,2,other
humanities modernism,2,other
humanities pedagogy,2,other
humanism posthuman,2,other
humanism perspective,2,other
international health,2,other
interaction philosophy,2,other
international community,2,other
housewife psychology,2,other
housewife sociology,2,other
hull,2,other
interim,2,other
hum,2,other
interdependence sociology,2,other
interculturalism multiculturalism,2,other
interactionism symbolic,2,other
interactionism social,2,other
interactionism gender,2,other
human biology,2,other
interaction psychology,2,other
interaction medicine,2,other
humanism modernity,2,other
interaction media,2,other
interaction knowledge,2,other
interaction human,2,other
interaction epistemology,2,other
interaction cognitive,2,other
interaction aesthetics,2,other
intentionality transformative,2,other
intelligences,2,other
intelligence telecommunications,2,other
intelligence structural,2,other
intelligence quality,2,other
human resource,2,other
humanism aesthetics,2,other
intersubjectivity psychoanalytic,2,other
intervention child,2,other
hollywood political,2,other
jar art,2,other
history public,2,other
joins,2,other
history publishing,2,other
job performance,2,other
job attitude,2,other
jihadism,2,other
jewish thought,2,other
jewish american,2,other
history reading,2,other
jeopardy,2,other
jazz gender,2,other
history renaissance,2,other
jargon,2,other
jar,2,other
joke laughter,2,other
history reputation,2,other
item,2,other
history socialism,2,other
history sociocultural,2,other
islanders gender,2,other
islamophobia politics,2,other
islamophobia political,2,other
islamophobia orientalism,2,other
islamophobia narrative,2,other
history subjectivity,2,other
islamic republic,2,other
history suffrage,2,other
islam wife,2,other
joke comedy,2,other
journalism action,2,other
intervention medicine,2,other
history portrait,2,other
history pathology,2,other
history patriarchy,2,other
judgement psychology,2,other
judgement aesthetics,2,other
history pediatrics,2,other
judaism torah,2,other
history perspective,2,other
judaism resistance,2,other
judaism privilege,2,other
judaism political,2,other
judaism multiculturalism,2,other
judaism diversity,2,other
judaism anthropology,2,other
journalism work,2,other
journalism diversity,2,other
journalism state,2,other
journalism public,2,other
journalism newspaper,2,other
journalism neoliberalism,2,other
history prejudice,2,other
journalism ideology,2,other
journalism identity,2,other
journalism history,2,other
history process,2,other
journalism focus,2,other
journalism field,2,other
journalism feminist,2,other
journalism ethnic,2,other
islam secularism,2,other
islam scholarship,2,other
islam relation,2,other
ho,2,other
hiv philosophy,2,other
irish feminism,2,other
irish empire,2,other
irish art,2,other
hiv psychoanalysis,2,other
invisibility vulnerability,2,other
invisibility scholarship,2,other
invisibility inequality,2,other
invisibility identity,2,other
hiv virology,2,other
invisibility colonialism,2,other
invisibility art,2,other
invisibility aesthetics,2,other
ho chi,2,other
islam reading,2,other
inversion geology,2,other
inversion,2,other
invective,2,other
intimidation feminism,2,other
hobby sociology,2,other
hockey,2,other
interview gender,2,other
interview feminism,2,other
intervention work,2,other
hollywood comics,2,other
hollywood gender,2,other
intervention poverty,2,other
intervention nursing,2,other
irish history,2,other
irish irish,2,other
irish media,2,other
irish narrative,2,other
islam public,2,other
islam praxis,2,other
islam popular,2,other
history tourism,2,other
history traditional,2,other
history transgender,2,other
islam nationalism,2,other
islam narrative,2,other
islam movement,2,other
islam modernity,2,other
islam middle,2,other
islam mainstream,2,other
history treasury,2,other
islam jurisprudence,2,other
history victorian,2,other
hiv archaeology,2,other
hiv biology,2,other
islam democracy,2,other
islam citation,2,other
islam art,2,other
hiv engineering,2,other
irregular migration,2,other
irregular,2,other
irony gender,2,other
irony aesthetics,2,other
hiv law,2,other
irish power,2,other
intellect sociology,2,other
integration political,2,other
jurisprudence politics,2,other
impossibility perfection,2,other
ideology capitalism,2,other
income distribution,2,other
ideology collective,2,other
ideology colonialism,2,other
incivility,2,other
incidence geometry,2,other
incidence,2,other
ideology community,2,other
incarnation literature,2,other
impunity political,2,other
imprisonment sociology,2,other
imprisonment criminology,2,other
ideology consumption,2,other
ideology contemporary,2,other
ideology beauty,2,other
implementation,2,other
implant,2,other
imperialism,2,other
ideology contradiction,2,other
ideology curriculum,2,other
immorality,2,other
immigration politics,2,other
ideology determinism,2,other
immigration philosophy,2,other
immigration narrative,2,other
immigration mathematics,2,other
ideology developmental,2,other
ideology dialectic,2,other
indian english,2,other
indies,2,other
immigration diaspora,2,other
indigenous field,2,other
indigenous racism,2,other
indigenous race,2,other
indigenous publishing,2,other
indigenous psychology,2,other
identity psychoanalysis,2,other
indigenous poison,2,other
indigenous negotiation,2,other
indigenous multiculturalism,2,other
indigenous modernity,2,other
indigenous latin,2,other
indigenous identity,2,other
indigenous honor,2,other
indigenous grassroots,2,other
identity state,2,other
indigenization,2,other
indigenous ethnology,2,other
indigenous ethnic,2,other
indigenous epistemology,2,other
ideology abortion,2,other
indigenous elite,2,other
indigenous education,2,other
indigenous culture,2,other
indigenous conversation,2,other
ideology action,2,other
ideology ambiguity,2,other
indigenous anthropology,2,other
ideology ancient,2,other
indigenization indigenous,2,other
immigration diversity,2,other
immigration criminology,2,other
humanities plural,2,other
ideology realism,2,other
ideology subordination,2,other
ideology subject,2,other
ideology style,2,other
ideology indonesian,2,other
ideology solidarity,2,other
ideology judaism,2,other
ideology situated,2,other
ideology right,2,other
ideology rhetorical,2,other
ideology league,2,other
ideology reinterpretation,2,other
ideology reflexivity,2,other
ideology realm,2,other
ideology reactionary,2,other
ideology theme,2,other
ideology racism,2,other
ideology quantum,2,other
ideology qualitative,2,other
ideology programming,2,other
ideology premise,2,other
ideology legislation,2,other
ideology portrait,2,other
ideology poetry,2,other
ideology pleasure,2,other
ideology masculinity,2,other
ideology mythology,2,other
ideology multiculturalism,2,other
ideology morality,2,other
ideology subversion,2,other
ideology wave,2,other
immigration capitalism,2,other
illusion individualism,2,other
immigration art,2,other
immanence sociology,2,other
ideology dualism,2,other
imaging,2,other
ideology economics,2,other
imaginary space,2,other
imaginary oppression,2,other
imaginary environmental,2,other
imaginary art,2,other
ideology emancipation,2,other
images visual,2,other
imagery,2,other
ideology ethnic,2,other
illusion epistemology,2,other
ideology welfare,2,other
illness social,2,other
illness psychotherapist,2,other
ideology face,2,other
ii spanish,2,other
ideology femininity,2,other
ii feminism,2,other
ii art,2,other
ideology field,2,other
ignorance political,2,other
igbo history,2,other
igbo gender,2,other
idolatry,2,other
idle,2,other
indigenous resilience,2,other
indigenous scholarship,2,other
identity power,2,other
hydrology,2,other
injustice tribute,2,other
humanity social,2,other
injustice racism,2,other
injustice psychology,2,other
injustice power,2,other
hybridity literature,2,other
injustice philosophy,2,other
injustice harm,2,other
hybridity sociology,2,other
injustice environmental,2,other
injustice critical,2,other
injustice criminology,2,other
hybridity subjectivity,2,other
hydrology agriculture,2,other
humanity politics,2,other
hymenoptera astronomy,2,other
ingroups outgroups,2,other
ingroups,2,other
ingenuity,2,other
infrastructure,2,other
hymenoptera biology,2,other
information visualization,2,other
information flow,2,other
hyperbole politics,2,other
hysteria feminism,2,other
hysteria psychoanalysis,2,other
inflection,2,other
infertility genetics,2,other
innocence politics,2,other
inquiry gender,2,other
identity media,2,other
institution perspective,2,other
integrated circuit,2,other
insulin insulin,2,other
instrumentalism feminism,2,other
humanities queer,2,other
institutionalisation power,2,other
institutionalisation gender,2,other
institutionalisation feminist,2,other
humanities scope,2,other
institutional analysis,2,other
humanities selection,2,other
institution subject,2,other
institution social,2,other
institution qualitative,2,other
institution meaning,2,other
inquiry qualitative,2,other
institution identity,2,other
institution hegemony,2,other
humanity economics,2,other
humanity feminist,2,other
institution epistemology,2,other
institution domestic,2,other
institution critical,2,other
institution art,2,other
institution aesthetics,2,other
humanity poetry,2,other
insider social,2,other
humanity political,2,other
inquiry social,2,other
icon gender,2,other
inequality welfare,2,other
inequality underpinning,2,other
individualism rhetoric,2,other
induced abortions,2,other
indonesian sociology,2,other
indonesian politics,2,other
indonesian negotiation,2,other
indonesian loyalty,2,other
indonesian humanities,2,other
indonesian harmony,2,other
indonesian government,2,other
identity disorder,2,other
indoctrination politics,2,other
indo pacific,2,other
indo,2,other
identity heterosexuality,2,other
individualism rationality,2,other
icon girl,2,other
identity history,2,other
individualism political,2,other
individualism oppression,2,other
individualism meaning,2,other
individualism liberalism,2,other
individualism gender,2,other
individualism empowerment,2,other
individualism economic,2,other
individualism autonomy,2,other
identity judaism,2,other
individual,2,other
indirect speech,2,other
indignation sociology,2,other
industrial heritage,2,other
industry movie,2,other
inelastic,2,other
inelastic scattering,2,other
icon history,2,other
inequality scale,2,other
inequality representation,2,other
inequality qualitative,2,other
icon imaginary,2,other
inequality psychological,2,other
icon materialism,2,other
icon modernity,2,other
inequality physical,2,other
inequality phenomenon,2,other
inequality perception,2,other
inequality narrative,2,other
icon politics,2,other
inequality liberalism,2,other
inequality law,2,other
inequality knowledge,2,other
inequality indigenous,2,other
inequality ideology,2,other
iconography art,2,other
inequality focus,2,other
idealization epistemology,2,other
inequality economics,2,other
idealization psychology,2,other
inequality domestic,2,other
inequality critical,2,other
inequality criminology,2,other
inequality art,2,other
jurisprudence human,2,other
jurisprudence scholarship,2,other
linguistics variety,2,other
health epistemology,2,other
health criminology,2,other
health database,2,other
health disease,2,other
health domestic,2,other
health ecology,2,other
legitimacy normative,2,other
legitimacy ideology,2,other
legitimacy economic,2,other
legitimacy corporate,2,other
legitimacy context,2,other
health empowerment,2,other
legislature social,2,other
legislature representation,2,other
health ethics,2,other
lesbian art,2,other
legislature legislation,2,other
legislature law,2,other
legislature government,2,other
legislature gender,2,other
legislature democracy,2,other
legislation thematic,2,other
legislation state,2,other
health gene,2,other
legislation meaning,2,other
legislation mainstream,2,other
legislation human,2,other
legislation feminism,2,other
legend feminism,2,other
health coronavirus,2,other
lesbian black,2,other
legalization political,2,other
lesbian race,2,other
liberalism feminist,2,other
haven history,2,other
liberalism empowerment,2,other
liberalism economic,2,other
liberalism democracy,2,other
liberalism criticism,2,other
lexical item,2,other
health aesthetics,2,other
health agency,2,other
health anthropology,2,other
health art,2,other
lesbian sexual,2,other
lesbian representation,2,other
health biostatistics,2,other
lesbian criminology,2,other
lesbian public,2,other
health business,2,other
lesbian pornography,2,other
health chemistry,2,other
lesbian oppression,2,other
lesbian media,2,other
lesbian intersectionality,2,other
health communication,2,other
lesbian general,2,other
health context,2,other
health coping,2,other
lesbian fantasy,2,other
lesbian epistemology,2,other
health government,2,other
legalization democracy,2,other
law vitro,2,other
leadership transactional,2,other
learning communication,2,other
health science,2,other
health severe,2,other
learning analytics,2,other
learning action,2,other
learning acoustics,2,other
leaps,2,other
leapfrogging,2,other
league sociology,2,other
league law,2,other
league football,2,other
health shame,2,other
league communism,2,other
health technology,2,other
learning empowerment,2,other
health thematic,2,other
health traditional,2,other
leadership social,2,other
leadership pedagogy,2,other
healthcare psychology,2,other
heart,2,other
lead geology,2,other
lead,2,other
laziness sociology,2,other
layer electronics,2,other
layer chromatography,2,other
heart rate,2,other
hearth,2,other
learning community,2,other
learning field,2,other
health identity,2,other
learning space,2,other
legality political,2,other
legality legitimacy,2,other
health intervention,2,other
legal power,2,other
legal positivism,2,other
legal culture,2,other
health medical,2,other
left gender,2,other
health mental,2,other
leave public,2,other
leave psychology,2,other
learning theory,2,other
learning subjectivity,2,other
learning resistance,2,other
learning framing,2,other
learning psychoanalysis,2,other
learning programming,2,other
health perspective,2,other
health physics,2,other
learning pathology,2,other
learning narrative,2,other
learning media,2,other
health poverty,2,other
learning logistic,2,other
learning indigenous,2,other
learning human,2,other
learning higher,2,other
learning grassroots,2,other
hausa,2,other
liberalism liberal,2,other
hatred sociology,2,other
linguistics family,2,other
linguistics internet,2,other
gynecology demography,2,other
linguistics infectious,2,other
linguistics humanities,2,other
gynecology philosophy,2,other
linguistics health,2,other
linguistics grammar,2,other
gynecology political,2,other
linguistics geology,2,other
gynecology population,2,other
gynecology psychology,2,other
linguistics function,2,other
habitus cultural,2,other
linguistics evolutionary,2,other
linguistics lesbian,2,other
linguistics european,2,other
linguistics ethnic,2,other
linguistics equity,2,other
hacker,2,other
haddock feminism,2,other
linguistics embedded,2,other
linguistics emancipation,2,other
linguistics electrical,2,other
haddock sociology,2,other
hand positive,2,other
linguistics domestic,2,other
linguistics dimension,2,other
linguistics demographic,2,other
gynecology biology,2,other
gun control,2,other
hate crime,2,other
linguistics process,2,other
growth mathematics,2,other
linguistics thematic,2,other
linguistics style,2,other
growth mechanical,2,other
growth medline,2,other
linguistics speech,2,other
growth pathology,2,other
linguistics sexual,2,other
linguistics relation,2,other
linguistics race,2,other
linguistics quantitative,2,other
linguistics psychological,2,other
growth qualitative,2,other
linguistics poverty,2,other
gun,2,other
linguistics population,2,other
growth sustainable,2,other
linguistics performance,2,other
guardian newspaper,2,other
guardian sociology,2,other
guattari politics,2,other
linguistics normative,2,other
guattari psychoanalysis,2,other
linguistics microeconomics,2,other
guideline,2,other
guild feminism,2,other
linguistics masculinity,2,other
linguistics marketing,2,other
linguistics data,2,other
linguistics criminology,2,other
linguistics coronavirus,2,other
library masculinity,2,other
harm harm,2,other
life expectancy,2,other
life environmental,2,other
harm law,2,other
life context,2,other
life aesthetics,2,other
harm narrative,2,other
harm political,2,other
library scale,2,other
library power,2,other
library political,2,other
library movement,2,other
library medicine,2,other
library inequality,2,other
handicraft,2,other
library feeling,2,other
library diversity,2,other
library discursive,2,other
library critical,2,other
library context,2,other
harm sociology,2,other
harm thematic,2,other
liberation philosophy,2,other
harry,2,other
harry potter,2,other
liberalization sociology,2,other
liberalism state,2,other
hate,2,other
life imprisonment,2,other
life media,2,other
harm feminism,2,other
life politics,2,other
happening media,2,other
happening political,2,other
linguistics clinical,2,other
happiness political,2,other
linguistics autonomy,2,other
harassment beijing,2,other
harassment criminology,2,other
harassment harm,2,other
linguistics anger,2,other
harassment human,2,other
linguistics agriculture,2,other
harassment law,2,other
linguistics administration,2,other
linguistics action,2,other
harassment perception,2,other
limits,2,other
liminality sociology,2,other
liminality gender,2,other
liminality empowerment,2,other
limelight,2,other
lift data,2,other
lift,2,other
harassment socialization,2,other
harem,2,other
harm engineering,2,other
life public,2,other
life psychological,2,other
law voting,2,other
hegelianism alienation,2,other
history novella,2,other
land tenure,2,other
language demography,2,other
language deaf,2,other
language data,2,other
language consciousness,2,other
history drama,2,other
history economy,2,other
history european,2,other
history factory,2,other
history fantasy,2,other
language acquisition,2,other
history field,2,other
landslide,2,other
land use,2,other
land rights,2,other
history database,2,other
history genetics,2,other
labour unpaid,2,other
labour division,2,other
history girl,2,other
history government,2,other
labelling,2,other
kwame,2,other
korean literature,2,other
knowledge translation,2,other
knowledge politics,2,other
knowledge level,2,other
knowledge epistemology,2,other
knowledge engineering,2,other
language disease,2,other
language environmental,2,other
knowledge base,2,other
language statistics,2,other
latvian,2,other
latrine,2,other
historiography praxis,2,other
latent,2,other
historiography white,2,other
historiography women,2,other
larva,2,other
lanka politics,2,other
lanka feminism,2,other
history agriculture,2,other
languages,2,other
language visual,2,other
language thermodynamics,2,other
history alliance,2,other
language financial,2,other
history alternative,2,other
history anxiety,2,other
language pure,2,other
language psychoanalysis,2,other
history architecture,2,other
language planning,2,other
language oppression,2,other
language media,2,other
history cognitive,2,other
language materials,2,other
language marketing,2,other
language macroeconomics,2,other
language machine,2,other
knowledge body,2,other
knowledge aesthetics,2,other
law value,2,other
justice focus,2,other
justice parliament,2,other
justice normative,2,other
justice narrative,2,other
justice morality,2,other
justice medicine,2,other
justice legislation,2,other
history meteorology,2,other
justice individualism,2,other
justice ideology,2,other
justice history,2,other
justice hegemony,2,other
justice global,2,other
history middle,2,other
justice fertility,2,other
justice pluralism,2,other
history militant,2,other
history musical,2,other
justice engineering,2,other
justice domestic,2,other
justice diversity,2,other
justice disability,2,other
justice development,2,other
history nazism,2,other
justice conversation,2,other
justice collective,2,other
justice capitalism,2,other
justice abortion,2,other
history neoclassical,2,other
justice perspective,2,other
history memoir,2,other
history internal,2,other
history judaism,2,other
knot papermaking,2,other
knot,2,other
knockout,2,other
knight feminism,2,other
history international,2,other
kitsch,2,other
kinship scholarship,2,other
history interpretation,2,other
kinship ethnography,2,other
kingdom history,2,other
kinematics,2,other
kindness sociology,2,other
kin,2,other
history labor,2,other
justice power,2,other
history legal,2,other
history lesbian,2,other
kenya sociology,2,other
history liberation,2,other
kazakh,2,other
karma buddhism,2,other
justice virtue,2,other
justice theory,2,other
justice sustainable,2,other
history manifesto,2,other
history materiality,2,other
justice queer,2,other
justice process,2,other
historiography portrait,2,other
laughter comics,2,other
historiography political,2,other
law operations,2,other
law position,2,other
hegemony narrative,2,other
hegemony oppression,2,other
hegemony pedagogy,2,other
hegemony popular,2,other
hegemony psychology,2,other
hegemony scholarship,2,other
law pediatrics,2,other
hegemony semiotics,2,other
law particle,2,other
law order,2,other
law opposition,2,other
law ophthalmology,2,other
help,2,other
hegemony media,2,other
law oceanography,2,other
helpfulness,2,other
law neutrality,2,other
law multimedia,2,other
law military,2,other
law microbiology,2,other
heresy,2,other
law messenger,2,other
law medline,2,other
heritability,2,other
hermeneutics aesthetics,2,other
hermeneutics feminism,2,other
hermeneutics gender,2,other
hegemony middle,2,other
law privilege,2,other
historiography movement,2,other
law set,2,other
law tourism,2,other
hegelianism dialectic,2,other
law systems,2,other
law syphilis,2,other
law surgery,2,other
law supreme,2,other
hegelianism feminist,2,other
hegelianism philosophy,2,other
hegelianism postmodernism,2,other
law spanish,2,other
law software,2,other
hegemony art,2,other
law sex,2,other
law sedimentary,2,other
hegemony legitimacy,2,other
law security,2,other
hegemony criminology,2,other
law rhetoric,2,other
law research,2,other
hegemony economic,2,other
law reading,2,other
hegemony feminist,2,other
hegemony globalization,2,other
hegemony history,2,other
law publishing,2,other
hegemony international,2,other
hegemony intersectionality,2,other
hegemony latin,2,other
hermeneutics interpretation,2,other
law manifesto,2,other
hermeneutics sociology,2,other
historical trauma,2,other
hinduism agency,2,other
law corporate,2,other
hinduism religious,2,other
law construct,2,other
law constitution,2,other
hinduism silence,2,other
law comparative,2,other
law community,2,other
hindutva politics,2,other
law commission,2,other
law combinatorics,2,other
historical record,2,other
law class,2,other
historically,2,other
hero art,2,other
historically black,2,other
historicism feminism,2,other
historicism gender,2,other
historicism history,2,other
historicism literary,2,other
law autonomy,2,other
law architectural,2,other
law anger,2,other
historiography aesthetics,2,other
historiography context,2,other
historiography feminist,2,other
law agency,2,other
historiography history,2,other
hindsight bias,2,other
hindsight,2,other
law denial,2,other
law devolution,2,other
hero mythology,2,other
heterodoxy,2,other
law interpretation,2,other
heteronormativity aesthetics,2,other
heteronormativity feminism,2,other
law institution,2,other
law injustice,2,other
heteronormativity human,2,other
law inclusion,2,other
heteronormativity masculinity,2,other
heterosexism gender,2,other
heterosexism psychology,2,other
heterosexism sociology,2,other
heterosexuality homosexuality,2,other
heterosexuality narrative,2,other
heterosexuality politics,2,other
law field,2,other
heterosexuality sociology,2,other
law equal,2,other
heuristic sociology,2,other
hierarchy feminist,2,other
law empire,2,other
law embryo,2,other
law educational,2,other
hierarchy social,2,other
law doctrine,2,other
high,2,other
food choice,2,other
narrative movement,2,other
narrative movie,2,other
event patriarchy,2,other
politics systems,2,other
politics sustainable,2,other
politics supreme,2,other
politics suicide,2,other
europe history,2,other
politics subordination,2,other
europeanisation,2,other
politics style,2,other
politics structuralism,2,other
evasion,2,other
politics sorrow,2,other
politics sophistication,2,other
politics socioeconomic,2,other
eviction,2,other
politics thematic,2,other
politics self,2,other
politics science,2,other
politics salience,2,other
politics right,2,other
politics rhetorical,2,other
evidence epistemology,2,other
politics reproductive,2,other
evidence law,2,other
politics reign,2,other
politics refugee,2,other
politics reactionary,2,other
evolution computer,2,other
evolution context,2,other
politics term,2,other
politics transformation,2,other
evolution political,2,other
eudora,2,other
popularity art,2,other
popularity appropriation,2,other
ethos context,2,other
popular sovereignty,2,other
ethos ideology,2,other
polyphony,2,other
pollution,2,other
ethos narrative,2,other
polity sociology,2,other
polity political,2,other
polity art,2,other
etic,2,other
politics working,2,other
eugenics abortion,2,other
eurocentrism politics,2,other
eugenics birth,2,other
eugenics human,2,other
politics waste,2,other
politics vulnerability,2,other
politics voting,2,other
eugenics ideology,2,other
eugenics population,2,other
politics viewpoints,2,other
eugenics race,2,other
politics universality,2,other
eurobarometer,2,other
politics undo,2,other
politics turkish,2,other
evolution oppression,2,other
evolutionism,2,other
existential criticism,2,other
exegesis interpretation,2,other
politics news,2,other
exchange relation,2,other
politics neutrality,2,other
exchange state,2,other
exchange subject,2,other
exchange value,2,other
exchange vitality,2,other
politics nationality,2,other
politics nation,2,other
exclusion criteria,2,other
exclusion political,2,other
politics muslim,2,other
exegesis feminism,2,other
politics modernism,2,other
politics objectivity,2,other
politics military,2,other
exegesis islam,2,other
exhibition art,2,other
exhibition queer,2,other
exhibition visual,2,other
politics materiality,2,other
existential action,2,other
politics market,2,other
existential character,2,other
politics livelihood,2,other
existential computer,2,other
existential consumption,2,other
existential context,2,other
exchange reading,2,other
politics ontology,2,other
politics psychoanalytic,2,other
exchange critical,2,other
excellence feminism,2,other
politics psychic,2,other
exception,2,other
politics project,2,other
exceptionalism environmental,2,other
politics profit,2,other
politics prison,2,other
politics prime,2,other
politics prejudice,2,other
politics post,2,other
politics position,2,other
politics portrait,2,other
politics pornography,2,other
exchange cultural,2,other
politics painting,2,other
exchange environmental,2,other
exchange feminist,2,other
politics pluralism,2,other
politics plural,2,other
exchange human,2,other
politics phenomenon,2,other
politics phenomenology,2,other
exchange market,2,other
politics performative,2,other
politics peace,2,other
politics patriotism,2,other
politics path,2,other
politics passions,2,other
popularity ecology,2,other
ethnomusicology,2,other
popularity political,2,other
ethnography conversation,2,other
posthumanism situated,2,other
posthumanism scholarship,2,other
posthumanism openness,2,other
ethnocentrism political,2,other
posthumanism economic,2,other
posthumanism art,2,other
ethnocentrism sociology,2,other
posthuman undoing,2,other
posthuman feminist,2,other
ethnography biography,2,other
posthuman epistemology,2,other
ethnography citizen,2,other
ethnography colonialism,2,other
ethnography developmental,2,other
ethnic studies,2,other
ethnography diversity,2,other
ethnography empathy,2,other
ethnography engineering,2,other
positivism universalism,2,other
positivism social,2,other
positivism postmodernism,2,other
positivism constructivism,2,other
positive law,2,other
ethnography geography,2,other
positive attitude,2,other
ethnography health,2,other
positioning,2,other
position politics,2,other
ethnocentrism gender,2,other
ethics work,2,other
popularity popular,2,other
postmodernism perspective,2,other
ethics reproduction,2,other
ethics reproductive,2,other
postmodernism space,2,other
ethics research,2,other
postmodernism social,2,other
postmodernism romance,2,other
postmodernism resistance,2,other
postmodernism religious,2,other
postmodernism realism,2,other
postmodernism reading,2,other
postmodernism queer,2,other
postmodernism postcolonialism,2,other
ethics scholarship,2,other
postmodernism oppression,2,other
postmodernism autonomy,2,other
postmodernism nationalism,2,other
postmodernism mainstream,2,other
postmodernism literature,2,other
postmodernism latin,2,other
postmodernism islam,2,other
postmodernism history,2,other
postmodernism hegemony,2,other
ethics sustainability,2,other
ethics sustainable,2,other
ethics technology,2,other
postmodernism empire,2,other
postmodernism drama,2,other
postmodernism buddhism,2,other
position political,2,other
position paper,2,other
ethnography human,2,other
population fertility,2,other
ethnography state,2,other
ethnology archaeology,2,other
population pedagogy,2,other
ethnology biology,2,other
population nationalism,2,other
ethnology computer,2,other
population literature,2,other
ethnology criminology,2,other
population intervention,2,other
ethnology ecology,2,other
population gynecology,2,other
ethnology feminism,2,other
population genetics,2,other
ethnology geography,2,other
ethnography identity,2,other
population eugenics,2,other
population developmental,2,other
population development,2,other
ethnology neuroscience,2,other
population chromatography,2,other
population birth,2,other
population art,2,other
ethnology population,2,other
population anthropology,2,other
ethnology socioeconomics,2,other
popularity style,2,other
ethnomethodology,2,other
popularity sex,2,other
ethnography reflexivity,2,other
ethnography queer,2,other
population psychotherapist,2,other
ethnography public,2,other
portuguese feminism,2,other
ethnography immigration,2,other
ethnography inequality,2,other
ethnography institution,2,other
ethnography loyalty,2,other
pornography relation,2,other
pornography psychology,2,other
pornography objectification,2,other
pornography morality,2,other
pornography mainstream,2,other
pornography internet,2,other
ethnography online,2,other
pornography criminology,2,other
pornography context,2,other
pornography censorship,2,other
pornography battle,2,other
pornography agency,2,other
populism right,2,other
ethnography pedagogy,2,other
ethnography perspective,2,other
ethnography phenomenology,2,other
ethnography postmodernity,2,other
population statistics,2,other
ethnography psychological,2,other
population sexual,2,other
population reproductive,2,other
population representation,2,other
existential critical,2,other
existential embodied,2,other
postmodernity postmodernism,2,other
poetics literary,2,other
poetry media,2,other
fantasy witch,2,other
poetry irish,2,other
poetry identity,2,other
poetry frost,2,other
poetry criticism,2,other
poetry black,2,other
poetry biology,2,other
poetry biography,2,other
poetics social,2,other
poetics situated,2,other
poetics politics,2,other
poetics materialism,2,other
poetics gender,2,other
poetry perspective,2,other
poetics epistemology,2,other
poetics cultural,2,other
poetics aesthetics,2,other
pluralism sociology,2,other
feed,2,other
feeding medicine,2,other
plural politics,2,other
feeling affect,2,other
feeling biography,2,other
pledge,2,other
feeling compassion,2,other
pleasure queer,2,other
pleasure power,2,other
poetry nationalism,2,other
fantasy white,2,other
pleasure patriarchy,2,other
policy business,2,other
fandom media,2,other
policy socioeconomics,2,other
fandom sociology,2,other
policy qualitative,2,other
fandom transformative,2,other
policy pedagogy,2,other
policy law,2,other
policy government,2,other
policy geography,2,other
policy feminist,2,other
policy feminism,2,other
policy equity,2,other
policy economic,2,other
fantasy human,2,other
poetry poetics,2,other
polarity international,2,other
polarity,2,other
fantasy politics,2,other
point physics,2,other
fantasy psychology,2,other
poetry subject,2,other
poetry state,2,other
fantasy relation,2,other
poetry sign,2,other
poetry resistance,2,other
poetry racism,2,other
poetry power,2,other
fantasy unconscious,2,other
pleasure political,2,other
feeling epistemology,2,other
existential face,2,other
physics relevance,2,other
physics women,2,other
physics voluntary,2,other
physics transformative,2,other
femicide domestic,2,other
physics theoretical,2,other
femicide gender,2,other
physics status,2,other
femininity argument,2,other
physics self,2,other
physics scholarship,2,other
physics romance,2,other
physics rhetoric,2,other
femininity criticism,2,other
physics reflection,2,other
piety gender,2,other
physics rationality,2,other
physics racism,2,other
femininity empire,2,other
femininity hegemony,2,other
physics psychological,2,other
femininity law,2,other
physics private,2,other
physics praxis,2,other
physics practice,2,other
femininity literature,2,other
physics positive,2,other
femininity mainstream,2,other
femininity meaning,2,other
female black,2,other
piety sociology,2,other
pleasure feminist,2,other
planning gender,2,other
feeling identity,2,other
pleasure feeling,2,other
pleasure criticism,2,other
pleasure agency,2,other
plea psychology,2,other
feeling narrative,2,other
plastic surgery,2,other
plastic,2,other
plant ecology,2,other
feeling object,2,other
planning management,2,other
planning linguistics,2,other
planning history,2,other
feeling psychoanalysis,2,other
piety subjectivity,2,other
feeling qualitative,2,other
planning business,2,other
planning autonomy,2,other
feeling romance,2,other
placement,2,other
place based,2,other
feeling social,2,other
feeling state,2,other
pill medicine,2,other
pill feminism,2,other
pill family,2,other
feeling thematic,2,other
pilgrim,2,other
policy state,2,other
fandom gender,2,other
fanaticism sociology,2,other
experience context,2,other
politics feminization,2,other
existentialism psychology,2,other
politics existentialism,2,other
politics evolutionary,2,other
politics ethnology,2,other
expansionism politics,2,other
expansive queer,2,other
expansive sociology,2,other
politics enthusiasm,2,other
expatriate,2,other
politics empirical,2,other
expected,2,other
expenditure,2,other
experience gender,2,other
existentialism new,2,other
politics dualism,2,other
experience interpretation,2,other
politics domestic,2,other
experience philosophy,2,other
politics discourse,2,other
politics disappointment,2,other
politics disadvantaged,2,other
politics diplomacy,2,other
politics dilemma,2,other
experience political,2,other
politics depiction,2,other
politics denial,2,other
experience psychology,2,other
existentialism oppression,2,other
existentialism narrative,2,other
family ties,2,other
politics icon,2,other
politics left,2,other
existential feminist,2,other
existential field,2,other
politics labour,2,other
existential human,2,other
politics intervention,2,other
existential ideal,2,other
politics interpersonal,2,other
politics information,2,other
existential narrative,2,other
existential negotiation,2,other
existential newspaper,2,other
politics identification,2,other
politics humanity,2,other
politics function,2,other
existential phenomenon,2,other
politics historical,2,other
politics hierarchy,2,other
politics heteronormativity,2,other
existential scholarship,2,other
politics hegemonic,2,other
existential subject,2,other
existential transition,2,other
existentialism feminist,2,other
politics generative,2,other
existentialism interpretation,2,other
politics gaze,2,other
politics garcia,2,other
politics deconstruction,2,other
politics declaration,2,other
politics daughter,2,other
faith narrative,2,other
facial expression,2,other
politics biography,2,other
politics beauty,2,other
politics battle,2,other
facto feminism,2,other
politics atlantic,2,other
facto law,2,other
facto political,2,other
faith agency,2,other
faith environmental,2,other
politics anthropocentrism,2,other
politics animal,2,other
faith identity,2,other
politics alliance,2,other
experimental,2,other
politics allegory,2,other
politics agriculture,2,other
politics adversary,2,other
faith power,2,other
politics accountability,2,other
faith scholarship,2,other
faith social,2,other
faith spirituality,2,other
faith theology,2,other
political process,2,other
political methodology,2,other
falling accident,2,other
family growth,2,other
politics buddhism,2,other
fable allegory,2,other
politics cabinet,2,other
eye translation,2,other
experimentalism,2,other
politics criminal,2,other
politics convergence,2,other
politics consumption,2,other
politics consolidation,2,other
politics conservatism,2,other
exploit political,2,other
politics conjunction,2,other
politics confessional,2,other
exploratory analysis,2,other
politics compromise,2,other
politics competence,2,other
expression expression,2,other
politics commodity,2,other
expropriation,2,other
externalism,2,other
politics cold,2,other
politics climate,2,other
extinction,2,other
politics classical,2,other
extinction optical,2,other
extraterrestrial,2,other
extraterrestrial life,2,other
politics christianity,2,other
politics child,2,other
extremism,2,other
politics categorization,2,other
postmodernity modernity,2,other
postmodernity sociology,2,other
physics petroleum,2,other
psychology empowerment,2,other
psychology independence,2,other
psychology immigration,2,other
psychology identification,2,other
psychology hegemonic,2,other
psychology harassment,2,other
psychology gynecology,2,other
psychology graduate,2,other
psychology fishery,2,other
psychology fertility,2,other
psychology femininity,2,other
psychology false,2,other
psychology exploratory,2,other
psychology experiential,2,other
psychology early,2,other
psychology interrogation,2,other
psychology distancing,2,other
psychology disease,2,other
psychology discipline,2,other
psychology descriptive,2,other
psychology depression,2,other
psychology daughter,2,other
psychology darwinism,2,other
psychology critical,2,other
psychology credibility,2,other
psychology convergent,2,other
psychology content,2,other
psychology construct,2,other
psychology confounding,2,other
psychology injury,2,other
psychology irrational,2,other
psychology compliance,2,other
psychology musical,2,other
psychology peer,2,other
psychology patriarchy,2,other
psychology pandemic,2,other
psychology orientation,2,other
psychology optimism,2,other
psychology optics,2,other
psychology opposition,2,other
psychology openness,2,other
psychology oceanography,2,other
psychology neglect,2,other
psychology naturalism,2,other
psychology natural,2,other
psychology narcissism,2,other
psychology movie,2,other
psychology job,2,other
psychology mood,2,other
psychology meta,2,other
psychology messenger,2,other
psychology medline,2,other
psychology mediation,2,other
psychology mating,2,other
psychology mass,2,other
psychology male,2,other
psychology macroeconomics,2,other
psychology loneliness,2,other
psychology literacy,2,other
psychology legitimacy,2,other
psychology learning,2,other
psychology conflict,2,other
psychology collective,2,other
psychiatry human,2,other
psychoanalysis consciousness,2,other
psychoanalysis machine,2,other
psychoanalysis interpretation,2,other
psychoanalysis inequality,2,other
psychoanalysis heteronormativity,2,other
psychoanalysis film,2,other
epistemology psychic,2,other
psychoanalysis fantasy,2,other
epistemology pure,2,other
psychoanalysis environmental,2,other
psychoanalysis developmental,2,other
psychoanalysis criticism,2,other
psychoanalysis contingency,2,other
psychoanalysis context,2,other
psychoanalysis botany,2,other
psychoanalysis oedipus,2,other
psychoanalysis applied,2,other
psychoanalysis agency,2,other
psychic aesthetics,2,other
epistemology representation,2,other
psychiatry world,2,other
epistemology scientific,2,other
epistemology sedimentary,2,other
epistemology skepticism,2,other
epistemology sociological,2,other
psychiatry medline,2,other
psychiatry mathematical,2,other
epistemology strengths,2,other
epistemology structuralism,2,other
psychoanalysis mental,2,other
psychoanalysis paleontology,2,other
psychology clothing,2,other
psychology action,2,other
psychology citizenship,2,other
psychology blame,2,other
psychology beijing,2,other
psychology autism,2,other
psychology assertiveness,2,other
psychology asian,2,other
psychology anorexia,2,other
psychology animal,2,other
psychology anatomy,2,other
psychology affirmative,2,other
psychology adult,2,other
psychology addiction,2,other
psychology active,2,other
psychological sociology,2,other
psychoanalysis pathology,2,other
psycholinguistics political,2,other
psycholinguistics media,2,other
psychodynamics feminism,2,other
psychoanalysis wave,2,other
psychoanalysis section,2,other
psychoanalysis reading,2,other
psychoanalysis qualitative,2,other
psychoanalysis psychiatry,2,other
psychoanalysis power,2,other
psychoanalysis postmodernism,2,other
psychoanalysis perspective,2,other
psychoanalysis personality,2,other
psychoanalysis pedagogy,2,other
psychology pornography,2,other
psychology presentation,2,other
psychology pride,2,other
punctuation media,2,other
quality computer,2,other
qua non,2,other
qua,2,other
pyramid,2,other
purpura,2,other
punk sociology,2,other
punk ethos,2,other
punk context,2,other
punctuation value,2,other
punctuation representation,2,other
punctuation production,2,other
punctuation narrative,2,other
punctuation movement,2,other
punctuation internet,2,other
quantitative linguistics,2,other
punctuation government,2,other
punctuation discipline,2,other
punctuation data,2,other
punctuation curriculum,2,other
punctuation class,2,other
pulp paper,2,other
pulp,2,other
puerto rican,2,other
puerto,2,other
publishing working,2,other
publishing scholarship,2,other
publishing public,2,other
publishing psychology,2,other
quality quality,2,other
quantum entanglement,2,other
psychology primary,2,other
queer normative,2,other
question power,2,other
question politics,2,other
question political,2,other
question perspective,2,other
question linguistics,2,other
queer wave,2,other
queer trope,2,other
queer terminology,2,other
queer representation,2,other
queer reading,2,other
queer postcolonialism,2,other
queer poetry,2,other
queer pleasure,2,other
queer norm,2,other
queer agency,2,other
queer marxist,2,other
queer humanities,2,other
queer homosexuality,2,other
queer history,2,other
queer historiography,2,other
queer field,2,other
queer femininity,2,other
queer empowerment,2,other
queer deconstruction,2,other
queer cultural,2,other
queer critical,2,other
queer conversation,2,other
queer black,2,other
publishing power,2,other
publishing politics,2,other
publishing philosophy,2,other
psychology strict,2,other
psychometrics political,2,other
psychometrics developmental,2,other
psychology wave,2,other
psychology vulnerability,2,other
psychology voting,2,other
psychology visibility,2,other
psychology virology,2,other
psychology variables,2,other
psychology triangulation,2,other
psychology theme,2,other
psychology terrorism,2,other
psychology terminology,2,other
psychology surgery,2,other
psychology stressor,2,other
publishing literature,2,other
psychology skepticism,2,other
psychology situational,2,other
psychology silence,2,other
psychology significant,2,other
psychology service,2,other
psychology selection,2,other
psychology science,2,other
psychology school,2,other
psychology salience,2,other
psychology rhetorical,2,other
psychology relevance,2,other
psychology recall,2,other
psychology product,2,other
psychometrics racism,2,other
psychosexual,2,other
psychosexual development,2,other
psychosocial affect,2,other
publishing action,2,other
publics political,2,other
publics gender,2,other
publics feminism,2,other
publicity mainstream,2,other
publicity feminism,2,other
publication political,2,other
publication feminism,2,other
public transport,2,other
public participation,2,other
public engagement,2,other
psycinfo scopus,2,other
psycinfo cinahl,2,other
psychotherapy,2,other
psychotherapist psychodynamics,2,other
psychotherapist poison,2,other
psychotherapist paleontology,2,other
psychotherapist mechanical,2,other
psychotherapist internal,2,other
psychotherapist finance,2,other
psychotherapist environmental,2,other
psychotherapist economics,2,other
psychotherapist communication,2,other
psychotherapist clinical,2,other
psychotherapist chemistry,2,other
psychotherapist aesthetics,2,other
psychosocial gender,2,other
psychiatry infectious,2,other
epistemology suicide,2,other
postponement,2,other
pregnancy reproductive,2,other
presentism,2,other
ethics curriculum,2,other
ethics development,2,other
prescription,2,other
prenatal care,2,other
prenatal,2,other
premise psychoanalysis,2,other
premise popular,2,other
premise gender,2,other
premise democracy,2,other
ethics earth,2,other
ethics embodied,2,other
ethics environmentalism,2,other
pregnancy quantum,2,other
presidential law,2,other
pregnancy psychology,2,other
pregnancy pregnancy,2,other
pregnancy population,2,other
pregnancy politics,2,other
pregnancy nursing,2,other
pregnancy human,2,other
ethics focus,2,other
ethics framing,2,other
pregnancy finance,2,other
pregnancy economics,2,other
pregnancy demography,2,other
pregnancy computer,2,other
ethics girl,2,other
presidential feminism,2,other
presidential political,2,other
ethics global,2,other
prevention linguistics,2,other
pride gender,2,other
pride feminism,2,other
price sociology,2,other
prevention suicide,2,other
prevention psychotherapist,2,other
ethical theories,2,other
prevention psychoanalysis,2,other
prevention psychiatry,2,other
ethics animal,2,other
ethics anthropocentrism,2,other
prevention physics,2,other
prevention philosophy,2,other
prevention occupational,2,other
prevention history,2,other
presidential politics,2,other
prevention family,2,other
ethics artificial,2,other
prevention engineering,2,other
prevention archaeology,2,other
prevention aesthetics,2,other
pretext,2,other
presupposition identity,2,other
presumption politics,2,other
ethics character,2,other
prestige gender,2,other
ethics citizenship,2,other
ethics cognitive,2,other
presidential presidential,2,other
pregnancy anthropology,2,other
preference psychology,2,other
psychiatry engineering,2,other
poverty unemployment,2,other
pragmatism haddock,2,other
practicum,2,other
ethics oppression,2,other
practice sociology,2,other
practice public,2,other
practice political,2,other
practice medicine,2,other
pozzolanic,2,other
power political,2,other
ethics population,2,other
power feminism,2,other
power black,2,other
ethics position,2,other
poverty sustainability,2,other
pragmatism perspective,2,other
poverty single,2,other
poverty population,2,other
ethics process,2,other
poverty ideology,2,other
poverty identity,2,other
poverty government,2,other
poverty face,2,other
poverty environmental,2,other
poverty economics,2,other
poverty criminology,2,other
poverty agency,2,other
ethics qualitative,2,other
potter,2,other
pragmatism objectivity,2,other
pragmatism social,2,other
preference gender,2,other
praxis intersectionality,2,other
ethics harm,2,other
predictive analytics,2,other
ethics health,2,other
precondition,2,other
precarity capitalism,2,other
ethics identity,2,other
pre,2,other
praxis transformative,2,other
praxis subjectivity,2,other
ethics individualism,2,other
praxis situated,2,other
praxis racism,2,other
praxis narrative,2,other
praxis ignorance,2,other
pragmatism transactional,2,other
praxis identity,2,other
praxis human,2,other
ethics judaism,2,other
praxis feminist,2,other
praxis curriculum,2,other
praxis contest,2,other
praxis archaeology,2,other
praxis agency,2,other
praxis aesthetics,2,other
ethics liberalism,2,other
praise psychology,2,other
praise feminism,2,other
ethics linguistics,2,other
pride politics,2,other
ethical code,2,other
primary astronomy,2,other
professional psychology,2,other
equality feminist,2,other
progressive era,2,other
programming psychology,2,other
programming power,2,other
programming political,2,other
programming computer,2,other
programming art,2,other
equality philosophy,2,other
programmable gate,2,other
programmable,2,other
equality power,2,other
profiling computer,2,other
equality representation,2,other
professional learning,2,other
equality demographic,2,other
professional ethics,2,other
equality scale,2,other
profession political,2,other
production sociology,2,other
production production,2,other
production politics,2,other
production political,2,other
production epistemology,2,other
equity fertility,2,other
production critical,2,other
equity gender,2,other
equity identity,2,other
procurement,2,other
equality economic,2,other
projective,2,other
primary prevention,2,other
protective,2,other
psychiatry eating,2,other
epistemology symbolic,2,other
epistemology theme,2,other
epistemology urban,2,other
pseudonym feminism,2,other
pseudomonas,2,other
prudence,2,other
protestantism ideology,2,other
protestantism history,2,other
protestantism gender,2,other
protestantism feminism,2,other
protestantism faith,2,other
protein structural,2,other
protectionism,2,other
equality context,2,other
protection environmental,2,other
protection clause,2,other
prostate,2,other
prosperity presidency,2,other
prosperity context,2,other
proportional representation,2,other
proportional,2,other
property social,2,other
property political,2,other
pronoun linguistics,2,other
equal protection,2,other
prologue feminism,2,other
equality advertising,2,other
processing sociology,2,other
processing social,2,other
equity intersectionality,2,other
privacy artificial,2,other
essentialism empowerment,2,other
essentialism femininity,2,other
essentialism humanity,2,other
privacy politics,2,other
essentialism identity,2,other
privacy policy,2,other
essentialism media,2,other
essentialism opposition,2,other
privacy internet,2,other
privacy human,2,other
privacy engineering,2,other
privacy design,2,other
essentialism political,2,other
privacy advertising,2,other
processing epistemology,2,other
prison politics,2,other
essentialism queer,2,other
essentialism situated,2,other
printmaking,2,other
print culture,2,other
essentialism subjectivity,2,other
principle social,2,other
esteem gender,2,other
primer cosmetics,2,other
primer,2,other
prime order,2,other
esteem sociology,2,other
primatology evolutionary,2,other
essentialism aesthetics,2,other
privilege feminism,2,other
privilege gender,2,other
privilege privilege,2,other
equity nursing,2,other
process subject,2,other
process space,2,other
equity race,2,other
process resistance,2,other
process representation,2,other
process relation,2,other
equivalence,2,other
process poetics,2,other
process metaphor,2,other
process law,2,other
process index,2,other
process human,2,other
ergonomics injury,2,other
ergonomics mathematics,2,other
process domestic,2,other
process criticism,2,other
process conversation,2,other
process citation,2,other
process character,2,other
ergonomics sociology,2,other
problem based,2,other
probit model,2,other
probit economics,2,other
eroticism pornography,2,other
escherichia,2,other
escherichia coli,2,other
physics phenomenon,2,other
physics pessimism,2,other
narrative mythology,2,other
feminism stigma,2,other
opinion feminism,2,other
opinion democracy,2,other
opinion abortion,2,other
ophthalmology medicine,2,other
feminism stage,2,other
operations war,2,other
feminism stall,2,other
feminism statement,2,other
operationalization politics,2,other
operationalization gender,2,other
operationalization conceptualization,2,other
operating theology,2,other
feminism stereotype,2,other
feminism strengths,2,other
feminism spark,2,other
operating pathology,2,other
operating neuroscience,2,other
operating meteorology,2,other
operating medicine,2,other
operating marketing,2,other
feminism suicide,2,other
feminism summit,2,other
feminism suns,2,other
feminism supporter,2,other
operating chemistry,2,other
feminism syllabus,2,other
operating astrophysics,2,other
operating algorithm,2,other
opinion gender,2,other
feminism spanish,2,other
feminism sympathy,2,other
oppression critical,2,other
oppression manifesto,2,other
oppression law,2,other
oppression jurisprudence,2,other
oppression islam,2,other
feminism sky,2,other
oppression inequality,2,other
oppression government,2,other
feminism sociobiology,2,other
feminism socioeconomic,2,other
feminism sophistication,2,other
oppression empowerment,2,other
oppression emancipation,2,other
oppression destiny,2,other
oppression consciousness,2,other
opportunity social,2,other
oppression conceptualization,2,other
oppression china,2,other
oppression character,2,other
oppression caste,2,other
oppression black,2,other
oppression autonomy,2,other
oppression argument,2,other
oppression animal,2,other
oppression agency,2,other
feminism sound,2,other
opposition psychology,2,other
feminism south,2,other
opposition ideology,2,other
opera soap,2,other
feminism taboo,2,other
feminism virginity,2,other
obligation politics,2,other
obstetrics relation,2,other
obstetrics psychoanalysis,2,other
obstetrics nursing,2,other
feminism trips,2,other
feminism trope,2,other
feminism tying,2,other
obsolescence,2,other
observational study,2,other
observational,2,other
observation sociology,2,other
observation field,2,other
feminism ukrainian,2,other
obligation sociology,2,other
obligation political,2,other
obstetrics social,2,other
objector abortion,2,other
objector,2,other
feminism undoing,2,other
objectification subjectivity,2,other
feminism urban,2,other
objectification representation,2,other
objectification politics,2,other
objectification human,2,other
feminism urbanization,2,other
objectification aesthetics,2,other
object sociology,2,other
feminism vampire,2,other
feminism victimology,2,other
obstetrics reproductive,2,other
feminism tribe,2,other
feminism tears,2,other
feminism tone,2,other
open university,2,other
open science,2,other
open defecation,2,other
open data,2,other
oocyte,2,other
ontology power,2,other
feminism term,2,other
feminism terminology,2,other
feminism test,2,other
feminism testimonial,2,other
oncology,2,other
feminism theosophy,2,other
oil spill,2,other
offline sociology,2,other
feminism treaty,2,other
offline social,2,other
offline feminism,2,other
feminism tracing,2,other
offensive gender,2,other
offensive framing,2,other
feminism tragedy,2,other
oceanography political,2,other
oceanography philosophy,2,other
oceanography linguistics,2,other
oceanography law,2,other
oceanography history,2,other
oceanography art,2,other
feminism transparency,2,other
oppression marxist,2,other
oppression multiculturalism,2,other
oppression narrative,2,other
feminism recreation,2,other
feminism radical,2,other
outgroups,2,other
outer membrane,2,other
outer,2,other
outdoor education,2,other
outdoor,2,other
outbreak virology,2,other
outbreak public,2,other
outbreak political,2,other
outbreak mathematics,2,other
outbreak infectious,2,other
feminism reciprocity,2,other
oryx,2,other
originality narrative,2,other
feminism racialization,2,other
originality feminism,2,other
originality entrepreneurship,2,other
originality aesthetics,2,other
original position,2,other
feminism reductionism,2,other
feminism reign,2,other
orientation clinical,2,other
orientation aesthetics,2,other
feminism reprint,2,other
feminism reputation,2,other
orientalism patriarchy,2,other
orientalism media,2,other
orientalism islamophobia,2,other
outrage feminism,2,other
ovary,2,other
oppression neoliberalism,2,other
feminism professionalization,2,other
feminism positive,2,other
pandemic context,2,other
feminism possession,2,other
feminism postmodernity,2,other
palm oil,2,other
feminism preference,2,other
paleontology psychotherapist,2,other
paleontology pedagogy,2,other
paleontology operating,2,other
paleontology mathematical,2,other
paleontology gender,2,other
paleontology finance,2,other
feminism professional,2,other
paleontology communication,2,other
feminism quality,2,other
paleontology chemistry,2,other
paleontology bacteria,2,other
feminism property,2,other
painting portrait,2,other
painting gender,2,other
painting aesthetics,2,other
feminism psyche,2,other
feminism psychodynamics,2,other
paganism feminism,2,other
pace context,2,other
feminism publicity,2,other
oz,2,other
oxymoron feminism,2,other
feminism resentment,2,other
orientalism context,2,other
orientalism art,2,other
oppression status,2,other
optics identity,2,other
optics history,2,other
optics geometry,2,other
optics focus,2,other
optics environmental,2,other
optics engineering,2,other
optics constructive,2,other
optics chemistry,2,other
optics biology,2,other
optics art,2,other
optical mineralogy,2,other
feminism settlement,2,other
oppression women,2,other
feminism shame,2,other
feminism resilience,2,other
oppression socialism,2,other
oppression sexual,2,other
feminism sharia,2,other
oppression race,2,other
oppression queer,2,other
oppression psychoanalysis,2,other
feminism similarity,2,other
oppression praxis,2,other
oppression power,2,other
oppression posthuman,2,other
oppression postcolonialism,2,other
feminism simulacrum,2,other
oppression poetry,2,other
optics mathematical,2,other
optics media,2,other
optics medicine,2,other
optics operating,2,other
organizational studies,2,other
feminism rewriting,2,other
organization public,2,other
feminism romanian,2,other
organised crime,2,other
organised,2,other
feminism romanticism,2,other
organ medicine,2,other
organ donation,2,other
feminism rural,2,other
ordination gender,2,other
feminism sacrifice,2,other
ordinary,2,other
order social,2,other
feminism saint,2,other
ordeal,2,other
feminism salience,2,other
oral contraceptive,2,other
optometry political,2,other
feminism salon,2,other
optimism sociology,2,other
feminism science,2,other
optics process,2,other
optics politics,2,other
feminism sensibility,2,other
feminism sensitivity,2,other
optics pedagogy,2,other
obesity weight,2,other
feminism virtue,2,other
pandemic human,2,other
natural science,2,other
negativity,2,other
needs hierarchy,2,other
financial inclusion,2,other
nazism sociology,2,other
nazism history,2,other
financial market,2,other
nazi germany,2,other
nazi,2,other
navigation sociology,2,other
navigation feminism,2,other
naturalism epistemology,2,other
natural theology,2,other
natural selection,2,other
firearms history,2,other
finance vulnerability,2,other
natural history,2,other
fishery environmental,2,other
native advertising,2,other
nationality political,2,other
nationality identity,2,other
fishery sociology,2,other
nationalist movement,2,other
nationalist,2,other
nationalism wife,2,other
nationalism suffrage,2,other
flannery,2,other
nationalism socialism,2,other
nationalism romance,2,other
negativity effect,2,other
neglect political,2,other
nationalism protestantism,2,other
finance physical,2,other
network chemistry,2,other
network biology,2,other
network anthropology,2,other
finance medicine,2,other
nest protein,2,other
nest,2,other
finance microeconomics,2,other
neonatal intensive,2,other
neonatal,2,other
finance paleontology,2,other
finance pathology,2,other
finance period,2,other
negotiation space,2,other
finance power,2,other
neglect sociology,2,other
negotiation psychology,2,other
negotiation neoliberalism,2,other
negotiation intersectionality,2,other
finance psychotherapist,2,other
finance public,2,other
negotiation feeling,2,other
negotiation ethnography,2,other
negotiation distancing,2,other
negotiation conversation,2,other
negotiation argument,2,other
negotiation archaeology,2,other
negotiation agency,2,other
finance structural,2,other
nationalism racism,2,other
flemish,2,other
nurture sociology,2,other
narrative privilege,2,other
fluid gender,2,other
fluid history,2,other
narrative settlement,2,other
fluid mechanics,2,other
narrative romance,2,other
narrative review,2,other
narrative resistance,2,other
narrative refugee,2,other
fluid political,2,other
narrative public,2,other
fluid sociology,2,other
narrative psychological,2,other
narrative project,2,other
narrative prejudice,2,other
narrative subversion,2,other
folk,2,other
narrative popular,2,other
folklore ethnography,2,other
folklore narrative,2,other
narrative poetics,2,other
narrative pleasure,2,other
narrative period,2,other
narrative parallels,2,other
narrative oppression,2,other
narrative operationalization,2,other
narrative normative,2,other
narrative nationalism,2,other
narrative national,2,other
narrative solidarity,2,other
narrative theme,2,other
nationalism new,2,other
national survey,2,other
nationalism national,2,other
nationalism narrative,2,other
nationalism modernity,2,other
nationalism modernism,2,other
nationalism livelihood,2,other
nationalism islam,2,other
flesh art,2,other
nationalism human,2,other
flirting,2,other
nationalism feminist,2,other
nationalism empire,2,other
nationalism democracy,2,other
nationalism colonialism,2,other
flourishing epistemology,2,other
narrative trace,2,other
flourishing gender,2,other
narratology narrative,2,other
narratology feminism,2,other
flourishing globe,2,other
narrativity,2,other
narrative work,2,other
narrative women,2,other
narrative witness,2,other
flourishing sociology,2,other
narrative vision,2,other
narrative value,2,other
narrative transgender,2,other
narrative transformative,2,other
network law,2,other
network medicine,2,other
network politics,2,other
normative narrative,2,other
nuclear engineering,2,other
fertility feminism,2,other
novella sociology,2,other
novella literature,2,other
notice art,2,other
fertility law,2,other
notation,2,other
norwegian feminism,2,other
north atlantic,2,other
fertility politics,2,other
fertility population,2,other
fertility sociology,2,other
fetal,2,other
normative masculinity,2,other
fertility demographic,2,other
normative law,2,other
normative international,2,other
normative injustice,2,other
normative ideology,2,other
normative ideal,2,other
normative human,2,other
fetus,2,other
normative field,2,other
fever,2,other
fiber gender,2,other
normative economic,2,other
normative critical,2,other
normative criminology,2,other
fertility demography,2,other
number feminism,2,other
network programming,2,other
nursing mechanical,2,other
nurture politics,2,other
nurture feminism,2,other
nursing syphilis,2,other
nursing suicide,2,other
feminism volume,2,other
nursing reproductive,2,other
feminism wake,2,other
feminism war,2,other
nursing psychoanalysis,2,other
nursing politics,2,other
feminism western,2,other
nursing movement,2,other
feminism wish,2,other
nursing mathematics,2,other
number gender,2,other
nursing linguistics,2,other
nursing geography,2,other
feminism worship,2,other
nursing demography,2,other
feminism yin,2,other
nursing business,2,other
nurse midwives,2,other
fermentation,2,other
fertility context,2,other
number theory,2,other
number social,2,other
number politics,2,other
number political,2,other
normative construct,2,other
normative conceptualization,2,other
fiber psychology,2,other
neuroscience family,2,other
neuroscience radiology,2,other
finance artificial,2,other
neuroscience pure,2,other
finance business,2,other
neuroscience pedagogy,2,other
neuroscience pathology,2,other
neuroscience paleontology,2,other
neuroscience optics,2,other
neuroscience operating,2,other
neuroscience multilingualism,2,other
neuroscience genetics,2,other
neuroscience gender,2,other
neuroscience feminism,2,other
neuroscience evolutionary,2,other
fiber sociology,2,other
finance economic,2,other
neuroscience dopaminergic,2,other
neuroscience developmental,2,other
finance family,2,other
finance government,2,other
neuroscience acoustics,2,other
neural network,2,other
neural,2,other
networking radio,2,other
networking political,2,other
networking gender,2,other
networking art,2,other
finance management,2,other
finance art,2,other
filter signal,2,other
filter,2,other
new delhi,2,other
fibromyalgia,2,other
normal science,2,other
field approach,2,other
nonconformist,2,other
non profit,2,other
field programmable,2,other
nominalism,2,other
nobility,2,other
nineteenth century,2,other
nineteenth,2,other
nike feminism,2,other
nightmare,2,other
nightlife,2,other
niece art,2,other
nice,2,other
fifteenth art,2,other
newspaper representation,2,other
file,2,other
newspaper period,2,other
newspaper narrative,2,other
newspaper mathematical,2,other
newspaper mainstream,2,other
newspaper journalism,2,other
newspaper art,2,other
film aesthetics,2,other
film gender,2,other
film genre,2,other
pandemic government,2,other
feminism portrait,2,other
femininity normative,2,other
philosophy lesbian,2,other
feminism developmental,2,other
philosophy medical,2,other
feminism diaspora,2,other
feminism dictatorship,2,other
philosophy materials,2,other
philosophy materiality,2,other
philosophy marxist,2,other
feminism diplomacy,2,other
feminism disability,2,other
feminism displacement,2,other
feminism dissenting,2,other
philosophy life,2,other
feminism diversification,2,other
feminism doing,2,other
philosophy meteorology,2,other
feminism doris,2,other
feminism double,2,other
feminism dual,2,other
philosophy innocence,2,other
philosophy information,2,other
philosophy independence,2,other
feminism dystopia,2,other
philosophy habitus,2,other
philosophy grassroots,2,other
philosophy globalization,2,other
philosophy george,2,other
feminism educational,2,other
philosophy geology,2,other
philosophy medline,2,other
philosophy microeconomics,2,other
feminism empirical,2,other
feminism curiosity,2,other
philosophy religiosity,2,other
feminism confusion,2,other
philosophy relevance,2,other
feminism connection,2,other
philosophy reflexivity,2,other
philosophy rationality,2,other
philosophy racism,2,other
feminism convention,2,other
feminism core,2,other
philosophy premise,2,other
feminism covert,2,other
philosophy posthuman,2,other
philosophy popular,2,other
philosophy phenomenon,2,other
philosophy morality,2,other
philosophy period,2,other
philosophy payment,2,other
feminism database,2,other
feminism declaration,2,other
philosophy object,2,other
philosophy notice,2,other
philosophy nexus,2,other
philosophy neutrality,2,other
feminism demise,2,other
feminism democratization,2,other
feminism demonization,2,other
philosophy mythology,2,other
philosophy multiculturalism,2,other
philosophy genealogy,2,other
philosophy function,2,other
feminism gay,2,other
feminism forensic,2,other
philosophy cloud,2,other
feminism fiber,2,other
philosophy christianity,2,other
feminism film,2,other
philosophy childhood,2,other
philosophy character,2,other
philosophy cell,2,other
philosophy cartesian,2,other
feminism food,2,other
philosophy botany,2,other
feminism football,2,other
feminism foregrounding,2,other
feminism foreign,2,other
feminism formative,2,other
feminism feudalism,2,other
philosophy architectural,2,other
philosophy appeal,2,other
feminism freudian,2,other
philosophy analytic,2,other
philosophy ambivalence,2,other
feminism frontier,2,other
philosophy alliance,2,other
philosophy alienation,2,other
feminism function,2,other
philosophy agriculture,2,other
philosophy agency,2,other
feminism game,2,other
philosophical theory,2,other
philosophy cognition,2,other
philosophy combinatorics,2,other
philosophy framing,2,other
philosophy embryo,2,other
philosophy foundationalism,2,other
feminism enforcement,2,other
philosophy femininity,2,other
philosophy feeling,2,other
philosophy evolutionary,2,other
philosophy ethics,2,other
philosophy essentialism,2,other
philosophy equity,2,other
feminism epic,2,other
feminism erasure,2,other
philosophy entrepreneurship,2,other
feminism estate,2,other
feminism ethics,2,other
philosophy elite,2,other
feminism feminization,2,other
philosophy egalitarianism,2,other
feminism ethnocentrism,2,other
philosophy dominance,2,other
philosophy domestic,2,other
philosophy digital,2,other
philosophy descriptive,2,other
philosophy deconstruction,2,other
feminism extension,2,other
philosophy criminal,2,other
feminism far,2,other
philosophy conceptual,2,other
feminism federalism,2,other
philosophy composite,2,other
philosophy reproduction,2,other
philosophy research,2,other
feminism complicity,2,other
physics embodied,2,other
physics harm,2,other
physics governmentality,2,other
feminism alienation,2,other
physics function,2,other
physics foundation,2,other
physics foregrounding,2,other
feminism animation,2,other
feminism antisemitism,2,other
physics face,2,other
physics evolutionary,2,other
feminism anxiety,2,other
feminism aotearoa,2,other
feminism archaeology,2,other
physics doing,2,other
feminism affirmative,2,other
physics distribution,2,other
physics discipline,2,other
physics disadvantage,2,other
physics direct,2,other
feminism assertion,2,other
physics demography,2,other
physics democracy,2,other
physics debt,2,other
feminism assisted,2,other
physics culture,2,other
feminism association,2,other
feminism aunt,2,other
feminism autoethnography,2,other
physics hegemonic,2,other
feminism affection,2,other
philosophy salient,2,other
femininity representation,2,other
femininity oppression,2,other
physics participant,2,other
femininity patriarchy,2,other
femininity popular,2,other
physics newspaper,2,other
femininity psychoanalysis,2,other
physics neoliberalism,2,other
physics negotiation,2,other
physics mythology,2,other
physics multitude,2,other
physics multiculturalism,2,other
physics michel,2,other
physics mental,2,other
femininity zeitgeist,2,other
physics imaginary,2,other
physics materialism,2,other
physics management,2,other
feminism acknowledgement,2,other
feminism actor,2,other
feminism adaptation,2,other
feminism administration,2,other
physics lesbian,2,other
physics labour,2,other
physics key,2,other
physics judaism,2,other
physics irish,2,other
physics injustice,2,other
physics infectious,2,other
physics constitution,2,other
physics confusion,2,other
feminism baby,2,other
philosophy translation,2,other
feminism circulation,2,other
photovoice context,2,other
photography visual,2,other
photography art,2,other
feminism classics,2,other
feminism climate,2,other
feminism clinical,2,other
philosophy wonder,2,other
philosophy white,2,other
philosophy web,2,other
philosophy watson,2,other
philosophy vulnerability,2,other
philosophy transparency,2,other
philosophy transgender,2,other
physics comparative,2,other
philosophy theme,2,other
philosophy symbol,2,other
philosophy subversion,2,other
feminism commercialization,2,other
feminism commit,2,other
philosophy subaltern,2,other
philosophy south,2,other
philosophy software,2,other
feminism commonwealth,2,other
philosophy skepticism,2,other
philosophy sister,2,other
philosophy simulation,2,other
philosophy sex,2,other
phrase sociology,2,other
phronesis,2,other
physical abuse,2,other
feminism chemistry,2,other
physics community,2,other
feminism battle,2,other
physics collective,2,other
physics civil,2,other
physics citizenship,2,other
physics china,2,other
feminism big,2,other
physics cartography,2,other
physics biography,2,other
physics beauty,2,other
feminism blogosphere,2,other
feminism body,2,other
physics articulation,2,other
feminism breast,2,other
feminism bureaucracy,2,other
physics alliance,2,other
physics alienation,2,other
feminism burlesque,2,other
physics affect,2,other
feminism canon,2,other
physics advertising,2,other
feminism cape,2,other
feminism capital,2,other
physics accounting,2,other
feminism caste,2,other
feminism center,2,other
feminism chaos,2,other
philosophical theology,2,other
philosophical anthropology,2,other
panel discussion,2,other
patriarchy criticism,2,other
patriarchy misrepresentation,2,other
patriarchy literature,2,other
feminism neoclassical,2,other
patriarchy intersectionality,2,other
patriarchy injustice,2,other
feminism neutrality,2,other
patriarchy honor,2,other
patriarchy field,2,other
feminism news,2,other
patriarchy emancipation,2,other
patriarchy dominance,2,other
patriarchy dignity,2,other
patriarchy daughter,2,other
patriarchy critical,2,other
patriarchy mythology,2,other
patriarchy criminology,2,other
patriarchy criminal,2,other
patriarchy colonialism,2,other
patriarchy autonomy,2,other
patriarchy authoritarianism,2,other
patriarchy archetype,2,other
feminism nihilism,2,other
patient empowerment,2,other
feminism norm,2,other
feminism novella,2,other
pathways,2,other
pathology world,2,other
pathology waste,2,other
patriarchy movie,2,other
patriarchy negotiation,2,other
pathology psychotherapist,2,other
patriotism politics,2,other
feminism militant,2,other
feminism militarism,2,other
peat,2,other
peasant social,2,other
peacebuilding sociology,2,other
peacebuilding nexus,2,other
peacebuilding feminism,2,other
feminism mindset,2,other
feminism misrepresentation,2,other
payment computer,2,other
feminism mobilization,2,other
pay equity,2,other
pavilion,2,other
patriotism gender,2,other
patriarchy order,2,other
patriarchy turkish,2,other
patriarchy trope,2,other
patriarchy solidarity,2,other
patriarchy situated,2,other
patriarchy sexual,2,other
patriarchy religious,2,other
patriarchy reflexivity,2,other
patriarchy racism,2,other
feminism musical,2,other
patriarchy psychological,2,other
patriarchy psychoanalysis,2,other
patriarchy postmodernism,2,other
feminism musicology,2,other
pathology virology,2,other
pathology psychoanalysis,2,other
feminism gaze,2,other
parallels narrative,2,other
participatory evaluation,2,other
participatory development,2,other
feminism peace,2,other
participatory democracy,2,other
feminism performativity,2,other
participation online,2,other
feminism performing,2,other
parliament legislature,2,other
feminism personhood,2,other
feminism persuasion,2,other
paratext,2,other
parallels politics,2,other
parallels political,2,other
parallels mechanical,2,other
particle detector,2,other
parallels law,2,other
parallels human,2,other
feminism philology,2,other
parallel thinking,2,other
feminism planet,2,other
paradise sociology,2,other
paradise lost,2,other
papermaking,2,other
paper industry,2,other
paper gender,2,other
feminism polity,2,other
panic political,2,other
panic humanities,2,other
feminism passions,2,other
partition,2,other
pathology politics,2,other
feminism oral,2,other
pathology optics,2,other
pathology neuroscience,2,other
feminism obstetrics,2,other
feminism odds,2,other
pathology internal,2,other
pathology genetics,2,other
pathology environmental,2,other
pathology electrical,2,other
pathology economics,2,other
feminism online,2,other
feminism openness,2,other
pathology art,2,other
feminism optimism,2,other
paternalism subjectivity,2,other
partition number,2,other
paternalism politics,2,other
feminism palestine,2,other
pastoralism,2,other
pastoral care,2,other
feminism pandemic,2,other
feminism paradigm,2,other
passion scholarship,2,other
passage,2,other
party political,2,other
feminism parity,2,other
partnership public,2,other
partnership economic,2,other
feminism participatory,2,other
pedagogy algorithm,2,other
feminism michel,2,other
pedagogy business,2,other
performativity aesthetics,2,other
feminism historicity,2,other
persona identity,2,other
persian literature,2,other
feminism holocaust,2,other
feminism homogeneous,2,other
feminism homosexuality,2,other
periodization,2,other
feminism honour,2,other
feminism hop,2,other
period sociology,2,other
feminism housewife,2,other
period health,2,other
period gender,2,other
feminism indie,2,other
personality big,2,other
feminism influencer,2,other
feminism information,2,other
feminism internationalism,2,other
perfection impossibility,2,other
feminism internationalization,2,other
perception vulnerability,2,other
feminism interpersonal,2,other
feminism interrogation,2,other
perception poison,2,other
perception personality,2,other
perception paleontology,2,other
perception mathematics,2,other
perception mass,2,other
personal development,2,other
personality gender,2,other
feminism measure,2,other
feminism glory,2,other
phenotype gene,2,other
phenomenon state,2,other
feminism genetic,2,other
feminism genius,2,other
phenomenon power,2,other
phenomenon politics,2,other
feminism genocide,2,other
phenomenon nationalism,2,other
phenomenon ideology,2,other
feminism geology,2,other
phenomenon expression,2,other
phenomenon advertising,2,other
feminism globe,2,other
pharmacy,2,other
personality law,2,other
feminism great,2,other
feminism griffin,2,other
petite bourgeoisie,2,other
petite,2,other
pessimism sociology,2,other
pessimism philosophy,2,other
pessimism feminism,2,other
perversion sociology,2,other
perversion psychoanalysis,2,other
personhood sociology,2,other
personhood human,2,other
personhood feminism,2,other
feminism hindi,2,other
perception linguistics,2,other
perception interpersonal,2,other
feminism iris,2,other
feminism lying,2,other
pedagogy psychotherapist,2,other
pedagogy programming,2,other
pedagogy perception,2,other
pedagogy operating,2,other
pedagogy multicultural,2,other
feminism life,2,other
feminism liminality,2,other
feminism lisrel,2,other
pedagogy machine,2,other
feminism literacy,2,other
pedagogy literacy,2,other
feminism lived,2,other
pedagogy leadership,2,other
pedagogy intersectionality,2,other
perception feminist,2,other
pedagogy inclusion,2,other
pedagogy human,2,other
pedagogy geometry,2,other
pedagogy finance,2,other
feminism macedonian,2,other
pedagogy ethnic,2,other
pedagogy equity,2,other
feminism mainstreaming,2,other
feminism male,2,other
pedagogy empowerment,2,other
feminism mandate,2,other
feminism margin,2,other
pedagogy criminology,2,other
feminism language,2,other
pedagogy qualitative,2,other
feminism labour,2,other
pedagogy race,2,other
perception feminism,2,other
perception ethnic,2,other
perception developmental,2,other
perception criminology,2,other
perception construct,2,other
perception action,2,other
people sociology,2,other
people gender,2,other
people epistemology,2,other
pellet feminism,2,other
pellet art,2,other
feminism isolation,2,other
pejorative,2,other
feminism jazz,2,other
pediatrics pregnancy,2,other
pediatrics philosophy,2,other
pediatrics nursing,2,other
pediatrics law,2,other
feminism kindness,2,other
pedagogy world,2,other
pedagogy variety,2,other
pedagogy value,2,other
pedagogy statistics,2,other
feminism knowledge,2,other
feminism korean,2,other
pedagogy scholarship,2,other
pedagogy resistance,2,other
living political,2,other
