word,count,category
feminism,10741,feminism
women,3926,women gender
feminist,2528,feminism
gender,2306,women gender
politics,1069,politics society
social,1047,politics society
new,931,other
feminisms,915,feminism
theory,820,theory philosophy
review,682,other
study,628,theory philosophy
research,610,theory philosophy
critical,605,theory philosophy
black,596,race ethnicity
analysis,591,theory philosophy
studies,579,theory philosophy
education,548,theory philosophy
political,535,politics society
female,523,women gender
woman,486,women gender
history,481,other
american,461,geography region
movement,455,politics society
work,444,economics
culture,443,identity culture
sexual,434,sexuality
sex,427,sexuality
contemporary,417,time period
university,414,theory philosophy
identity,411,identity culture
media,403,identity culture
press,398,identity culture
post,397,time period
violence,395,politics society
perspective,375,other
rights,369,politics society
power,368,politics society
global,366,geography region
science,359,other
cultural,359,identity culture
la,358,other
men,340,politics society
transnational,337,geography region
case,335,theory philosophy
century,332,time period
race,331,race ethnicity
introduction,330,other
book,323,identity culture
pp,323,other
law,318,other
activism,317,politics society
wave,316,time period
development,310,theory philosophy
practice,305,theory philosophy
world,298,other
health,298,health
discourse,298,identity culture
family,293,other
african,286,race ethnicity
international,285,geography region
justice,283,politics society
anti,282,other
literature,281,identity culture
equality,280,politics society
state,277,politics society
art,276,identity culture
modern,274,theory philosophy
body,265,health
life,262,other
self,258,psychology
making,254,other
south,253,other
perspectives,252,other
radical,246,theory philosophy
digital,246,technology
ethics,246,theory philosophy
philosophy,245,theory philosophy
change,245,theory philosophy
care,238,other
public,232,politics society
book review,232,other
human,226,other
writing,224,identity culture
film,223,identity culture
gendered,220,women gender
difference,219,other
queer,213,sexuality
resistance,209,politics society
university press,208,identity culture
policy,208,other
representation,208,identity culture
en,207,other
sexuality,207,sexuality
community,206,politics society
future,203,other
young,198,other
class,196,other
war,195,politics society
95,193,other
exploring,192,other
approach,192,theory philosophy
wave feminism,191,time period
islamic,190,religion
age,189,other
liberal,187,theory philosophy
critique,187,theory philosophy
chinese,185,geography region
girls,185,women gender
popular,185,other
role,181,other
knowledge,181,other
early,179,other
intersectionality,178,intersectionality
reading,178,other
york,177,other
white,176,race ethnicity
french,176,geography region
new york,175,geography region
scp,175,other
africa,174,geography region
amp,174,other
novel,173,identity culture
intersectional,171,intersectionality
learning,171,theory philosophy
teaching,170,theory philosophy
experiences,169,other
second,168,other
reflections,168,other
religion,167,religion
feminism women,167,other
america,166,geography region
relations,165,other
society,165,politics society
bodies,163,health
fiction,163,identity culture
impact,162,other
movements,161,politics society
psychology,161,psychology
domestic,157,other
practices,156,theory philosophy
western,155,other
china,155,geography region
context,155,other
black feminism,154,black feminism
based,153,other
india,153,geography region
united,151,other
right,151,other
male,150,politics society
dalam,150,other
feminists,145,feminism
gender equality,145,women gender
muslim,145,other
literary,144,identity culture
legal,144,other
postcolonial,144,time period
time,141,other
online,141,technology
question,141,other
lesbian,140,sexuality
understanding,140,other
indigenous,140,race ethnicity
identities,139,identity culture
language,139,other
feminism gender,138,other
revolution,137,politics society
british,137,geography region
empowerment,134,politics society
neoliberal,134,theory philosophy
psychoanalysis,133,theory philosophy
love,133,other
working,133,economics
action,131,other
space,131,other
el,131,other
agency,130,other
isbn,130,other
rethinking,130,other
states,130,politics society
masculinity,129,politics society
patriarchy,129,politics society
qualitative,129,theory philosophy
discourses,129,identity culture
children,129,other
challenges,129,other
trans,128,sexuality
narratives,127,identity culture
motherhood,126,women gender
freedom,126,other
era,126,time period
mary,126,other
women feminism,125,other
lt,125,other
women movement,124,women gender
home,123,other
historical,123,other
leadership,123,other
people,123,other
students,123,other
gt,122,other
feminist theory,122,feminism theory
rape,122,politics society
00,121,other
diversity,121,other
attitudes,120,other
higher,119,other
experience,119,other
data,119,other
islam,119,religion
liberation,119,politics society
democracy,119,politics society
narrative,118,identity culture
thinking,117,other
pedagogy,117,theory philosophy
issues,117,other
australian,116,geography region
construction,116,other
paper,115,other
spaces,114,other
london,113,geography region
thought,113,other
translation,113,other
crisis,113,other
second wave,113,time period
perempuan,112,other
united states,111,geography region
europe,111,geography region
performance,111,other
struggle,110,politics society
higher education,110,theory philosophy
feminism politics,109,other
sport,108,other
citizenship,108,politics society
socialist,108,politics society
academic,108,theory philosophy
black women,107,black women
feminisme,107,feminism
guides,107,other
case study,107,theory philosophy
technology,107,technology
transnational feminism,107,transnational feminism
using,107,other
religious,105,religion
theories,105,theory philosophy
english,104,other
european,104,geography region
comparative,103,other
women rights,103,women gender
indian,103,geography region
decolonial,102,race ethnicity
problem,102,other
disability,102,other
girl,102,women gender
marriage,101,other
times,101,other
strategies,101,other
latin,101,other
liberal feminism,101,liberal feminism
stories,100,identity culture
19,99,other
nationalism,99,politics society
femininity,98,women gender
place,98,other
national,97,politics society
islamic feminism,97,islamic feminism
music,97,identity culture
environmental,97,environment
mothers,97,women gender
voices,97,identity culture
mother,97,women gender
implications,97,other
social media,96,politics society
representations,96,identity culture
personal,95,other
eco,95,other
britain,94,geography region
rise,94,other
subject,93,other
ideology,93,politics society
years,93,other
labor,93,economics
response,92,other
gender feminism,92,other
solidarity,92,politics society
nature,92,environment
jewish,91,religion
approaches,91,theory philosophy
cinema,91,identity culture
women studies,91,other
peace,91,politics society
asian,91,other
conflict,91,politics society
criticism,90,theory philosophy
postmodern,90,time period
school,89,other
participation,89,other
socialism,89,politics society
christian,89,religion
view,89,other
colonial,88,race ethnicity
twentieth,88,time period
dan,87,other
challenge,87,other
man,87,politics society
building,87,other
non,87,other
edited,86,other
television,86,other
reproduction,86,health
lives,86,other
theoretical,86,theory philosophy
cloth,86,other
nation,86,politics society
novels,85,identity culture
cross,85,other
story,85,identity culture
racism,85,politics society
canadian,85,geography region
1970s,85,other
postmodernism,85,theory philosophy
influence,84,other
negotiating,84,other
does,84,other
human rights,83,politics society
like,83,other
everyday,83,other
labour,83,economics
moral,83,other
child,83,other
concept,83,other
debate,83,other
abortion,83,health
scholarship,82,theory philosophy
transformation,82,theory philosophy
relationship,82,other
rhetoric,82,other
chapter,81,other
doing,81,other
reviews,81,other
feminism social,81,other
twentieth century,81,time period
economy,80,economics
limits,80,other
use,80,other
capitalism,80,economics
reform,80,other
reproductive,80,health
radical feminism,79,radical feminism
changing,79,theory philosophy
agenda,79,other
equity,79,politics society
poetry,79,other
indonesia,79,other
del,78,other
urban,78,geography region
differences,78,other
essays,78,other
communication,78,other
city,78,geography region
west,78,other
subjectivity,77,other
research guides,77,other
art feminism,77,other
maternal,77,women gender
feminine,77,women gender
works,77,other
sociology,76,politics society
present,76,other
canada,76,geography region
just,76,other
france,76,geography region
post feminism,76,post feminism
middle,76,other
covid,75,other
marxism,75,theory philosophy
feminismo,75,feminism
management,74,economics
roles,74,other
rural,74,geography region
state feminism,74,state feminism
foucault,74,theory philosophy
margaret,74,other
social work,73,politics society
security,73,other
theology,73,religion
collective,73,other
las,73,other
arab,73,other
marxist,72,theory philosophy
praxis,72,theory philosophy
beauvoir,72,other
color,72,other
england,72,geography region
los,72,other
eco feminism,72,eco feminism
image,71,identity culture
need,71,other
communities,71,politics society
left,71,other
victorian,70,time period
process,70,other
popular culture,70,identity culture
feminism new,70,other
ethical,70,theory philosophy
discourse analysis,70,other
nineteenth,70,other
east,69,other
lt gt,69,other
youth,69,other
embodied,69,other
good,69,other
sexism,69,politics society
design,69,other
south africa,69,other
routledge,69,other
north,69,other
australia,69,geography region
social justice,69,politics society
uk,69,geography region
modernity,69,theory philosophy
sup,68,other
covid 19,68,other
di,68,other
american women,68,women gender
intimate,68,other
cambridge,68,other
climate,68,environment
social change,68,politics society
production,68,other
consciousness,68,psychology
civil,68,politics society
conversation,67,other
masculinities,67,politics society
histories,67,other
ecological,67,other
perspective feminism,67,other
interview,67,other
turn,67,other
elizabeth,67,other
local,67,other
et,67,other
gay,66,sexuality
muslim women,66,women gender
possibilities,66,other
international relations,66,other
globalization,66,other
theorizing,66,theory philosophy
living,66,other
geography,65,other
sexual violence,65,politics society
writers,65,identity culture
status,65,other
978,65,other
methodology,65,theory philosophy
reader,65,other
jane,65,other
alternative,65,other
50,64,other
voice,64,identity culture
abuse,64,politics society
books,64,identity culture
neoliberalism,64,theory philosophy
al,64,other
metoo,63,other
technologies,63,other
american feminism,63,american feminism
pornography,63,other
critical race,63,politics society
nursing,63,health
way,63,other
futures,63,other
lens,63,other
relationships,63,other
dialogue,63,other
teacher,62,other
model,62,other
career,62,economics
oxford,62,other
suffrage,62,other
italian,62,other
evolution,62,other
gender studies,62,women gender
economic,62,economics
issue,62,other
gendering,61,other
past,61,other
beauty,61,other
governance,61,politics society
95 paper,61,other
images,61,identity culture
origins,60,other
end,60,other
anti feminism,60,other
1970,60,other
challenging,60,other
special,60,other
choice,60,other
ed,60,other
educational,59,other
domestic violence,59,other
values,59,other
problems,59,other
patriarchal,59,other
exploration,59,other
today,59,other
nineteenth century,59,other
late,59,other
tradition,59,other
aesthetics,59,other
framework,59,other
memory,58,other
women gender,58,other
engagement,58,other
inequality,58,other
project,58,other
workers,58,other
woolf,58,other
methods,58,other
dynamics,58,other
feminism feminist,58,other
german,57,other
mapping,57,other
cultures,57,other
isbn 978,57,other
libguides,57,other
democratic,57,other
visual,57,other
mental,57,other
talk,57,other
socialist feminism,57,other
free,56,other
field,56,other
revisited,56,other
matters,56,other
old,56,other
spain,56,other
inclusion,56,other
ecology,56,other
postfeminist,56,other
support,56,other
therapy,56,other
perceptions,56,other
feminista,56,other
karya,56,other
activists,56,other
multiculturalism,56,other
encounters,56,other
business,56,other
notes,55,other
effects,55,other
classroom,55,other
debates,55,other
liberalism,55,other
method,55,other
interpretation,55,other
college,55,other
revolutionary,55,other
postfeminism,55,other
academy,55,other
young women,54,other
fashion,54,other
boundaries,54,other
japan,54,other
ecofeminism,54,other
germany,54,other
empire,54,other
feminist politics,54,other
finding,54,other
welfare,53,other
short,53,other
economics,53,economics
constructing,53,other
theatre,53,other
intersections,53,other
relational,53,other
oppression,53,other
search,53,other
contemporary feminism,53,other
affective,53,other
waves,52,other
turkey,52,other
whiteness,52,other
latin america,52,other
autonomy,52,other
eds,52,other
em,52,other
women movements,52,other
feminism political,51,other
género,51,other
birth,51,other
harassment,51,other
taking,51,other
entrepreneurship,51,other
brazil,51,other
student,51,other
revisiting,51,other
borders,51,other
participatory,51,other
social movements,51,other
book reviews,51,other
anthropology,50,other
una,50,other
drama,50,other
black feminist,50,other
transition,50,other
migration,50,other
japanese,50,other
concepts,50,other
neo,50,other
discrimination,50,other
performing,50,other
truth,50,other
activist,50,other
desire,50,other
sisters,50,other
organizations,50,other
women liberation,50,other
ai,50,other
intellectual,49,other
party,49,other
make,49,other
italy,49,other
transnational feminisms,49,other
theory practice,49,other
discursive,49,other
reflection,49,other
inclusive,48,other
policies,48,other
childhood,48,other
internet,48,other
great,48,other
deconstruction,48,other
different,48,other
real,48,other
physical,48,other
transgender,48,other
african american,48,other
1920,48,other
women writers,48,other
legacy,48,other
latin american,48,other
faith,48,other
myth,48,other
material,48,other
sisterhood,48,other
contexts,48,other
modernism,48,other
da,48,other
virginia,48,other
scp scp,48,other
speaking,47,other
sweden,47,other
feminism postmodernism,47,other
wollstonecraft,47,other
market,47,other
vulnerability,47,other
en la,47,other
des,47,other
meaning,47,other
series,47,other
stereotypes,47,other
meets,47,other
western feminism,47,other
race feminism,47,other
women writing,47,other
fourth,47,other
union,47,other
medical,47,health
21st,46,other
institutional,46,other
reclaiming,46,other
academia,46,other
korean,46,other
epistemology,46,other
examining,46,other
gender politics,46,other
evidence,46,other
feminism post,46,other
french feminism,46,other
pakistan,46,other
control,46,other
trafficking,46,other
feminism psychoanalysis,46,other
responses,46,other
news,46,other
2000,46,other
lessons,46,other
group,46,other
iran,46,other
word,46,other
feminism critical,46,other
don,45,other
essay,45,other
developing,45,other
feminism family,45,other
environment,45,other
social reproduction,45,other
shifting,45,other
recent,45,other
embodiment,45,other
global feminism,45,other
framing,45,other
1914,45,other
adult,45,other
generation,45,other
teachers,45,other
victims,45,other
2020,45,other
judith,45,other
curriculum,45,other
consumer,45,other
pandemic,45,other
trends,45,other
south african,44,other
misogyny,44,other
new zealand,44,other
food,44,other
red,44,other
racial,44,other
guide,44,other
service,44,other
1990s,44,other
traditional,44,other
politics feminism,44,other
bad,44,other
zealand,44,other
philosophical,44,other
chicana,44,other
subjects,44,other
directions,44,other
2018,44,other
modern feminism,43,other
matter,43,other
partner,43,other
movie,43,other
simone,43,other
resources,43,other
feminism film,43,other
crime,43,other
capital,43,other
advertising,43,other
protest,43,other
imperial,43,other
women color,43,other
journey,43,other
selected,43,other
susan,43,other
mental health,43,other
medicine,43,health
21st century,43,other
le,42,other
handbook,42,other
gender sexuality,42,other
navigating,42,other
texts,42,other
films,42,other
value,42,other
boys,42,other
emancipation,42,other
sex gender,42,other
political theory,42,other
hip,42,other
systematic,42,other
prostitution,42,other
history feminism,42,other
sphere,42,other
identity politics,42,other
gender based,42,other
house,42,other
video,42,other
hop,42,other
families,42,other
ideas,42,other
popular feminism,42,other
women empowerment,42,other
trauma,42,other
charlotte,42,other
paradigm,42,other
advocacy,42,other
realism,41,other
recognition,41,other
character,41,other
feminism art,41,other
feminist perspective,41,other
conversations,41,other
ethnography,41,other
violence women,41,other
emergence,41,other
current,41,other
resisting,41,other
2019,41,other
spanish,41,other
hip hop,41,other
tale,41,other
women history,41,other
mujeres,41,other
1945,41,other
les,41,other
russian,41,other
sustainable,41,other
conference,40,other
wife,40,other
text,40,other
behavior,40,other
land,40,other
para,40,other
literacy,40,other
qualitative research,40,other
feminist perspectives,40,other
multicultural,40,other
struggles,40,other
sustainability,40,other
information,40,other
catholic,40,other
pro,40,other
high,40,other
epistemic,40,other
psychoanalysis feminism,40,other
engaging,40,other
psychological,40,other
creating,40,other
bias,40,other
journal,40,other
questions,40,other
geographies,40,other
employment,40,other
discussion,40,other
race gender,40,other
emerging,40,other
john,40,other
virginia woolf,39,other
ethnicity,39,other
sports,39,other
long,39,other
multiple,39,other
feminist movement,39,other
simone beauvoir,39,other
mass,39,other
critical discourse,39,other
russia,39,other
materialist,39,other
review feminism,39,other
industry,39,other
intersection,39,other
pragmatism,39,other
inquiry,39,other
twitter,39,other
green,39,other
populism,39,other
caribbean,39,other
daughters,39,other
dalit,38,other
pedagogies,38,other
1900,38,other
feminism science,38,other
foreign,38,other
1980s,38,other
gap,38,other
new feminism,38,other
feminism contemporary,38,other
northern,38,other
looking,38,other
look,38,other
argentina,38,other
working class,38,other
want,38,other
arts,38,identity culture
perception,38,other
little,38,other
play,38,other
minority,38,other
survey,38,other
transformative,38,other
2016,38,other
shakespeare,38,other
affect,38,other
related,38,other
factors,38,other
death,38,other
corporate,38,other
sobre,38,other
marxist feminism,38,other
mary wollstonecraft,37,other
decolonizing,37,other
southern,37,other
materialism,37,other
needs,37,other
moving,37,other
mothering,37,other
political economy,37,other
dalam novel,37,other
queer theory,37,other
feminist analysis,37,other
silence,37,other
sarah,37,other
transforming,37,other
cultural studies,37,other
terhadap,37,other
10,37,other
responsibility,37,other
99,37,other
latina,37,other
counter,37,other
focus,37,other
1990,37,other
equal,37,other
roots,36,other
lt em,36,other
writings,36,other
sexual harassment,36,other
irish,36,other
contribution,36,other
2015,36,other
room,36,other
criminology,36,other
imagination,36,other
methodological,36,other
animal,36,other
private,36,other
korea,36,other
genre,36,other
feminism philosophy,36,other
paperback,36,other
victim,36,other
systems,36,other
contested,36,other
1997,36,other
overview,36,other
socio,36,other
indonesian,36,other
alice,36,other
und,36,other
hope,36,other
new woman,36,other
wikipedia,36,other
2010,36,other
feminist thought,36,other
thoughts,36,other
planning,36,other
god,36,other
spirituality,36,other
risk,36,other
constructions,36,other
contributions,36,other
common,35,other
ideological,35,other
visibility,35,other
ii,35,other
republic,35,other
campaign,35,other
conservative,35,other
feminism law,35,other
psychoanalytic,35,other
wing,35,other
celebrity,35,other
em gt,35,other
double,35,other
african women,35,other
church,35,other
feminist activism,35,other
far,35,other
ireland,35,other
groups,35,other
organizing,35,other
young people,35,other
breaking,35,other
intersectional feminism,35,other
things,35,other
11,34,other
countries,34,other
study feminism,34,other
imperialism,34,other
1975,34,other
speech,34,other
womanhood,34,other
identification,34,other
ethnic,34,other
ideologies,34,other
sex work,34,other
professional,34,other
eastern,34,other
effect,34,other
nigeria,34,other
backlash,34,other
egypt,34,other
romance,34,other
wars,34,other
fight,34,other
artists,34,other
feminist research,34,other
climate change,34,other
2021,34,other
pleasure,34,other
sense,34,other
qualitative study,34,other
marketing,34,other
margins,34,other
big,33,other
imagining,33,other
edit,33,other
organization,33,other
postcolonial feminism,33,other
examination,33,other
complex,33,other
posthuman,33,other
paradox,33,other
pages,33,other
conceptual,33,other
gender justice,33,other
networks,33,other
leaders,33,other
formation,33,other
potential,33,other
publishing,33,other
migrant,33,other
asia,33,other
schools,33,other
israel,33,other
military,33,other
emotional,33,other
native,33,other
feminism sexual,33,other
sexual politics,33,other
na,33,other
companion,33,other
comparison,33,other
white feminism,33,other
12,33,other
1968,33,other
training,33,other
versus,33,other
taylor,33,other
water,33,other
utopia,33,other
1991,33,other
visions,33,other
fourth wave,32,other
interaction,32,other
lady,32,other
face,32,other
order,32,other
progress,32,other
game,32,other
cancer,32,other
resilience,32,other
eating,32,other
magazine,32,other
comparative study,32,other
women politics,32,other
interrogating,32,other
promise,32,other
trouble,32,other
gender race,32,other
dance,32,other
dis,32,other
tool,32,other
racist,32,other
iranian,32,other
critical theory,32,other
norms,32,other
sciences,32,other
inequalities,32,other
vs,32,other
mexico,32,other
criminal,32,other
swedish,32,other
hidden,32,other
feminism socialism,32,other
exclusion,32,other
postmodern feminism,32,other
enlightenment,32,other
feminism global,31,other
14,31,other
ecofeminist,31,other
13,31,other
feminism nationalism,31,other
men feminism,31,other
angela,31,other
generational,31,other
reconstruction,31,other
coming,31,other
recovery,31,other
1989,31,other
shame,31,other
perempuan dalam,31,other
jennifer,31,other
interventions,31,other
reception,31,other
intimate partner,31,other
daughter,31,other
feminism case,31,other
reality,31,other
pada,31,other
services,31,other
phenomenology,31,other
fertility,31,other
institutions,31,other
women activism,31,other
defining,31,other
library,31,other
manifesto,31,other
secular,31,other
marxism feminism,31,other
right wing,31,other
evolutionary,31,other
rhetorical,31,other
based violence,31,other
workplace,31,other
leisure,31,other
help,31,other
freud,31,other
older,31,other
feminist identity,31,other
opportunities,31,other
1993,31,other
importance,31,other
1960s,31,other
tv,30,other
1995,30,other
soviet,30,other
possibility,30,other
butler,30,other
tourism,30,other
humanities,30,other
hashtag,30,other
15,30,other
sup sup,30,other
1980,30,other
creative,30,other
feministas,30,other
african feminism,30,other
authority,30,other
scientific,30,other
friendship,30,other
worlds,30,other
2017,30,other
du,30,other
gender equity,30,other
adolescent,30,other
feminism motherhood,30,other
border,30,other
das,30,other
anthropocene,30,other
multi,30,other
models,30,other
feminism study,29,other
die,29,other
feminist legal,29,other
feminist critique,29,other
feminism religion,29,other
heterosexual,29,other
feminismos,29,other
tensions,29,other
seeking,29,other
special issue,29,other
question feminism,29,other
trade,29,other
assessment,29,other
brazilian,29,other
sources,29,other
quest,29,other
getting,29,other
george,29,other
relation,29,other
protection,29,other
biology,29,other
feeling,29,other
sociological,29,other
return,29,other
speak,29,other
social theory,29,other
feminism amp,29,other
fighting,29,other
social science,29,other
pre,29,other
colonialism,29,other
post feminist,29,other
evaluation,29,other
nancy,29,other
organizational,29,other
poetics,29,other
conflicts,29,other
defense,29,other
critical analysis,29,other
light,29,other
crossroads,29,other
transnational feminist,29,other
live,29,other
2007,29,other
mind,29,other
transformations,29,other
kajian,29,other
lost,29,other
cold war,28,other
day,28,other
breast,28,other
open,28,other
structural,28,other
cold,28,other
durham,28,other
2013,28,other
gothic,28,other
thon,28,other
content,28,other
2002,28,other
orientalism,28,other
key,28,other
sex feminism,28,other
reason,28,other
collaboration,28,other
think,28,other
feminism united,28,other
conditions,28,other
strategy,28,other
2011,28,other
jewish feminism,28,other
feminism race,28,other
gaze,28,other
legal theory,28,other
gênero,28,other
feminism early,28,other
privilege,28,other
world war,28,other
single,28,other
science fiction,28,other
aids,28,other
low,28,other
accounting,28,other
hiv,28,other
critiques,28,other
feminism modern,28,other
views,28,other
carceral,28,other
invisible,28,other
york routledge,28,other
healthcare,28,other
letters,28,other
hate,28,other
public sphere,28,other
instagram,28,other
intervention,28,other
consumption,28,other
country,28,other
feminism wikipedia,27,other
form,27,other
feminism cultural,27,other
scale,27,other
know,27,other
edit thon,27,other
network,27,other
pakistani,27,other
cross cultural,27,other
editorial,27,other
connections,27,other
lesbian feminism,27,other
talking,27,other
changes,27,other
contradictions,27,other
intimacy,27,other
decision,27,other
means,27,other
christianity,27,other
virtual,27,other
00 cloth,27,other
middle east,27,other
brief,27,other
industrial,27,other
feminism media,27,other
center,27,other
entre,27,other
poverty,27,other
access,27,other
stigma,27,other
1998,27,other
breastfeeding,27,other
comedy,27,other
partner violence,27,other
analysis feminism,27,other
gender roles,27,other
disney,27,other
judaism,27,other
feminism queer,27,other
mainstreaming,27,other
james,27,other
feminism popular,27,other
addressing,27,other
really,27,other
mixed,26,other
anne,26,other
vision,26,other
en el,26,other
anna,26,other
ve,26,other
nations,26,other
von,26,other
archives,26,other
archive,26,other
feminism men,26,other
natural,26,other
architecture,26,other
der,26,other
mainstream,26,other
dialogues,26,other
point,26,other
insights,26,other
política,26,other
deleuze,26,other
influences,26,other
primary,26,other
translating,26,other
2005,26,other
heterosexuality,26,other
chicago,26,other
cases,26,other
characters,26,other
feminism international,26,other
impact feminism,26,other
1996,26,other
reflecting,26,other
networked,26,other
editor,26,other
consent,26,other
atwood,26,other
words,26,other
egyptian,26,other
foundations,26,other
libraries,26,other
universities,26,other
patterns,26,other
games,26,other
early modern,26,other
gender identity,26,other
gender inequality,26,other
duke university,26,other
duke,26,other
bibliography,26,other
1960,26,other
spiritual,26,other
structure,26,other
systematic review,26,other
evangelical,26,other
feminism china,26,other
analisis,26,other
16,26,other
fantasy,26,other
progressive,25,other
studies feminism,25,other
patricia,25,other
international law,25,other
perspektif,25,other
representation women,25,other
failure,25,other
spirit,25,other
redefining,25,other
stage,25,other
diaspora,25,other
medieval,25,other
smart,25,other
aging,25,other
course,25,other
dilemmas,25,other
perkins,25,other
performativity,25,other
jean,25,other
epistemologies,25,other
chile,25,other
personal political,25,other
subjectivities,25,other
future feminism,25,other
engineering,25,other
linda,25,other
2009,25,other
interdisciplinary,25,other
gilman,25,other
feminism power,25,other
karen,25,other
feminism public,25,other
caring,25,other
women work,25,other
24,25,other
feminism sexuality,25,other
feminism analysis,25,other
turkish,25,other
women suffrage,25,other
missing,25,other
style,25,other
asian american,25,other
readings,25,other
immigrant,25,other
knowing,25,other
19 pandemic,25,other
feminism anti,25,other
got,25,other
feminism theory,25,other
menstrual,25,other
sexual difference,24,other
feminism transnational,24,other
reconstructing,24,other
normative,24,other
beliefs,24,other
perkins gilman,24,other
nordic,24,other
integration,24,other
main,24,other
carol,24,other
magazines,24,other
collaborative,24,other
interwar,24,other
barbara,24,other
abolition,24,other
new directions,24,other
bridge,24,other
editors,24,other
literature review,24,other
barriers,24,other
decolonising,24,other
woman question,24,other
civil society,24,other
sexualities,24,other
masculine,24,other
injustice,24,other
going,24,other
exploitation,24,other
processes,24,other
central,24,other
postcolonialism,24,other
renaissance,24,other
kenya,24,other
charlotte perkins,24,other
refugee,24,other
imaginaries,24,other
association,24,other
slavery,24,other
theory feminism,24,other
transatlantic,24,other
essentialism,24,other
2023,24,other
ideal,24,other
telling,24,other
social movement,24,other
mediated,24,other
feminism history,24,other
lgbt,24,other
standpoint,24,other
uma,24,other
investigating,24,other
heart,24,other
activity,24,other
possible,24,other
pedagogical,24,other
contemporary feminist,24,other
mulheres,24,other
global south,23,other
forms,23,other
feminist approach,23,other
analyzing,23,other
emotions,23,other
ghana,23,other
2008,23,other
orthodox,23,other
profession,23,other
dilemma,23,other
capitalist,23,other
epistemological,23,other
ethic,23,other
feminism education,23,other
lesbians,23,other
thomas,23,other
glass,23,other
feminist political,23,other
path,23,other
20th,23,other
action research,23,other
realities,23,other
health care,23,other
focusing,23,other
feminism sex,23,other
fall,23,other
decolonial feminism,23,other
animals,23,other
contesting,23,other
bringing,23,other
queering,23,other
economies,23,other
maria,23,other
myths,23,other
stanford,23,other
reframing,23,other
biography,23,other
chinese feminism,23,other
creation,23,other
feminism islam,23,other
reflexivity,23,other
populist,23,other
alliance,23,other
porn,23,other
portrayal,23,other
bridging,23,other
indigenous feminism,23,other
biblical,23,other
pregnancy,23,other
better,23,other
generations,23,other
fear,23,other
mean,23,other
1850,23,other
account,23,other
morality,23,other
clinical,23,other
mexican,23,other
ageing,23,other
practicing,23,other
historiography,23,other
race theory,23,other
womanism,23,other
utopian,23,other
tools,23,other
race class,23,other
25,23,other
bisexual,23,other
adaptation,23,other
illness,23,other
genital,23,other
regulation,22,other
black feminisms,22,other
orientation,22,other
reimagining,22,other
centered,22,other
practical,22,other
act,22,other
outcomes,22,other
im,22,other
south asian,22,other
articles,22,other
oxford university,22,other
index,22,other
income,22,other
program,22,other
bioethics,22,other
challenge feminism,22,other
1920s,22,other
ethnographic,22,other
reply,22,other
investigation,22,other
prejudice,22,other
femininity feminism,22,other
storytelling,22,other
deconstructing,22,other
force,22,other
fundamentalism,22,other
awakening,22,other
universalism,22,other
awareness,22,other
plays,22,other
platform,22,other
ir,22,other
foucault feminism,22,other
terror,22,other
frances,22,other
riot,22,other
introduction feminism,22,other
eighteenth,22,other
christian feminism,22,other
reference,22,other
film theory,22,other
commentary,22,other
earth,22,other
feminism culture,22,other
gender culture,22,other
17,22,other
population,22,other
coloniality,22,other
2003,22,other
women political,22,other
hegemonic,22,other
ix,22,other
fat,22,other
hegemony,22,other
intelligence,22,other
ambivalence,22,other
privacy,22,other
ways,22,other
locating,22,other
harm,22,other
critical review,22,other
oral,22,other
linguistic,22,other
women health,22,other
symbolic,22,other
smith,22,other
empowering,22,other
margaret atwood,22,other
lived,22,other
entrepreneurial,22,other
shaping,22,other
object,22,other
feminism perspective,22,other
engendering,22,other
discipline,22,other
marx,22,other
toronto,22,other
pursuit,22,other
xi,22,other
adults,21,other
william,21,other
feminism development,21,other
dictionary,21,other
feminist theology,21,other
print,21,other
austerity,21,other
expression,21,other
far right,21,other
secret,21,other
accountability,21,other
conclusion,21,other
brown,21,other
street,21,other
joyce,21,other
fictions,21,other
1994,21,other
grassroots,21,other
feminism black,21,other
attitudes feminism,21,other
journalism,21,other
treatment,21,other
work feminism,21,other
spring,21,other
corporeal,21,other
women artists,21,other
empirical,21,other
allen,21,other
early twentieth,21,other
feminism literature,21,other
early childhood,21,other
women experiences,21,other
rights movement,21,other
small,21,other
decision making,21,other
positive,21,other
1986,21,other
philosophy feminism,21,other
coalition,21,other
forum,21,other
materialist feminism,21,other
road,21,other
position,21,other
females,21,other
foreign policy,21,other
macmillan,21,other
significance,21,other
civic,21,other
surveillance,21,other
lisa,21,other
archaeology,21,other
citizen,21,other
individualism,21,other
dangerous,21,other
tales,21,other
cyborg,21,other
postwar,21,other
kingdom,21,other
95 cloth,21,other
social policy,21,other
feminism female,21,other
feminist scholarship,21,other
palgrave,21,other
divide,21,other
tracing,21,other
palestine,21,other
1880,21,other
feminism india,21,other
methodologies,21,other
reflected,21,other
bell,21,other
laura,21,other
2022,21,other
zimbabwe,21,other
feminism deconstruction,21,other
researching,21,other
ing,21,other
museum,21,other
century feminism,21,other
oriented,21,other
illinois,21,other
staging,21,other
south korea,21,other
women leadership,21,other
second sex,21,other
energy,21,other
assessing,21,other
legacies,21,other
communism,21,other
kate,21,other
healing,21,other
feminist theories,20,other
pacific,20,other
facebook,20,other
safe,20,other
theorising,20,other
phenomenon,20,other
claims,20,other
contradiction,20,other
integrating,20,other
best,20,other
2012,20,other
1940,20,other
indigenous women,20,other
00 paper,20,other
binary,20,other
individual,20,other
faith feminism,20,other
quot,20,other
feminism activism,20,other
baby,20,other
1939,20,other
traditions,20,other
stem,20,other
family therapy,20,other
millennium,20,other
feminism review,20,other
sister,20,other
pop,20,other
introducing,20,other
bible,20,other
grounded,20,other
feminist criticism,20,other
gender class,20,other
psychoanalytic feminism,20,other
year,20,other
march,20,other
gender violence,20,other
feminism chinese,20,other
meeting,20,other
inter,20,other
forward,20,other
justice feminism,20,other
fathers,20,other
autobiography,20,other
wikipedia edit,20,other
unpacking,20,other
rose,20,other
eighteenth century,20,other
austen,20,other
feminism world,20,other
intergenerational,20,other
hall,20,other
janet,20,other
amp quot,20,other
dark,20,other
seen,20,other
feminism multiculturalism,20,other
teacher education,20,other
polish,20,other
weight,20,other
1992,20,other
depression,20,other
sexual abuse,20,other
anti racist,20,other
princeton,20,other
veil,20,other
eugenics,20,other
sara,20,other
web,20,other
1890,20,other
survivors,20,other
cultural feminism,20,other
anti feminist,20,other
digital media,20,other
public policy,20,other
period,20,other
como,20,other
sylvia,20,other
body image,20,other
confronting,20,other
female body,20,other
power feminism,20,other
shape,20,other
fin,20,other
thing,20,other
imperial feminism,20,other
situated,20,other
gender differences,20,other
class feminism,19,other
review essay,19,other
father,19,other
negative,19,other
managing,19,other
fraser,19,other
machine,19,other
mad,19,other
1918,19,other
constitutional,19,other
resource,19,other
choices,19,other
hong,19,other
feminism future,19,other
innovation,19,other
manosphere,19,other
visible,19,other
informed,19,other
scoping,19,other
vietnam,19,other
sector,19,other
yang,19,other
radicalism,19,other
dalit feminism,19,other
section,19,other
regimes,19,other
principles,19,other
writer,19,other
league,19,other
ancient,19,other
genealogy,19,other
20th century,19,other
39,19,other
biopolitics,19,other
emotion,19,other
changed,19,other
raising,19,other
film feminism,19,other
pp isbn,19,other
sustainable development,19,other
world women,19,other
tell,19,other
california,19,other
later,19,other
dream,19,other
outside,19,other
saudi,19,other
cyber,19,other
feminist approaches,19,other
programs,19,other
faculty,19,other
ellen,19,other
kind,19,other
2006,19,other
transnationalism,19,other
new media,19,other
soul,19,other
st,19,other
crossing,19,other
wives,19,other
survival,19,other
feminism woman,19,other
phenomenological,19,other
report,19,other
feminism disability,19,other
literary criticism,19,other
terms,19,other
dead,19,other
postcolonial feminist,19,other
growing,19,other
considerations,19,other
horror,19,other
colombia,19,other
ann,19,other
pride,19,other
aboriginal,19,other
meanings,19,other
islamophobia,19,other
feminism digital,19,other
30,18,other
middle class,18,other
indian women,18,other
35,18,other
acts,18,other
humanism,18,other
minneapolis,18,other
experimental,18,other
metaphor,18,other
1977,18,other
entrepreneurs,18,other
silences,18,other
anger,18,other
impacts,18,other
feminism intersectionality,18,other
ecological feminism,18,other
mobility,18,other
feminism islamic,18,other
gender stereotypes,18,other
women bodies,18,other
song,18,other
gender issues,18,other
women men,18,other
men women,18,other
guides art,18,other
characteristics,18,other
setting,18,other
crítica,18,other
feminism approach,18,other
feminis,18,other
girlhood,18,other
promotion,18,other
election,18,other
rebecca,18,other
femmes,18,other
nurses,18,other
spatial,18,other
feminism century,18,other
seeing,18,other
data feminism,18,other
african feminisms,18,other
normal,18,other
1870,18,other
prevention,18,other
disabled,18,other
application,18,other
term,18,other
islam feminism,18,other
paris,18,other
gone,18,other
kekerasan,18,other
diverse,18,other
emancipatory,18,other
western europe,18,other
feminist discourse,18,other
complexities,18,other
laki,18,other
activism feminism,18,other
argument,18,other
world feminism,18,other
global feminisms,18,other
golden,18,other
arendt,18,other
knowledges,18,other
afro,18,other
palestinian,18,other
disrupting,18,other
laws,18,other
feminist pedagogy,18,other
feminist philosophy,18,other
government,18,other
pragmatism feminism,18,other
feminism psychology,18,other
troubling,18,other
constitution,18,other
nexus,18,other
poems,18,other
citizens,18,other
uses,18,other
friends,18,other
decolonization,18,other
nc,18,other
1999,18,other
frameworks,18,other
féminisme,18,other
civil rights,18,other
walking,18,other
xii,18,other
american feminist,18,other
racialized,18,other
turning,18,other
consequences,18,other
family law,18,other
hard,18,other
domination,18,other
french feminisms,18,other
logic,18,other
ground,18,other
women women,18,other
risks,18,other
belonging,18,other
studying,18,other
true,18,other
women sport,18,other
heritage,17,other
feminism identity,17,other
feminism age,17,other
female genital,17,other
goddess,17,other
producing,17,other
carter,17,other
canon,17,other
does feminism,17,other
quality,17,other
sound,17,other
hardback,17,other
helen,17,other
femininities,17,other
did,17,other
adolescents,17,other
breast cancer,17,other
donna,17,other
1930s,17,other
growth,17,other
grounded theory,17,other
administration,17,other
radical feminist,17,other
americas,17,other
press 2000,17,other
determination,17,other
grrrl,17,other
region,17,other
objects,17,other
feminism femininity,17,other
ontology,17,other
studi,17,other
feminisms women,17,other
opportunity,17,other
las mujeres,17,other
scoping review,17,other
everyday life,17,other
science technology,17,other
feminist epistemology,17,other
surrogacy,17,other
science education,17,other
feminist ethics,17,other
kong,17,other
artificial,17,other
comparative analysis,17,other
unions,17,other
palgrave macmillan,17,other
pan,17,other
designing,17,other
aspects,17,other
2014,17,other
sandra,17,other
understandings,17,other
elements,17,other
pathways,17,other
julia,17,other
analytic,17,other
comment,17,other
och,17,other
note,17,other
comics,17,other
empathy,17,other
situation,17,other
exercise,17,other
menstruation,17,other
expanding,17,other
violent,17,other
content analysis,17,other
feminism meets,17,other
29,17,other
master,17,other
creativity,17,other
married,17,other
van,17,other
sexuality feminism,17,other
manhood,17,other
malaysia,17,other
critical feminism,17,other
nationalism feminism,17,other
nationalist,17,other
neoliberal feminism,17,other
antiracism,17,other
antiracist,17,other
example,17,other
loss,17,other
wanita,17,other
conservatism,17,other
new feminist,17,other
ni,17,other
liberation movement,17,other
liberating,17,other
dancing,17,other
paradoxes,17,other
femme,17,other
thematic,17,other
irigaray,17,other
rights feminism,17,other
20,17,other
afraid,17,other
rhetorics,17,other
pink,17,other
class gender,17,other
femvertising,17,other
trump,17,other
pluralism,17,other
poland,17,other
internationalism,17,other
societies,17,other
chinese women,17,other
witches,17,other
eu,17,other
informal,17,other
gender development,17,other
1988,17,other
indiana,17,other
representation feminism,17,other
women american,17,other
1985,17,other
york university,17,other
durham nc,17,other
biological,17,other
academics,17,other
gender relations,17,other
british feminism,17,other
fan,17,other
audience,17,other
israeli,17,other
perceived,17,other
australian women,17,other
analysis women,17,other
african feminist,17,other
fairy,17,other
2004,17,other
witch,17,other
performances,17,other
1987,16,other
jane austen,16,other
50 cloth,16,other
undoing,16,other
past present,16,other
strike,16,other
marie,16,other
incorporating,16,other
parties,16,other
1972,16,other
usa,16,other
critical feminist,16,other
cyberspace,16,other
jurisprudence,16,other
quantitative,16,other
desde,16,other
queen,16,other
suffrage movement,16,other
pragmatist,16,other
mobilization,16,other
cornell,16,other
1978,16,other
victorian feminism,16,other
women feminist,16,other
federal,16,other
immigration,16,other
success,16,other
carceral feminism,16,other
40,16,other
movement feminism,16,other
princess,16,other
hannah,16,other
une,16,other
dalam perspektif,16,other
computer,16,other
decisions,16,other
czech,16,other
spheres,16,other
digital feminism,16,other
woman feminism,16,other
careers,16,other
twilight,16,other
leave,16,other
united kingdom,16,other
david,16,other
cambridge companion,16,other
cambridge university,16,other
cognitive,16,other
2001,16,other
projects,16,other
culture feminism,16,other
travel,16,other
nigerian,16,other
kristeva,16,other
international women,16,other
dimensions,16,other
connection,16,other
ngos,16,other
parents,16,other
limitations,16,other
eyes,16,other
interpretations,16,other
parenting,16,other
liberalism feminism,16,other
claiming,16,other
objectification,16,other
eye,16,other
skin,16,other
1969,16,other
dreams,16,other
rereading,16,other
environmentalism,16,other
short stories,16,other
relevance,16,other
songs,16,other
address,16,other
self determination,16,other
feminism french,16,other
theological,16,other
religion gender,16,other
aotearoa,16,other
fiction feminism,16,other
feminism discourse,16,other
feminism work,16,other
afghanistan,16,other
blood,16,other
1860,16,other
fitness,16,other
authorship,16,other
adult education,16,other
feminism marxism,16,other
applied,16,other
reporting,16,other
representasi,16,other
advancing,16,other
rebellion,16,other
esteem,16,other
1930,16,other
applying,16,other
globalisation,16,other
source,16,other
beyoncé,16,other
anthology,16,other
feminism legal,16,other
working women,16,other
1800,16,other
shadow,16,other
gender bias,16,other
gender dalam,16,other
symposium,16,other
feminisme dalam,16,other
xiv,16,other
rural women,16,other
socialism feminism,16,other
regime,16,other
siècle,16,other
anglo,16,other
anarchism,16,other
york oxford,16,other
edge,16,other
blackness,16,other
athletes,16,other
textual,16,other
black female,16,other
romanticism,15,other
findings,15,other
1973,15,other
women participation,15,other
subversion,15,other
study women,15,other
sub,15,other
ladies,15,other
95 paperback,15,other
essential,15,other
island,15,other
negro,15,other
volume,15,other
pp xi,15,other
centre,15,other
review women,15,other
rich,15,other
textbooks,15,other
aspirations,15,other
satisfaction,15,other
feminism time,15,other
kim,15,other
encounter,15,other
gender perspective,15,other
gender mainstreaming,15,other
mujer,15,other
gender women,15,other
sri,15,other
constraints,15,other
affects,15,other
opposition,15,other
debating,15,other
negotiations,15,other
agents,15,other
feminist consciousness,15,other
precarity,15,other
football,15,other
feminism ethics,15,other
press 1996,15,other
london routledge,15,other
45,15,other
feminism revisited,15,other
invisibility,15,other
platforms,15,other
poststructuralist,15,other
hong kong,15,other
feminism foucault,15,other
terrain,15,other
catherine,15,other
dorothy,15,other
article,15,other
club,15,other
hollywood,15,other
1979,15,other
physical education,15,other
marital,15,other
martin,15,other
dominant,15,other
nc duke,15,other
kritik,15,other
feminist media,15,other
feminism theatre,15,other
gender role,15,other
reflexive,15,other
playing,15,other
embodying,15,other
pain,15,other
written,15,other
development feminism,15,other
hijab,15,other
criminal justice,15,other
ict,15,other
mystique,15,other
accounts,15,other
turn century,15,other
decade,15,other
respect,15,other
contemporary women,15,other
prospects,15,other
village,15,other
happened,15,other
sacred,15,other
secondary,15,other
brave,15,other
governing,15,other
por,15,other
kajian feminisme,15,other
feminist study,15,other
existentialism,15,other
harriet,15,other
watching,15,other
promoting,15,other
algorithmic,15,other
emergent,15,other
self esteem,15,other
entanglements,15,other
state university,15,other
researchers,15,other
gaga,15,other
called,15,other
disciplining,15,other
queer feminist,15,other
lenses,15,other
que,15,other
amy,15,other
fascism,15,other
secularism,15,other
grounds,15,other
emily,15,other
militarism,15,other
women international,15,other
lesbian gay,15,other
comments,15,other
concerns,15,other
midwifery,15,other
theater,15,other
journals,15,other
view feminism,15,other
public private,15,other
columbia,15,other
olive,15,other
figures,15,other
indiana university,15,other
strategic,15,other
campus,15,other
dissent,15,other
essays feminism,15,other
worker,15,other
morocco,15,other
women peace,15,other
hashtag feminism,15,other
gender feminist,15,other
socialization,15,other
selves,15,other
financial,15,other
ethics feminism,15,other
feminism translation,15,other
media studies,15,other
appraisal,15,other
portugal,15,other
read,15,other
goals,15,other
digital age,15,other
police,15,other
maternity,15,other
roundtable,15,other
cities,14,other
synthesis,14,other
idea,14,other
societal,14,other
york new,14,other
lines,14,other
behaviour,14,other
theory politics,14,other
political participation,14,other
frontiers,14,other
bangladesh,14,other
interests,14,other
fandom,14,other
implementation,14,other
unsettling,14,other
political science,14,other
translation theory,14,other
night,14,other
walker,14,other
eastern europe,14,other
used,14,other
eyre,14,other
politics difference,14,other
revenge,14,other
semiotics,14,other
travelling,14,other
gender representation,14,other
law reform,14,other
dress,14,other
relevant,14,other
levinas,14,other
republican,14,other
aesthetic,14,other
gender critical,14,other
aotearoa new,14,other
law feminism,14,other
plath,14,other
select,14,other
american feminisms,14,other
stand,14,other
representing,14,other
feminist art,14,other
alliances,14,other
research agenda,14,other
positions,14,other
organisation,14,other
derrida,14,other
appropriation,14,other
inside,14,other
benefits,14,other
legal feminism,14,other
lgbtq,14,other
independence,14,other
dengan,14,other
aftermath,14,other
line,14,other
tunisia,14,other
conceptualizing,14,other
barbie,14,other
edition,14,other
syndrome,14,other
north american,14,other
positionality,14,other
controversy,14,other
richard,14,other
contextual,14,other
feminism literary,14,other
feminism limits,14,other
measure,14,other
counseling,14,other
money,14,other
council,14,other
mediating,14,other
active,14,other
feminist social,14,other
strong,14,other
radical right,14,other
el feminismo,14,other
mobilizing,14,other
feminism home,14,other
adichie,14,other
hbk,14,other
continuity,14,other
wonder,14,other
bonds,14,other
italian feminism,14,other
materiality,14,other
motivations,14,other
thirty,14,other
difference feminism,14,other
court,14,other
communist,14,other
universal,14,other
elite,14,other
katherine,14,other
vis,14,other
eliot,14,other
jane eyre,14,other
passion,14,other
silencing,14,other
sastra,14,other
sovereignty,14,other
feminism american,14,other
judith butler,14,other
disciplinary,14,other
punk,14,other
guides gender,14,other
qur,14,other
journeys,14,other
public relations,14,other
questioning,14,other
pb,14,other
1950,14,other
peacebuilding,14,other
tokoh,14,other
british women,14,other
sylvia plath,14,other
bridges,14,other
protests,14,other
jones,14,other
sage,14,other
silent,14,other
come,14,other
coping,14,other
threat,14,other
job,14,other
feminism indian,14,other
minnesota,14,other
vii,14,other
ruth,14,other
18,14,other
psychotherapy,14,other
mid,14,other
undergraduate,14,other
girl power,14,other
speaking feminism,14,other
hiv aids,14,other
1967,14,other
makes,14,other
heroine,14,other
say,14,other
cutting,14,other
autoethnography,14,other
board,14,other
muslims,14,other
making sense,14,other
blind,14,other
farm,14,other
educators,14,other
wolf,14,other
bloomington,14,other
away,14,other
pacifism,14,other
naomi,14,other
anthropological,14,other
kinship,14,other
women entrepreneurship,14,other
hop feminism,14,other
social sciences,14,other
thesis,14,other
ms,14,other
negotiation,14,other
youtube,14,other
pride prejudice,14,other
romantic,14,other
household,14,other
failed,13,other
science question,13,other
united nations,13,other
19th,13,other
conceptualising,13,other
feminist translation,13,other
articulating,13,other
commitment,13,other
feminist history,13,other
teen,13,other
introductory,13,other
waves feminism,13,other
philosophy education,13,other
safety,13,other
os,13,other
rights women,13,other
la mujer,13,other
international feminism,13,other
political feminism,13,other
science feminism,13,other
otherness,13,other
physics,13,other
lanka,13,other
philosophy science,13,other
legitimacy,13,other
paul,13,other
attitude,13,other
complexity,13,other
overcoming,13,other
status women,13,other
university minnesota,13,other
revival,13,other
sea,13,other
participatory action,13,other
feminist movements,13,other
fairness,13,other
fin siècle,13,other
papers,13,other
strange,13,other
social political,13,other
pleasures,13,other
weibo,13,other
assault,13,other
troubled,13,other
person,13,other
conceptions,13,other
social feminism,13,other
learned,13,other
dating,13,other
se,13,other
fans,13,other
women sexual,13,other
davis,13,other
philadelphia,13,other
river,13,other
searching,13,other
artificial intelligence,13,other
peru,13,other
partnerships,13,other
freedom feminism,13,other
wild,13,other
structures,13,other
scholars,13,other
university illinois,13,other
areas,13,other
scholarly,13,other
socially,13,other
lee,13,other
white women,13,other
asylum,13,other
sri lanka,13,other
24 95,13,other
couple,13,other
courses,13,other
general,13,other
sex trafficking,13,other
ethics care,13,other
teaching feminism,13,other
reimagined,13,other
women culture,13,other
feminism religious,13,other
feminism research,13,other
neoliberal times,13,other
ideals,13,other
trans feminism,13,other
morrison,13,other
anorexia,13,other
mathematics,13,other
identifying,13,other
gender theory,13,other
women cinema,13,other
engagements,13,other
anxiety,13,other
short story,13,other
conservation,13,other
london new,13,other
andrea,13,other
modernist,13,other
new materialism,13,other
boy,13,other
little women,13,other
adoption,13,other
realist,13,other
unveiling,13,other
naming,13,other
feminism nineteenth,13,other
muslim feminism,13,other
explanation,13,other
high school,13,other
28,13,other
hill,13,other
feminism movement,13,other
feminism nursing,13,other
caste,13,other
henry,13,other
supporting,13,other
mulher,13,other
mulan,13,other
doing feminism,13,other
subaltern,13,other
environmental justice,13,other
manchester,13,other
women emancipation,13,other
feminism practice,13,other
movies,13,other
determinants,13,other
anti racism,13,other
29 95,13,other
health research,13,other
presence,13,other
feminism citizenship,13,other
censorship,13,other
south asia,13,other
harvard,13,other
subordination,13,other
feminism italian,13,other
haraway,13,other
cultivating,13,other
study gender,13,other
gender diversity,13,other
feminism white,13,other
portrait,13,other
proposal,13,other
22,13,other
mirror,13,other
translations,13,other
public health,13,other
norway,13,other
liberal feminist,13,other
women power,13,other
minnesota press,13,other
initiatives,13,other
feminism democracy,13,other
buddhist,13,other
migrants,13,other
lewis,13,other
level,13,other
purple,13,other
pussy,13,other
women representation,13,other
putting,13,other
seduction,13,other
politics feminist,13,other
discourse feminism,13,other
grand,13,other
libguides feminism,13,other
gender power,13,other
ca,13,other
graduate,13,other
appearance,13,other
disorder,13,other
feminism america,13,other
task,13,other
1983,13,other
impossible,13,other
remaking,13,other
listening,13,other
1984,13,other
academic feminism,13,other
sensitive,13,other
gender gap,13,other
solidarities,13,other
visual culture,12,other
feminist studies,12,other
paradigms,12,other
modes,12,other
exchange,12,other
mass media,12,other
existence,12,other
millennial,12,other
sexualization,12,other
maría,12,other
commodification,12,other
king,12,other
mujeres en,12,other
williams,12,other
miller,12,other
paths,12,other
measurement,12,other
angela carter,12,other
victoria,12,other
singapore,12,other
parliament,12,other
shaw,12,other
unfinished,12,other
matrix,12,other
kathy,12,other
viii,12,other
expertise,12,other
contra,12,other
suicide,12,other
sharing,12,other
metaphors,12,other
exclusionary,12,other
community based,12,other
feminist resistance,12,other
angeles,12,other
subversive,12,other
feminist science,12,other
conversation analysis,12,other
feminism iran,12,other
judy,12,other
emma,12,other
national identity,12,other
martha,12,other
ontario,12,other
cuban,12,other
selling,12,other
literacies,12,other
empowered,12,other
electoral,12,other
learn,12,other
wright,12,other
leading,12,other
literary studies,12,other
literary theory,12,other
literature feminism,12,other
new women,12,other
23,12,other
allies,12,other
feminism state,12,other
teaching learning,12,other
urbana,12,other
social construction,12,other
zone,12,other
feminism france,12,other
zines,12,other
obstacles,12,other
lesbian feminist,12,other
cultural politics,12,other
occupation,12,other
let,12,other
letter,12,other
arab spring,12,other
evolutionary psychology,12,other
social democracy,12,other
cultural identity,12,other
feminism writing,12,other
legislation,12,other
arabic,12,other
li,12,other
feminisms feminist,12,other
weaving,12,other
selective,12,other
networking,12,other
scott,12,other
musical,12,other
technological,12,other
sexual assault,12,other
oxford handbook,12,other
vampire,12,other
narrating,12,other
explorations,12,other
enduring,12,other
comparing,12,other
engaged,12,other
45 00,12,other
feminist identities,12,other
feminism novels,12,other
artistic,12,other
feminism novel,12,other
cyborgs,12,other
temporality,12,other
markets,12,other
tension,12,other
sexist,12,other
alison,12,other
feminist critical,12,other
schooling,12,other
netherlands,12,other
faces,12,other
complicity,12,other
surgery,12,other
explore,12,other
enacting,12,other
feminist epistemologies,12,other
users,12,other
madness,12,other
sex workers,12,other
equality feminism,12,other
main character,12,other
feminism radical,12,other
critical pedagogy,12,other
major,12,other
othering,12,other
subject feminism,12,other
pbk,12,other
grrrls,12,other
commission,12,other
prison,12,other
bloomington indiana,12,other
press 1989,12,other
categories,12,other
plato,12,other
historical perspective,12,other
catharine,12,other
history women,12,other
catholicism,12,other
reviewed,12,other
genesis,12,other
present future,12,other
american studies,12,other
feminism difference,12,other
intersectional analysis,12,other
citra,12,other
intersecting,12,other
precarious,12,other
policing,12,other
absence,12,other
14 95,12,other
press 1997,12,other
places,12,other
foucauldian,12,other
witness,12,other
robert,12,other
reasoning,12,other
care ethics,12,other
documentary,12,other
doesn,12,other
family feminism,12,other
edwardian,12,other
women lives,12,other
case studies,12,other
fox,12,other
invention,12,other
introduction special,12,other
frame,12,other
press 2011,12,other
decades,12,other
suzanne,12,other
rewriting,12,other
dr,12,other
policy practice,12,other
1974,12,other
posthumanist,12,other
dependency,12,other
berkeley,12,other
1917,12,other
immigrant women,12,other
reproductive justice,12,other
1982,12,other
rutgers,12,other
gender discrimination,12,other
posthumanism,12,other
federation,12,other
impact women,12,other
childbirth,12,other
1919,12,other
demands,12,other
betty,12,other
theoretical perspectives,12,other
gender history,12,other
post modern,12,other
illusion,12,other
illinois press,12,other
interplay,12,other
hybridity,12,other
drawing,12,other
beautiful,12,other
housing,12,other
deep,12,other
pragmatic,12,other
beauvoir second,12,other
humor,12,other
christine,12,other
travels,12,other
relations theory,12,other
gaming,12,other
politics gender,12,other
definition,12,other
feelings,12,other
resolution,12,other
identity women,12,other
poststructural,12,other
beijing,12,other
analyses,12,other
women struggle,12,other
displacement,12,other
california press,12,other
ambivalent,12,other
japanese feminism,12,other
break,12,other
brasil,12,other
propaganda,12,other
film television,12,other
performative,12,other
calling,12,other
perspectiva,12,other
authenticity,12,other
boston,12,other
camp,12,other
toxic,12,other
authoritarian,12,other
finding feminism,12,other
readers,12,other
psychiatry,12,other
hands,12,other
handmaid tale,12,other
handmaid,12,other
toni,12,other
eve,12,other
commercial,12,other
gt lt,12,other
discontents,12,other
wilson,12,other
quotas,12,other
género en,12,other
publications,12,other
public space,12,other
rules,12,other
rule,12,other
hair,12,other
joan,12,other
half,12,other
collective action,12,other
independent,12,other
divine,12,other
feminism domestic,12,other
19 95,12,other
feminism body,12,other
reading feminism,12,other
tracking,12,other
islamism,12,other
borderlands,12,other
auto,12,other
head,12,other
product,12,other
divorce,12,other
focused,12,other
split,11,other
bitch,11,other
wall,11,other
professionals,11,other
site,11,other
couples,11,other
ignorance,11,other
iii,11,other
seriously,11,other
amp psychology,11,other
gerakan,11,other
contract,11,other
los angeles,11,other
feminism human,11,other
ethics politics,11,other
relationship feminism,11,other
gender social,11,other
powerful,11,other
relating,11,other
louise,11,other
considering,11,other
critics,11,other
icon,11,other
feminism americas,11,other
cerpen,11,other
women literature,11,other
war terror,11,other
race ethnicity,11,other
michael,11,other
doctoral,11,other
feminism modernism,11,other
nicaragua,11,other
feminism critique,11,other
women art,11,other
postcolonial theory,11,other
hearing,11,other
feminism criminology,11,other
connecting,11,other
disaster,11,other
gut,11,other
mrs,11,other
literature film,11,other
analysis female,11,other
ghost,11,other
greek,11,other
disability studies,11,other
sixties,11,other
separate,11,other
department,11,other
veiled,11,other
feminism representation,11,other
relativism,11,other
acceptance,11,other
feminism south,11,other
alice walker,11,other
bodily,11,other
metaphysics,11,other
dialectics,11,other
sur,11,other
feminism globalization,11,other
honor,11,other
female characters,11,other
expectations,11,other
utopias,11,other
presentation,11,other
women magazines,11,other
1935,11,other
reactions,11,other
exploratory,11,other
women leaders,11,other
products,11,other
heroines,11,other
disruption,11,other
feminism pedagogy,11,other
di indonesia,11,other
press 1991,11,other
1965,11,other
haven,11,other
press 1998,11,other
bloomsbury,11,other
having,11,other
press 2005,11,other
vote,11,other
sexuality gender,11,other
domesticity,11,other
chicana feminism,11,other
modernization,11,other
geopolitics,11,other
black girls,11,other
user,11,other
hb,11,other
george eliot,11,other
wake,11,other
multiplicity,11,other
gender work,11,other
human trafficking,11,other
proto,11,other
regional,11,other
su,11,other
antifeminism,11,other
mackinnon,11,other
thousand,11,other
feminism reimagined,11,other
brand,11,other
sub saharan,11,other
explaining,11,other
speculative,11,other
feminism reflected,11,other
signs,11,other
agriculture,11,other
rage,11,other
feminism labor,11,other
modern women,11,other
centuries,11,other
victorian england,11,other
predictors,11,other
blame,11,other
preferences,11,other
print media,11,other
religions,11,other
confucianism,11,other
family planning,11,other
interviews,11,other
scientists,11,other
intimacies,11,other
family life,11,other
origin,11,other
tactics,11,other
frames,11,other
piety,11,other
fragments,11,other
orthodoxy,11,other
balance,11,other
temple,11,other
cloth isbn,11,other
founding,11,other
schreiner,11,other
feminist film,11,other
involvement,11,other
philippines,11,other
code,11,other
stein,11,other
planet,11,other
iris,11,other
revolutionary feminism,11,other
fundamental,11,other
battle,11,other
poetic,11,other
sebagai,11,other
friend,11,other
operations,11,other
opinion,11,other
freud feminism,11,other
systematic literature,11,other
decolonial feminisms,11,other
basic,11,other
university california,11,other
claire,11,other
reviews feminism,11,other
affirmative,11,other
women social,11,other
oral history,11,other
screen,11,other
feminist attitudes,11,other
forging,11,other
egalitarian,11,other
cinta,11,other
said,11,other
audiences,11,other
dans,11,other
jewish women,11,other
es,11,other
passions,11,other
understand,11,other
saharan,11,other
comes,11,other
comfort,11,other
patient,11,other
feminizm,11,other
jung,11,other
streets,11,other
wind,11,other
feminization,11,other
rutgers university,11,other
joy,11,other
strengthening,11,other
tentang,11,other
feminism edited,11,other
fair,11,other
knowledge production,11,other
strangers,11,other
perspectives women,11,other
feminist knowledge,11,other
scholar,11,other
feminist literary,11,other
roman,11,other
feminism epistemology,11,other
paper isbn,11,other
perspective eco,11,other
isn,11,other
college women,11,other
author,11,other
feminist praxis,11,other
periodical,11,other
feminism ecology,11,other
park,11,other
kate chopin,11,other
ukraine,11,other
woolf feminism,11,other
structuralism,11,other
olive schreiner,11,other
education research,11,other
cinematic,11,other
offenders,11,other
women public,11,other
editing,11,other
university students,11,other
chopin,11,other
theme,11,other
lesbianism,11,other
extreme,11,other
zine,11,other
21,11,other
traveling,11,other
start,11,other
intentions,11,other
beginning,11,other
political philosophy,11,other
occupational,11,other
researcher,11,other
research practice,11,other
themes,11,other
indigenous feminisms,11,other
post colonial,11,other
early feminism,11,other
translated,11,other
nineties,11,other
cultura,11,other
study religion,11,other
exposure,11,other
standing,11,other
conflicting,11,other
norm,11,other
anderson,11,other
individuals,11,other
chilean,11,other
technical,11,other
concerning,11,other
uganda,11,other
concern,11,other
trend,11,other
women resistance,11,other
affairs,11,other
arab women,11,other
final,10,other
memes,10,other
harvard university,10,other
imaginary,10,other
wonder woman,10,other
memories,10,other
violência,10,other
filmmaking,10,other
feminism language,10,other
influence feminism,10,other
men masculinities,10,other
feminist psychology,10,other
digital humanities,10,other
yugoslav,10,other
feminist reading,10,other
lived experiences,10,other
feminism theology,10,other
women higher,10,other
map,10,other
violencia,10,other
witchcraft,10,other
feminism question,10,other
feminism materialism,10,other
difficult,10,other
enhancing,10,other
wages,10,other
lois,10,other
envisioning,10,other
finnish,10,other
media feminism,10,other
cross sectional,10,other
wide,10,other
gaga feminism,10,other
killing,10,other
women fiction,10,other
evans,10,other
erotic,10,other
digital activism,10,other
fatherhood,10,other
influencers,10,other
doris,10,other
dignity,10,other
joanna,10,other
michelle,10,other
feminism confronts,10,other
led,10,other
existential,10,other
1958,10,other
work life,10,other
den,10,other
feminism ideology,10,other
young adult,10,other
washington,10,other
incel,10,other
feministic,10,other
convention,10,other
hot,10,other
magic,10,other
feminism reflections,10,other
feminism trans,10,other
hooks,10,other
critical perspectives,10,other
word feminism,10,other
feminisms gender,10,other
kitchen,10,other
kartini,10,other
harding,10,other
dimension,10,other
decolonial feminist,10,other
feminism interpretation,10,other
women agency,10,other
indo,10,other
deconstruction feminism,10,other
literatures,10,other
feminism theoretical,10,other
environmental ethics,10,other
hood,10,other
jo,10,other
graphic,10,other
greece,10,other
metropolitan,10,other
feminism gendering,10,other
hci,10,other
feminism postcolonial,10,other
drinking,10,other
developments,10,other
edinburgh,10,other
dominance,10,other
xv,10,other
wendy,10,other
donna haraway,10,other
heteronormativity,10,other
dressing,10,other
critical thinking,10,other
differently,10,other
landscape,10,other
facing,10,other
heroes,10,other
investigación,10,other
male female,10,other
27,10,other
feminism rhetoric,10,other
feminism problem,10,other
developmental,10,other
democracy feminism,10,other
women entrepreneurs,10,other
hillary,10,other
feminism generation,10,other
wacana,10,other
lynn,10,other
francophone,10,other
humanity,10,other
vulnerable,10,other
latina feminism,10,other
historicizing,10,other
marginalized,10,other
lynne,10,other
hindu,10,other
culturally,10,other
yale,10,other
luce,10,other
welfare state,10,other
defence,10,other
criminal law,10,other
voices feminism,10,other
hermeneutics,10,other
examples,10,other
events,10,other
following,10,other
efforts,10,other
materials,10,other
garde,10,other
eugenic,10,other
estudios,10,other
event,10,other
cycle,10,other
garden,10,other
economics feminism,10,other
division,10,other
feminism historical,10,other
il,10,other
feminist lens,10,other
feminism matters,10,other
drug,10,other
flesh,10,other
detection,10,other
heard,10,other
women development,10,other
feminism moral,10,other
diary,10,other
domestic labour,10,other
feminism young,10,other
international human,10,other
deal,10,other
integrated,10,other
doll,10,other
hegel,10,other
european feminisms,10,other
feminist foreign,10,other
legislative,10,other
feminist geography,10,other
critical study,10,other
feminism self,10,other
feel,10,other
material feminism,10,other
coverage,10,other
forced,10,other
exile,10,other
ubuntu,10,other
tess,10,other
test,10,other
press 1993,10,other
takes,10,other
press 1994,10,other
testing,10,other
caryl churchill,10,other
caryl,10,other
confronts,10,other
carolina,10,other
anarchist,10,other
press 2017,10,other
press 2018,10,other
press 2020,10,other
press 2021,10,other
new millennium,10,other
65,10,other
nostalgia,10,other
multimodal,10,other
skills,10,other
rock,10,other
ordinary,10,other
avant,10,other
opera,10,other
opening,10,other
avant garde,10,other
75,10,other
background,10,other
century america,10,other
office,10,other
riot grrrl,10,other
sin,10,other
terrorism,10,other
sites,10,other
notions,10,other
princeton university,10,other
social responsibility,10,other
new brunswick,10,other
social studies,10,other
américa latina,10,other
américa,10,other
amp lt,10,other
amp gt,10,other
buffy,10,other
nancy fraser,10,other
brunswick,10,other
repression,10,other
contemporary art,10,other
toni morrison,10,other
quebec,10,other
tolerance,10,other
mutual,10,other
representasi feminisme,10,other
bibliography index,10,other
southeast,10,other
constructivist,10,other
topic,10,other
campaigns,10,other
socialist feminist,10,other
socio cultural,10,other
thailand,10,other
responsibilities,10,other
conservative women,10,other
professions,10,other
nepal,10,other
49,10,other
neoliberal university,10,other
conspiracy,10,other
negotiating gender,10,other
sosial,10,other
activism social,10,other
necessary,10,other
role gender,10,other
orientations,10,other
poststructuralist feminism,10,other
sale,10,other
articulation,10,other
political thought,10,other
perspectives feminism,10,other
politics contemporary,10,other
scene,10,other
collection,10,other
persons,10,other
personality,10,other
saving,10,other
politics new,10,other
save,10,other
perils,10,other
politics women,10,other
sensibility,10,other
separate spheres,10,other
abolitionist,10,other
clothing,10,other
photography,10,other
classical,10,other
civil war,10,other
trust,10,other
truths,10,other
plus,10,other
classic,10,other
point view,10,other
aboriginal women,10,other
technoscience,10,other
classrooms,10,other
clinton,10,other
sectional,10,other
close,10,other
churchill,10,other
closet,10,other
apartheid,10,other
poor,10,other
poststructuralism,10,other
serving,10,other
postcolonialism feminism,10,other
anti gender,10,other
charles,10,other
transdisciplinary,10,other
panic,10,other
unionism,10,other
australian feminism,10,other
sexual revolution,10,other
ageism,10,other
exhibitions,10,other
transcending,10,other
postmodernism feminism,10,other
postpartum,10,other
terhadap perempuan,10,other
autobiographical,10,other
transitional,10,other
post war,10,other
teori,10,other
assumptions,10,other
settler,10,other
assisted,10,other
pendekatan,10,other
peer,10,other
chimamanda,10,other
antiracist feminism,10,other
commodity,10,other
partial,10,other
commons,10,other
atlantic,10,other
partnership,10,other
post modernism,10,other
post soviet,10,other
uneasy,10,other
stanford university,10,other
testimony,10,other
area,10,other
albany,10,other
moroccan,10,other
stone,10,other
adolescent girls,10,other
stop,10,other
continental,10,other
alternatives,10,other
statement,10,other
minneapolis university,10,other
supremacy,10,other
35 00,10,other
ain,10,other
brain,10,other
step,10,other
strength,10,other
alt,10,other
straight,10,other
alcohol,10,other
sue,10,other
reflections feminism,10,other
styles,10,other
service learning,9,other
análisis,9,other
peran,9,other
dari,9,other
fact,9,other
tanzania,9,other
bosnia,9,other
talk feminism,9,other
columbia university,9,other
objectivity,9,other
pregnant,9,other
apart,9,other
leslie,9,other
celebrity feminism,9,other
colour,9,other
divided,9,other
september,9,other
modest,9,other
condition,9,other
global justice,9,other
left feminism,9,other
lebanon,9,other
forgotten,9,other
ritual,9,other
black male,9,other
entangled,9,other
women activists,9,other
copyright,9,other
housewife,9,other
servant,9,other
bio,9,other
danish,9,other
zhang,9,other
feminism italy,9,other
annotated,9,other
situating,9,other
perceptions feminism,9,other
feminism liberal,9,other
hospital,9,other
rise fall,9,other
horizon,9,other
reimagined intersectionality,9,other
feminism impact,9,other
feminism teaching,9,other
holy,9,other
applications,9,other
ambiguities,9,other
feminism transition,9,other
reaction,9,other
life work,9,other
jan,9,other
feminism freedom,9,other
lighthouse,9,other
monogamy,9,other
semiotic,9,other
lily,9,other
liminal,9,other
1780,9,other
taiwan,9,other
epistemic injustice,9,other
women experience,9,other
feminism foreign,9,other
chicano,9,other
miss,9,other
press 2006,9,other
wish,9,other
substantive,9,other
frontier,9,other
historia,9,other
unmodified,9,other
institution,9,other
bank,9,other
hungary,9,other
elisabeth,9,other
moment,9,other
environmental education,9,other
68,9,other
sky,9,other
stress,9,other
wave feminist,9,other
body politics,9,other
norwegian,9,other
explanations,9,other
press 1987,9,other
innocence,9,other
history feminist,9,other
trajectories,9,other
mission,9,other
liberatory,9,other
feminism today,9,other
1991 pp,9,other
press 1986,9,other
category,9,other
soap,9,other
peoples,9,other
pp xiv,9,other
feminist self,9,other
cosmetic,9,other
charter,9,other
postdigital,9,other
xx,9,other
june,9,other
teach,9,other
feminism performance,9,other
rousseau,9,other
posthuman feminism,9,other
para la,9,other
feminism peace,9,other
95 isbn,9,other
transfer,9,other
filipino,9,other
klein,9,other
menopause,9,other
doctor,9,other
feminism pakistan,9,other
portrayals,9,other
portrayal women,9,other
paid,9,other
sadomasochism,9,other
mernissi,9,other
meta,9,other
sexual orientation,9,other
enemy,9,other
reflective,9,other
reassessing,9,other
indian feminism,9,other
feminism realism,9,other
women media,9,other
chick,9,other
rebel,9,other
corporate social,9,other
sexes,9,other
reassessment,9,other
study feminist,9,other
stylistic,9,other
running,9,other
sexual identity,9,other
run,9,other
patients,9,other
just like,9,other
athens,9,other
parental,9,other
royal,9,other
au,9,other
kenyan,9,other
feminism resistance,9,other
feminism pornography,9,other
associations,9,other
children literature,9,other
wedding,9,other
ghosts,9,other
english canada,9,other
english feminism,9,other
feminism masculinity,9,other
english language,9,other
flourishing,9,other
composition,9,other
shift,9,other
80,9,other
born,9,other
en las,9,other
feminism making,9,other
latinx,9,other
culture social,9,other
settings,9,other
mobile,9,other
cfp,9,other
comic,9,other
ibsen,9,other
efficacy,9,other
comfort women,9,other
college students,9,other
oppressed,9,other
hybrid,9,other
language gender,9,other
curating,9,other
memoirs,9,other
autobiographies,9,other
yale university,9,other
outsider,9,other
feminism neoliberalism,9,other
kurdish,9,other
illustrations,9,other
competing,9,other
en torno,9,other
36,9,other
postsocialism,9,other
dramas,9,other
1820,9,other
women chinese,9,other
western feminist,9,other
alt right,9,other
associated,9,other
unity,9,other
origins feminism,9,other
laki laki,9,other
blogging,9,other
pour,9,other
1800 1914,9,other
landscapes,9,other
writing history,9,other
post conflict,9,other
fun,9,other
steps,9,other
army,9,other
motherhood germany,9,other
arms,9,other
feminisme dan,9,other
viewing,9,other
inventing,9,other
picture,9,other
male feminism,9,other
public administration,9,other
reproductive health,9,other
feminism action,9,other
religiosity,9,other
pin,9,other
theologies,9,other
eat,9,other
speaks,9,other
gut feminism,9,other
adventure,9,other
feminist critiques,9,other
intro feminism,9,other
intro,9,other
research gender,9,other
psychology feminism,9,other
disorders,9,other
young men,9,other
critical realism,9,other
goes,9,other
torno,9,other
invitation,9,other
1928,9,other
feminism canada,9,other
art history,9,other
feminism brazil,9,other
nawal,9,other
feminist discourses,9,other
political ecology,9,other
south korean,9,other
domestic abuse,9,other
majority,9,other
hannah arendt,9,other
critical legal,9,other
nietzsche,9,other
feminism australian,9,other
nationalisms,9,other
making bodies,9,other
european feminism,9,other
contact,9,other
disciplines,9,other
micro,9,other
governmentality,9,other
grosz,9,other
gender ideology,9,other
renewal,9,other
varieties,9,other
reconsidering,9,other
standard,9,other
marvel,9,other
murder,9,other
multispecies,9,other
standards,9,other
feminist agenda,9,other
fashioning,9,other
vegan,9,other
280,9,other
intersectional approach,9,other
exist,9,other
plural,9,other
masculinity feminism,9,other
yugoslavia,9,other
multicultural feminism,9,other
star,9,other
feminist anti,9,other
reconciling,9,other
marginalisation,9,other
mining,9,other
disclosure,9,other
1950s,9,other
crises,9,other
governance feminism,9,other
represented,9,other
guattari,9,other
māori,9,other
americans,9,other
fantasies,9,other
broken,9,other
fantastic,9,other
actors,9,other
queer feminism,9,other
female images,9,other
sustaining,9,other
interpreting,9,other
representations women,9,other
yu,9,other
pioneer,9,other
teenage,9,other
mutilation,9,other
coaches,9,other
burden,9,other
philosophers,9,other
zero,9,other
prime,9,other
funny,9,other
social psychology,9,other
feminism visual,9,other
location,9,other
consciousness raising,9,other
future directions,9,other
principle,9,other
achieving,9,other
montreal,9,other
feminism wave,9,other
experiment,9,other
feminist interpretations,9,other
social transformation,9,other
feminism western,9,other
virtuous,9,other
selection,9,other
responsible,9,other
gloria,9,other
feminism elizabeth,9,other
dickinson,9,other
losing,9,other
recognizing,9,other
metoo movement,9,other
ngozi adichie,9,other
lit,9,other
ngozi,9,other
feminism unmodified,9,other
amendment,9,other
dialectic,9,other
integrative,9,other
tafsir,9,other
distress,9,other
feminism vietnam,9,other
fairy tales,9,other
educación,9,other
meat,9,other
evangelical feminism,9,other
17 95,9,other
diana,9,other
feminism view,9,other
successful,9,other
los feminismos,9,other
moore,9,other
reconciliation,9,other
sons,9,other
programme,9,other
1936,9,other
rational,9,other
prose,9,other
defending,9,other
dissident,9,other
philanthropy,9,other
phenomenology feminism,9,other
bourdieu,9,other
protecting,9,other
articulations,9,other
feminism changed,9,other
feminism cold,9,other
distance,9,other
digital feminist,9,other
respond,9,other
ecuador,9,other
md,9,other
political representation,9,other
advertisements,9,other
deadline,9,other
needs feminism,9,other
town,9,other
lucy,9,other
respectability,9,other
workshop,9,other
interactive,9,other
geographical,8,other
poder,8,other
deleuze guattari,8,other
1925,8,other
doing gender,8,other
positioning,8,other
electronic,8,other
temple university,8,other
feminist aesthetics,8,other
arte,8,other
asian women,8,other
indigeneity,8,other
genetics,8,other
embracing,8,other
feminist women,8,other
dominated,8,other
feminist futures,8,other
recovering,8,other
domestic workers,8,other
elizabeth grosz,8,other
political ideologies,8,other
scripts,8,other
definitions,8,other
decoloniality,8,other
politics post,8,other
political correctness,8,other
tendencies,8,other
aristotle,8,other
deleuzian,8,other
chimamanda ngozi,8,other
trial,8,other
inequities,8,other
1989 pp,8,other
doris lessing,8,other
feminist ideology,8,other
politik,8,other
recent trends,8,other
inheritance,8,other
interactions,8,other
women make,8,other
politic,8,other
artist,8,other
políticas,8,other
georgia,8,other
feminist solidarity,8,other
feminist issue,8,other
ashgate,8,other
academe,8,other
arena,8,other
influencing,8,other
political action,8,other
scottish,8,other
feminist thinking,8,other
feminist practice,8,other
genital mutilation,8,other
interpersonal,8,other
saharan africa,8,other
genetic,8,other
pornography feminism,8,other
theory praxis,8,other
genocide,8,other
blue,8,other
industries,8,other
transnational women,8,other
degree,8,other
biographical,8,other
reboot,8,other
drugs,8,other
gaps,8,other
cambridge cambridge,8,other
resist,8,other
gay men,8,other
property,8,other
harper,8,other
belief,8,other
tough,8,other
believe,8,other
proto feminism,8,other
bell hooks,8,other
torture,8,other
residential,8,other
gender analysis,8,other
belle,8,other
dual,8,other
women poetry,8,other
religion feminism,8,other
happiness,8,other
profit,8,other
advice,8,other
women self,8,other
canadian feminism,8,other
educating,8,other
carmen,8,other
hero,8,other
press 2022,8,other
diasporic,8,other
dichotomy,8,other
fundamentalism feminism,8,other
price,8,other
achievement,8,other
heartland,8,other
princeton princeton,8,other
theory feminist,8,other
textiles,8,other
editor introduction,8,other
trade union,8,other
capitalism feminism,8,other
edith,8,other
globalizing,8,other
future women,8,other
research methods,8,other
diplomacy,8,other
1915,8,other
bentuk,8,other
women identity,8,other
grounding,8,other
brief history,8,other
big data,8,other
binaries,8,other
women oppression,8,other
women intellectual,8,other
dynamic,8,other
bind,8,other
title,8,other
discussions,8,other
durham duke,8,other
disease,8,other
tiktok,8,other
gender matters,8,other
gender media,8,other
tiger,8,other
ties,8,other
dutch,8,other
remembering,8,other
theories gender,8,other
1947,8,other
ebook,8,other
adversarial,8,other
women issues,8,other
radicals,8,other
reproductive technologies,8,other
eco feminist,8,other
bulan,8,other
reproductive rights,8,other
echoes,8,other
eating disorder,8,other
queer feminisms,8,other
buddhism,8,other
mills,8,other
east west,8,other
gender education,8,other
punishment,8,other
biomedical,8,other
women perceptions,8,other
branding,8,other
dialectical,8,other
press 2013,8,other
post socialist,8,other
thirty years,8,other
depiction,8,other
postmodernity,8,other
authoritarianism,8,other
finland,8,other
terf,8,other
florence,8,other
women children,8,other
womens,8,other
divine feminine,8,other
women citizenship,8,other
egalitarianism,8,other
efl,8,other
robots,8,other
divides,8,other
desai,8,other
folk,8,other
pp 95,8,other
pp vii,8,other
hysteria,8,other
finance,8,other
roots modern,8,other
retrospective,8,other
rosa,8,other
work family,8,other
transitional justice,8,other
post structuralism,8,other
inclusive feminism,8,other
democratization,8,other
incels,8,other
postcolonial feminisms,8,other
improving,8,other
reasons,8,other
routes,8,other
blackwell,8,other
refugees,8,other
chapter feminism,8,other
immigrants,8,other
dragon,8,other
genealogies,8,other
genealogical,8,other
divisions,8,other
postmodern feminist,8,other
husband,8,other
humour,8,other
practice feminism,8,other
glitch,8,other
revolutions,8,other
bargaining,8,other
press 1978,8,other
histories feminism,8,other
gender trouble,8,other
adrienne rich,8,other
district,8,other
press 1995,8,other
women sports,8,other
feminist activists,8,other
french revolution,8,other
education feminism,8,other
development studies,8,other
friedan,8,other
women narratives,8,other
basis,8,other
press 2010,8,other
carrie,8,other
carolyn,8,other
adrienne,8,other
presidential,8,other
divergent,8,other
destiny,8,other
robot,8,other
effective,8,other
housewives,8,other
rising,8,other
century american,8,other
desires,8,other
centred,8,other
centers,8,other
women voices,8,other
caught,8,other
honour,8,other
preliminary,8,other
ceiling,8,other
balancing,8,other
black left,8,other
presented,8,other
causes,8,other
cause,8,other
century science,8,other
therapeutic,8,other
lifestyle,8,other
spivak,8,other
oh,8,other
contemporary china,8,other
crimes,8,other
university new,8,other
sight,8,other
shrew,8,other
feminism labour,8,other
muslim woman,8,other
voluntary,8,other
marriage feminism,8,other
feminism late,8,other
marriages,8,other
american politics,8,other
older women,8,other
ontologies,8,other
concept feminism,8,other
feminism life,8,other
sign,8,other
anita,8,other
american literature,8,other
contemporary british,8,other
marginalization,8,other
angry,8,other
feminism imperialism,8,other
novelists,8,other
contemporary american,8,other
nuclear,8,other
wave women,8,other
lessing,8,other
cultural production,8,other
conduct,8,other
marion,8,other
nussbaum,8,other
criminalization,8,other
ny,8,other
obesity,8,other
feminism intersectional,8,other
female male,8,other
music education,8,other
optation,8,other
unit,8,other
neo liberal,8,other
massey,8,other
veiling,8,other
farming,8,other
labor feminism,8,other
verbal,8,other
feminism muslim,8,other
materialisms,8,other
feminism narrative,8,other
feminism need,8,other
1830,8,other
feminism news,8,other
motion,8,other
cyberfeminism,8,other
white supremacy,8,other
maternal feminism,8,other
family politics,8,other
staying,8,other
feminism methodology,8,other
sharon,8,other
lawrence,8,other
western feminisms,8,other
option,8,other
mundo,8,other
computational,8,other
annual,8,other
lauren,8,other
multiracial,8,other
feminism long,8,other
marxist feminist,8,other
crazy,8,other
mary daly,8,other
welcome,8,other
organisations,8,other
comprehensive,8,other
feminism market,8,other
multiculturalism feminism,8,other
english literature,8,other
fashion feminism,8,other
northern ireland,8,other
angels,8,other
feminine mystique,8,other
necessity,8,other
248,8,other
lonely,8,other
loneliness,8,other
feminism ecological,8,other
social research,8,other
wanted,8,other
mainstream feminism,8,other
cross national,8,other
native american,8,other
analytical,8,other
makers,8,other
erasure,8,other
crossings,8,other
constructivism,8,other
analytics,8,other
critical examination,8,other
social networks,8,other
esl,8,other
feminism discontents,8,other
north carolina,8,other
feminism canadian,8,other
luce irigaray,8,other
wales,8,other
estado,8,other
feminism community,8,other
loyalty,8,other
loving,8,other
ma,8,other
analysing,8,other
negotiate,8,other
networked feminism,8,other
analysis gender,8,other
feminism context,8,other
madame,8,other
soft,8,other
49 95,8,other
feminism capitalism,8,other
socialism french,8,other
new social,8,other
feminism evolution,8,other
feminism evolutionary,8,other
feminism exploring,8,other
epilogue,8,other
15 95,8,other
consumers,8,other
life law,8,other
feminism gendered,8,other
sobre la,8,other
life feminism,8,other
mansfield,8,other
library guides,8,other
amina,8,other
consuming,8,other
feminism got,8,other
north africa,8,other
specific,8,other
liberty,8,other
names,8,other
feminism health,8,other
agricultural,8,other
cuerpo,8,other
social class,8,other
16 95,8,other
ana,8,other
news media,8,other
25 00,8,other
feminism fashion,8,other
equal rights,8,other
warren,8,other
warrior,8,other
feminism feminism,8,other
feminism academy,8,other
feminism africa,8,other
feminism fiction,8,other
feminism fight,8,other
ling,8,other
ct,8,other
critical approaches,8,other
ethical feminism,8,other
aku,8,other
craft,8,other
feminism television,8,other
color feminism,8,other
extended,8,other
expressed,8,other
continuing,8,other
coloniality gender,8,other
performance art,8,other
continuities,8,other
iv,8,other
feminism twentieth,8,other
persistence,8,other
mentoring,8,other
study social,8,other
type,8,other
exploring gender,8,other
feminism violence,8,other
abolition feminism,8,other
exploratory study,8,other
metaethics,8,other
corpus,8,other
perfect,8,other
subject guides,8,other
japanese women,8,other
peace security,8,other
uncovering,8,other
feminism right,8,other
journalists,8,other
pendidikan,8,other
coming age,8,other
en los,8,other
uncertainty,8,other
memoir,8,other
unbearable,8,other
wrong,8,other
evil,8,other
feminism taking,8,other
extremism,8,other
darwinian,8,other
studies intro,8,other
correctness,8,other
islamic feminist,8,other
exceptionalism,8,other
feminism revolution,8,other
suffering,8,other
existentialist,8,other
feminisms contemporary,8,other
superheroes,8,other
writ,8,other
existential feminism,8,other
intra,8,other
migrant women,8,other
videos,8,other
classification,8,other
34,8,other
feminisms politics,8,other
militant,8,other
feminisms transnational,8,other
tumblr,8,other
intersex,8,other
archival,8,other
clark,8,other
deborah,8,other
00 isbn,8,other
core,8,other
pill,8,other
witnessing,8,other
isabel,8,other
irony,8,other
feminism womanism,8,other
mixed methods,8,other
wittig,8,other
mitchell,8,other
exchanges,8,other
feminism works,8,other
mis,8,other
segal,8,other
photographs,8,other
dealing,8,other
ali,8,other
physician,8,other
mirada,8,other
write,8,other
seven,8,other
est,8,other
judge,8,other
keeping,8,other
antifeminist,8,other
monique,8,other
xiii,8,other
sex role,8,other
monitoring,8,other
encyclopedia,8,other
counselling,8,other
seventeenth,8,other
30 00,8,other
parity,8,other
kathleen,8,other
monstrous,8,other
alan,8,other
sexual ethics,8,other
dalam film,8,other
37,8,other
evaluating,8,other
feminism postfeminism,8,other
feminism postcolonialism,8,other
mead,8,other
daily,8,other
mcrobbie,8,other
community college,8,other
european women,8,other
khaled,8,other
1848,8,other
european union,8,other
kin,8,other
stigmatization,8,other
knitting,8,other
daly,8,other
feminism rape,8,other
patriarchy feminism,8,other
pay,8,other
melalui,8,other
julie,8,other
patriarki,8,other
july,8,other
feminism australia,7,other
bit,7,other
estonia,7,other
women new,7,other
survivor,7,other
gender sensitive,7,other
1923,7,other
feminism british,7,other
symbolism,7,other
research feminism,7,other
experiential,7,other
genius,7,other
struggle women,7,other
starting,7,other
estudos,7,other
faced,7,other
representation gender,7,other
reduction,7,other
experiments,7,other
research methodology,7,other
feminism architecture,7,other
gender construction,7,other
representative,7,other
women mental,7,other
alcott,7,other
false,7,other
gay rights,7,other
12 95,7,other
feminism cinema,7,other
sophie,7,other
gender religion,7,other
advance,7,other
stuart,7,other
belgium,7,other
gender related,7,other
sun,7,other
symptoms,7,other
relative,7,other
gender family,7,other
red feminism,7,other
analyse,7,other
familial,7,other
split decisions,7,other
spirit feminism,7,other
gender quotas,7,other
american communism,7,other
gender ethnicity,7,other
gender activism,7,other
summer,7,other
fanon,7,other
gender feminisms,7,other
surviving,7,other
alexander,7,other
spectacle,7,other
exploring women,7,other
swift,7,other
gender dynamics,7,other
femicide,7,other
evelyn,7,other
reproducing,7,other
evolution feminism,7,other
surrogacy feminism,7,other
ethos,7,other
advanced,7,other
struggle gender,7,other
everybody,7,other
east north,7,other
dynasty,7,other
refugee women,7,other
gender end,7,other
stance,7,other
sport feminism,7,other
reinvention,7,other
surfacing,7,other
drag,7,other
spheres intellectual,7,other
gender entrepreneurship,7,other
evolutionary biology,7,other
feminism 1850,7,other
aid,7,other
regarding,7,other
gendered politics,7,other
stanley,7,other
agrarian,7,other
gender sex,7,other
gender parity,7,other
gender norms,7,other
fabric,7,other
feminism african,7,other
refusing,7,other
subjection,7,other
spinoza,7,other
female self,7,other
stranger,7,other
betty friedan,7,other
exploring feminism,7,other
feminism aesthetics,7,other
dystopian,7,other
amp feminism,7,other
stanford stanford,7,other
dos,7,other
driven,7,other
feminism academic,7,other
gender identities,7,other
feminism 1970s,7,other
stereotype,7,other
worth,7,other
1911,7,other
attention,7,other
roy,7,other
ferguson,7,other
sexual gender,7,other
sexual exploitation,7,other
feminism progressive,7,other
sexo,7,other
end normal,7,other
feminism racism,7,other
aged,7,other
feminism reading,7,other
sex roles,7,other
africana,7,other
feminism secularism,7,other
encountering,7,other
sex differences,7,other
sex city,7,other
feminist voices,7,other
feminism reproductive,7,other
saadawi,7,other
teaching gender,7,other
enchanted,7,other
elementary,7,other
seventeenth century,7,other
feminism rise,7,other
elaine,7,other
work education,7,other
fields,7,other
anti imperialism,7,other
shaming,7,other
flat,7,other
tax,7,other
sexually,7,other
romani,7,other
feminism neoliberal,7,other
teresa,7,other
root,7,other
sexuality popular,7,other
anthropology feminism,7,other
rorty,7,other
taylor allen,7,other
agencies,7,other
sexual reproductive,7,other
aurat,7,other
audre lorde,7,other
audre,7,other
feminism online,7,other
feminism patriarchy,7,other
feminism patricia,7,other
taylor swift,7,other
feminism perspectives,7,other
figure,7,other
feminism second,7,other
anzaldúa,7,other
flexible,7,other
emily dickinson,7,other
writing feminism,7,other
seigfried,7,other
scholarship today,7,other
feminism working,7,other
segregated,7,other
writers feminism,7,other
science studies,7,other
security studies,7,other
arab american,7,other
feminist debates,7,other
sectional study,7,other
feminismo la,7,other
en américa,7,other
armed,7,other
arab world,7,other
scotland,7,other
feminist contributions,7,other
feminist community,7,other
script,7,other
archetypes,7,other
feminist anthropology,7,other
feminisms global,7,other
feminisms social,7,other
emergence feminism,7,other
technical communication,7,other
self help,7,other
feminist international,7,other
feminism west,7,other
salud,7,other
salvation,7,other
sample,7,other
san,7,other
feminist queer,7,other
apocalypse,7,other
sandra harding,7,other
team,7,other
assembling,7,other
assemblages,7,other
workforce,7,other
assemblage,7,other
senior,7,other
asking,7,other
feminism turn,7,other
self identity,7,other
feminist men,7,other
dominasi,7,other
asian feminisms,7,other
ella,7,other
feminism virginia,7,other
feminism war,7,other
tenant,7,other
feminism modernity,7,other
feminism metoo,7,other
feminism civil,7,other
social cultural,7,other
eds feminism,7,other
fundamental feminism,7,other
retirement,7,other
table,7,other
feminism faith,7,other
york palgrave,7,other
social determinants,7,other
epistolary,7,other
york columbia,7,other
textbook,7,other
basingstoke,7,other
york city,7,other
androgyny,7,other
review gender,7,other
french romanticism,7,other
feminism fourth,7,other
social activism,7,other
education gender,7,other
agama,7,other
reviewing,7,other
revising,7,other
feminism gay,7,other
feminism geography,7,other
frankenstein,7,other
rethinking feminism,7,other
women science,7,other
york press,7,other
feminism england,7,other
feminism class,7,other
feminism coalition,7,other
feminism comparative,7,other
feminism concept,7,other
solutions,7,other
bedfellows,7,other
solution,7,other
1910,7,other
agnes,7,other
féministe,7,other
women role,7,other
feminism curriculum,7,other
restoring,7,other
beast,7,other
results,7,other
resurgence,7,other
feminism edit,7,other
agendas,7,other
1907,7,other
erotics,7,other
eros,7,other
edna,7,other
feminism empire,7,other
environments,7,other
francisco,7,other
flight,7,other
available,7,other
shows,7,other
rituals,7,other
forest,7,other
roberta,7,other
feminism latin,7,other
anniversary,7,other
feminism liberation,7,other
annotated bibliography,7,other
feminism linguistic,7,other
shifts,7,other
food sovereignty,7,other
taste,7,other
franchise,7,other
folklore,7,other
feminism love,7,other
feminism male,7,other
feminism margaret,7,other
foe,7,other
feminism mary,7,other
shelley,7,other
sheila,7,other
florida,7,other
role models,7,other
autoethnographic,7,other
babies,7,other
forming,7,other
backgrounds,7,other
fortunes,7,other
feminism great,7,other
france united,7,other
feminism higher,7,other
women state,7,other
angela mcrobbie,7,other
slayer,7,other
anglo american,7,other
ban,7,other
feminism indigenous,7,other
fragmented,7,other
women transnational,7,other
feminism indonesia,7,other
rio,7,other
similarity,7,other
bad girls,7,other
feminism interview,7,other
feminism introduction,7,other
educational research,7,other
territory,7,other
ann taylor,7,other
feminism japan,7,other
foster,7,other
territories,7,other
milk,7,other
merleau ponty,7,other
bluestocking,7,other
ukrainian,7,other
patriotism,7,other
juana,7,other
pemikiran,7,other
pennsylvania,7,other
johnson,7,other
jill,7,other
combat,7,other
jewish feminist,7,other
dare,7,other
perempuan dan,7,other
javanese,7,other
recreational,7,other
darwinian feminism,7,other
wing populism,7,other
ability,7,other
understanding feminism,7,other
data science,7,other
persistent,7,other
collective biography,7,other
islands,7,other
islamist,7,other
islamic feminisms,7,other
cohort,7,other
persuasive,7,other
pessimism,7,other
irish women,7,other
iranian feminism,7,other
coalitions,7,other
closing,7,other
19th century,7,other
dalit women,7,other
kamala,7,other
debunking,7,other
85,7,other
oppositional,7,other
2024,7,other
compulsory,7,other
latino,7,other
late twentieth,7,other
late nineteenth,7,other
wellbeing,7,other
large,7,other
lanham,7,other
origins existentialism,7,other
orlando,7,other
lack,7,other
competence,7,other
kritis,7,other
korean women,7,other
passing,7,other
konsep,7,other
oxford oxford,7,other
comparative perspective,7,other
union women,7,other
pankhurst,7,other
paperback isbn,7,other
unhappy,7,other
ketidakadilan,7,other
kekerasan terhadap,7,other
parenthood,7,other
unfolding,7,other
communism making,7,other
participatory research,7,other
partners,7,other
debt,7,other
client,7,other
leaving,7,other
women australian,7,other
indo caribbean,7,other
child sexual,7,other
positivist,7,other
indicators,7,other
1986 pp,7,other
transitions,7,other
improve,7,other
demography,7,other
chaucer,7,other
postcolonialisms,7,other
immunity,7,other
transcultural,7,other
chapel hill,7,other
chapel,7,other
imagined,7,other
infertility,7,other
1981,7,other
1980s 1990s,7,other
posts,7,other
changed science,7,other
change women,7,other
change gender,7,other
idol,7,other
derby,7,other
postwork,7,other
trans women,7,other
pp 29,7,other
trans exclusionary,7,other
1976,7,other
humanitarian,7,other
abyss,7,other
delhi,7,other
decentering,7,other
politically,7,other
class women,7,other
plain,7,other
declaration,7,other
intersectionality social,7,other
playwrights,7,other
plurality,7,other
1996 pp,7,other
citra perempuan,7,other
interseccional,7,other
woman writer,7,other
circle,7,other
poligami,7,other
cine,7,other
international conference,7,other
politicians,7,other
ponty,7,other
define,7,other
politics american,7,other
politics case,7,other
defining feminism,7,other
intellectual roots,7,other
politics development,7,other
politics literature,7,other
institutionalism,7,other
politics representation,7,other
institute,7,other
politics reproduction,7,other
politics sex,7,other
politics social,7,other
del feminismo,7,other
university chicago,7,other
lecture,7,other
accommodation,7,other
version,7,other
media discourse,7,other
media culture,7,other
media activism,7,other
victimization,7,other
2nd,7,other
mormon,7,other
contestations,7,other
maya,7,other
matters feminism,7,other
mother work,7,other
39 95,7,other
vis vis,7,other
courts,7,other
40 00,7,other
mastery,7,other
monique wittig,7,other
masculinity studies,7,other
crafting,7,other
415,7,other
voices women,7,other
martial,7,other
married women,7,other
variations,7,other
market policy,7,other
26,7,other
mysticism,7,other
mark,7,other
marianne,7,other
nairobi,7,other
vs feminism,7,other
media representations,7,other
moments,7,other
consumer culture,7,other
meritocracy,7,other
militancy,7,other
midwives,7,other
conversations feminism,7,other
video games,7,other
miriam,7,other
mexicana,7,other
contradictory,7,other
mistress,7,other
vindication,7,other
contours,7,other
continuum,7,other
continuity change,7,other
messages,7,other
merleau,7,other
violence south,7,other
virtue,7,other
continued,7,other
mena,7,other
vida,7,other
men masculinity,7,other
modern china,7,other
modern political,7,other
cosmopolitan,7,other
modernities,7,other
members,7,other
member,7,other
melanie,7,other
costume,7,other
mediterranean,7,other
contextualising,7,other
marcuse,7,other
narrative review,7,other
wear,7,other
22 95,7,other
newspapers,7,other
literary cultural,7,other
ngo,7,other
confucian,7,other
csr,7,other
nightingale,7,other
60,7,other
warriors,7,other
unmodified discourses,7,other
lilith,7,other
like girl,7,other
nj,7,other
nomadic,7,other
waste,7,other
unlikely,7,other
new south,7,other
cultural differences,7,other
university toronto,7,other
novel perempuan,7,other
cultural memory,7,other
70,7,other
numbers,7,other
university north,7,other
21 95,7,other
lens feminism,7,other
obstetric,7,other
offer,7,other
ohio,7,other
legal reform,7,other
old age,7,other
unpaid,7,other
war women,7,other
critical approach,7,other
constance,7,other
man woman,7,other
25 years,7,other
males,7,other
male rape,7,other
vaginal,7,other
malala,7,other
making modern,7,other
construction gender,7,other
magical,7,other
maggie,7,other
construction female,7,other
machines,7,other
neil,7,other
neo liberalism,7,other
low income,7,other
lo,7,other
netflix,7,other
los estudios,7,other
uruguay,7,other
lorde,7,other
neuroscience,7,other
urbana university,7,other
longitudinal,7,other
longer,7,other
london sage,7,other
new deal,7,other
consensual,7,other
lockdown,7,other
new french,7,other
new haven,7,other
humanist,7,other
darwin,7,other
psychological research,7,other
gothic feminism,7,other
title ix,7,other
history philosophy,7,other
carolina press,7,other
bourgeois,7,other
actions,7,other
bronte,7,other
digital spaces,7,other
harmony,7,other
press 2015,7,other
women global,7,other
québec,7,other
realism feminism,7,other
race culture,7,other
diy,7,other
qualitative analysis,7,other
produced,7,other
história,7,other
women education,7,other
girls feminism,7,other
homes,7,other
radio,7,other
adjustment,7,other
homo,7,other
hermeneutika,7,other
homophobia,7,other
guides women,7,other
press 2019,7,other
diane,7,other
preference,7,other
promote,7,other
herstory,7,other
greenham,7,other
hillary clinton,7,other
quiet,7,other
profile,7,other
discovery,7,other
bridge called,7,other
discovering,7,other
hay,7,other
rationality,7,other
dissonance,7,other
press 2004,7,other
greenwich,7,other
press 2002,7,other
progression,7,other
progressivism,7,other
hierarchies,7,other
boulder,7,other
development women,7,other
global local,7,other
discourses life,7,other
press 2008,7,other
press 2009,7,other
discourses feminism,7,other
reactionary,7,other
women human,7,other
catharine mackinnon,7,other
discurso,7,other
dewey,7,other
1970 1990,7,other
1970s 1980s,7,other
radicalizing,7,other
tracks,7,other
documents,7,other
doing feminist,7,other
according,7,other
topics,7,other
primary school,7,other
century england,7,other
care work,7,other
germany 1800,7,other
1952,7,other
pro life,7,other
public opinion,7,other
trajectory,7,other
disability feminism,7,other
german feminism,7,other
century feminisms,7,other
habitus,7,other
break feminism,7,other
didn,7,other
directors,7,other
human geography,7,other
public life,7,other
women faculty,7,other
domestic feminism,7,other
dismantling,7,other
grace,7,other
racism feminism,7,other
1927,7,other
healthy,7,other
bodies feminism,7,other
hacia,7,other
haitian,7,other
acting,7,other
1958 1988,7,other
puerto,7,other
central eastern,7,other
women legal,7,other
henry james,7,other
disparities,7,other
disadvantaged,7,other
preface,7,other
gilbert,7,other
does mean,7,other
disinformation,7,other
pretty,7,other
recasting,7,other
quran,7,other
activities,7,other
houses,7,other
race origins,7,other
systemic,6,other
feminism comparison,6,other
feminism democratic,6,other
society feminism,6,other
madonna,6,other
walks,6,other
gray,6,other
grey,6,other
feminism corporate,6,other
new age,6,other
negotiating feminist,6,other
thousand splendid,6,other
grassroots feminism,6,other
long term,6,other
wallace,6,other
walk,6,other
repair,6,other
lt amp,6,other
need feminism,6,other
lonzi,6,other
nervosa,6,other
sociological theory,6,other
sojourning,6,other
solidarity feminism,6,other
sophia,6,other
lynne segal,6,other
luna,6,other
feminism charlotte,6,other
sociopolitical,6,other
negotiating feminism,6,other
gender international,6,other
socio economic,6,other
solomon,6,other
louisa,6,other
nelson,6,other
feminism christianity,6,other
socioeconomic,6,other
useful,6,other
neoliberal capitalism,6,other
uprisings,6,other
women novelists,6,other
newspaper,6,other
new feminisms,6,other
libguides women,6,other
slutwalk,6,other
smile,6,other
university women,6,other
north america,6,other
libertarian,6,other
libguides art,6,other
snow,6,other
libguides black,6,other
feminism girls,6,other
notebook,6,other
non binary,6,other
guineas,6,other
soap opera,6,other
guides wgs,6,other
life history,6,other
years feminism,6,other
noir,6,other
sociais,6,other
waters,6,other
notes bibliography,6,other
social relations,6,other
reproductive politics,6,other
official,6,other
women performance,6,other
significant,6,other
leisure studies,6,other
lena,6,other
occupation japan,6,other
lena dunham,6,other
silvia,6,other
target,6,other
lexington,6,other
les femmes,6,other
obama,6,other
sisters feminism,6,other
nurse,6,other
reproduction theory,6,other
gyn,6,other
levinas feminism,6,other
size,6,other
feminism friendship,6,other
taiwanese,6,other
nj rutgers,6,other
feminism entrepreneurship,6,other
untold,6,other
new world,6,other
qui,6,other
feminism everyday,6,other
feminism europe,6,other
new right,6,other
littlefield,6,other
new reproductive,6,other
new perspective,6,other
purity,6,other
feminism english,6,other
lived experience,6,other
new narratives,6,other
feminism emancipation,6,other
reports,6,other
war ii,6,other
upaya,6,other
women india,6,other
literature culture,6,other
warfare,6,other
feminism fantasy,6,other
feminism borders,6,other
pussy riot,6,other
limit,6,other
guidelines,6,other
lincoln,6,other
feminism food,6,other
feminism final,6,other
nike,6,other
grrrls feminism,6,other
tom,6,other
linguistics,6,other
feminism feminists,6,other
york london,6,other
linking,6,other
lips,6,other
nice,6,other
social identity,6,other
representations gender,6,other
nebraska,6,other
religious feminism,6,other
feminism border,6,other
men feminist,6,other
refusal,6,other
reading writing,6,other
media representation,6,other
giving,6,other
given,6,other
girls women,6,other
theory post,6,other
virgin,6,other
realizing,6,other
thinking feminism,6,other
surfing,6,other
students attitudes,6,other
membership,6,other
meme,6,other
face feminism,6,other
generational conflict,6,other
gillian,6,other
zimbabwean,6,other
studies critical,6,other
media communication,6,other
glass ceiling,6,other
fairy tale,6,other
maya angelou,6,other
verso,6,other
motherhood western,6,other
motherhood feminism,6,other
relaciones,6,other
women labour,6,other
mother daughter,6,other
global governance,6,other
women modern,6,other
fame,6,other
mechanisms,6,other
mazur,6,other
women law,6,other
gendered violence,6,other
victimhood,6,other
thomas hardy,6,other
surrounding,6,other
measures,6,other
measuring,6,other
modern times,6,other
studies history,6,other
stay,6,other
generative,6,other
substance,6,other
metoo era,6,other
metropolis,6,other
video feminism,6,other
suchland,6,other
reconceptualizing,6,other
genres,6,other
miranda,6,other
michel,6,other
experiencing,6,other
experiences women,6,other
zulu,6,other
viewpoint,6,other
reconsidered,6,other
minorities,6,other
minor,6,other
vietnam era,6,other
suns,6,other
mimpi,6,other
submission,6,other
reconceptualising,6,other
sublime,6,other
mental illness,6,other
men rights,6,other
extinction,6,other
extending,6,other
studies women,6,other
mode,6,other
study chinese,6,other
sur le,6,other
violence transnational,6,other
mentorship,6,other
recommendations,6,other
theosophy,6,other
reclamation,6,other
zones,6,other
super,6,other
stylistic analysis,6,other
gertrude,6,other
genital cutting,6,other
reducing,6,other
mothers daughters,6,other
zayas,6,other
sympathy,6,other
thought practice,6,other
legal studies,6,other
theorization,6,other
managed,6,other
validation,6,other
wage,6,other
wadud,6,other
management studies,6,other
feminism 1920s,6,other
radicals road,6,other
narrative analysis,6,other
naomi wolf,6,other
maori,6,other
special reference,6,other
species,6,other
naked,6,other
marginalised,6,other
gender revolution,6,other
feminicide,6,other
goethe,6,other
women islamic,6,other
narratives women,6,other
vagina,6,other
nation writ,6,other
using critical,6,other
nato,6,other
waiting,6,other
using participatory,6,other
making feminist,6,other
young adults,6,other
feminism asian,6,other
gender political,6,other
feminism arab,6,other
feminism agency,6,other
making space,6,other
making waves,6,other
feminism anthropology,6,other
making women,6,other
racisms,6,other
malawi,6,other
space time,6,other
swiss,6,other
femi,6,other
female students,6,other
survive,6,other
voting,6,other
raça,6,other
voices new,6,other
multiple identities,6,other
fashionable,6,other
relationality,6,other
reaching,6,other
global political,6,other
mukherjee,6,other
started,6,other
theory international,6,other
visioning,6,other
movimientos,6,other
ywca,6,other
global perspective,6,other
movement era,6,other
movement 1970,6,other
global north,6,other
mourning,6,other
motivation,6,other
standpoint theory,6,other
vol,6,other
muse,6,other
splendid suns,6,other
female representation,6,other
marina,6,other
marion young,6,other
vampire slayer,6,other
rape crisis,6,other
relationship gender,6,other
splendid,6,other
feels,6,other
marketplace,6,other
museums,6,other
gloria anzaldúa,6,other
globalized,6,other
music videos,6,other
sporting,6,other
fear feminism,6,other
women need,6,other
fatima,6,other
martineau,6,other
feminism japanese,6,other
road internationalism,6,other
feminism judaism,6,other
feminist issues,6,other
feminist interpretation,6,other
reviews books,6,other
french feminists,6,other
intercultural,6,other
interdisciplinary research,6,other
political parties,6,other
interface,6,other
temporal,6,other
political ideas,6,other
tragedy,6,other
international conflict,6,other
political history,6,other
science feminist,6,other
science research,6,other
international feminisms,6,other
travels borders,6,other
political discourse,6,other
feminist decolonial,6,other
international league,6,other
travelling theory,6,other
hill university,6,other
internationalism orientalism,6,other
scenes,6,other
injury,6,other
sand,6,other
feminist practices,6,other
politics sexual,6,other
frances power,6,other
historicism,6,other
women european,6,other
working feminism,6,other
saudi arabia,6,other
historians,6,other
instrument,6,other
feminist narratives,6,other
insurgent,6,other
revolt,6,other
politics identity,6,other
intellect,6,other
politics global,6,other
frauen,6,other
press 2001,6,other
womanist,6,other
highly,6,other
san francisco,6,other
feminisms neoliberalism,6,other
pioneering,6,other
intimate relationships,6,other
feminisms critical,6,other
function,6,other
feminisms american,6,other
feminisms 1958,6,other
writ small,6,other
pin grrrls,6,other
introduction feminisms,6,other
woman citizen,6,other
introduction women,6,other
feminismes,6,other
feminisme liberal,6,other
physical activity,6,other
phyllis,6,other
investments,6,other
seduction feminism,6,other
press 2023,6,other
iraq,6,other
sebuah,6,other
pitfalls,6,other
scientific knowledge,6,other
fulfilment,6,other
internationalist,6,other
women everyday,6,other
policy shape,6,other
hierarchy,6,other
review research,6,other
feminist bioethics,6,other
teens,6,other
screening,6,other
teenagers,6,other
policy analysis,6,other
interpretive,6,other
tribute,6,other
worlding,6,other
woman suffrage,6,other
heterosexuality feminism,6,other
intersectionality feminism,6,other
woman fiction,6,other
herzegovina,6,other
intersubjectivity,6,other
politique,6,other
initiative,6,other
philip,6,other
women challenge,6,other
hukum,6,other
transatlantic conversations,6,other
women canada,6,other
postsocialism politics,6,other
role women,6,other
postsecular,6,other
fix,6,other
fit,6,other
housework,6,other
fine,6,other
rise feminism,6,other
illusions,6,other
images women,6,other
postmodernist,6,other
fostering,6,other
hospitality,6,other
women want,6,other
rosenberg,6,other
rosi,6,other
ideology feminism,6,other
power cobbe,6,other
rosi braidotti,6,other
fluid,6,other
practicing feminism,6,other
forces,6,other
practitioner,6,other
robot interaction,6,other
human nature,6,other
husbands,6,other
pp xv,6,other
women writings,6,other
hyper,6,other
iberian,6,other
pp 39,6,other
idealism,6,other
formal,6,other
trans feminist,6,other
identified,6,other
power relations,6,other
role feminism,6,other
transactional,6,other
identity feminism,6,other
horizons,6,other
women economic,6,other
polity,6,other
rural areas,6,other
feminista en,6,other
riding,6,other
portuguese,6,other
indigenous feminist,6,other
translating feminism,6,other
portrayed,6,other
work women,6,other
presidential election,6,other
women america,6,other
indonesian women,6,other
reweaving,6,other
populism feminism,6,other
history politics,6,other
feminist strategies,6,other
framing feminism,6,other
transmission,6,other
pop culture,6,other
infrastructure,6,other
ing passions,6,other
russell,6,other
women amp,6,other
film criticism,6,other
post truth,6,other
impact social,6,other
transformational,6,other
transformative learning,6,other
postcoloniality,6,other
teoría,6,other
routledge 1993,6,other
fieldwork,6,other
implementing,6,other
words feminism,6,other
fictions feminisms,6,other
rowman,6,other
prefigurative,6,other
homosexual,6,other
festivals,6,other
impossibility,6,other
improvement,6,other
incest,6,other
transition democracy,6,other
teoria,6,other
philosopher,6,other
iris marion,6,other
feminism justice,6,other
palestinian women,6,other
harriet martineau,6,other
known,6,other
page,6,other
kollontai,6,other
feminism notes,6,other
white feminist,6,other
protestant,6,other
ownership,6,other
hardy,6,other
providers,6,other
kurdish women,6,other
feminism neo,6,other
province,6,other
sexuality studies,6,other
kurniawan,6,other
feminism nancy,6,other
la investigación,6,other
orthodox judaism,6,other
sexy,6,other
palace,6,other
women question,6,other
orthodox feminism,6,other
gay bisexual,6,other
keadilan,6,other
feminism postsocialism,6,other
feminism postmodern,6,other
keller,6,other
keluarga,6,other
kepemimpinan,6,other
xvi,6,other
kesetaraan,6,other
sexual health,6,other
gary,6,other
ketidakadilan gender,6,other
parent,6,other
key concepts,6,other
kids,6,other
kill,6,other
paradoxical,6,other
promises,6,other
paradise,6,other
unhappy marriage,6,other
la violencia,6,other
shape family,6,other
kathy davis,6,other
ordination,6,other
laughter,6,other
han,6,other
feminism london,6,other
gender cultural,6,other
law feminist,6,other
le féminisme,6,other
halley,6,other
operative,6,other
requirements,6,other
women perspectives,6,other
ontological,6,other
olympic,6,other
feminism left,6,other
task force,6,other
older adults,6,other
psychology women,6,other
old new,6,other
legal education,6,other
psychosocial,6,other
weinstein,6,other
psychologists,6,other
shaped,6,other
women world,6,other
wgs,6,other
shapes,6,other
shared,6,other
lacan,6,other
feminism mind,6,other
feminism millennial,6,other
psicología,6,other
women film,6,other
lake,6,other
shashi,6,other
shashi deshpande,6,other
gender attitudes,6,other
original,6,other
lane,6,other
research policy,6,other
lanham md,6,other
orientalism feminism,6,other
happy,6,other
wellness,6,other
sexual consent,6,other
xix,6,other
phallic,6,other
wing populist,6,other
restructuring,6,other
feminism traditional,6,other
women female,6,other
perempuan pada,6,other
jar,6,other
sensitivity,6,other
sentiment,6,other
writing women,6,other
perempuan di,6,other
java,6,other
future feminist,6,other
health professions,6,other
separatism,6,other
jazz,6,other
pro feminist,6,other
jeanne,6,other
teaching women,6,other
feminism simone,6,other
jessica,6,other
perfection,6,other
selfie,6,other
restorative,6,other
trade unions,6,other
techno,6,other
prevalence,6,other
perversion,6,other
self harm,6,other
tears,6,other
perspectives gender,6,other
primer,6,other
tv series,6,other
perspective feminist,6,other
hear,6,other
self identification,6,other
personas,6,other
feminism victorian,6,other
issue feminism,6,other
feminism university,6,other
future female,6,other
issues feminism,6,other
feminism understanding,6,other
perry,6,other
um,6,other
responsive,6,other
sexual behavior,6,other
underlying,6,other
sex discrimination,6,other
professor,6,other
feminism relation,6,other
hati,6,other
sex race,6,other
kang,6,other
kaplan,6,other
karachi,6,other
resistance feminism,6,other
karl,6,other
progress feminism,6,other
women religion,6,other
sexe,6,other
participatory democracy,6,other
parliamentary,6,other
katharine,6,other
teacher training,6,other
sexism feminism,6,other
hashtag activism,6,other
pasts,6,other
patriarchal society,6,other
jews,6,other
underground,6,other
feminism select,6,other
johns,6,other
penny,6,other
feminism russia,6,other
johnston,6,other
feminism rural,6,other
jordan,6,other
feminism role,6,other
pendekatan feminisme,6,other
productive,6,other
unconscious,6,other
professionalization,6,other
undang,6,other
judges,6,other
judgments,6,other
responding,6,other
feminism rethinking,6,other
feminism resisting,6,other
julia kristeva,6,other
publishers,6,other
initial,6,other
empowering women,6,other
basic income,6,other
basics,6,other
egyptian women,6,other
ethico,6,other
battered,6,other
beacon,6,other
des femmes,6,other
cover,6,other
eka,6,other
eka kurniawan,6,other
chick lit,6,other
alfred,6,other
eksistensialis,6,other
derechos,6,other
el saadawi,6,other
contextualizing,6,other
colonial feminism,6,other
colonial india,6,other
engage,6,other
aires,6,other
enfermagem,6,other
conformity,6,other
complete,6,other
ain woman,6,other
childhood education,6,other
collins,6,other
boundaries feminism,6,other
construção,6,other
amazon,6,other
amanda,6,other
conflict feminism,6,other
chinese social,6,other
detective,6,other
awkward,6,other
ayu,6,other
esther,6,other
1949,6,other
baker,6,other
create,6,other
chinese digital,6,other
1941,6,other
chinese characteristics,6,other
chinese american,6,other
collections,6,other
allyship,6,other
band,6,other
collective identity,6,other
chile uruguay,6,other
deshpande,6,other
1931,6,other
cultural theory,6,other
color purple,6,other
chicana feminisms,6,other
denmark,6,other
chicago press,6,other
74,6,other
demanding,6,other
demand,6,other
delivery,6,other
eugenic feminism,6,other
currents,6,other
aftermath feminism,6,other
bluestocking feminism,6,other
contingent,6,other
europe 1890,6,other
african literature,6,other
africa case,6,other
90,6,other
bond,6,other
90s,6,other
end feminism,6,other
cyber feminism,6,other
1896,6,other
1895,6,other
affecting,6,other
affected,6,other
boredom,6,other
bosnia herzegovina,6,other
black white,6,other
democracia,6,other
black trans,6,other
biology feminism,6,other
continental philosophy,6,other
bharati,6,other
bharati mukherjee,6,other
com,6,other
combahee,6,other
chen,6,other
55,6,other
demon,6,other
enemies,6,other
combahee river,6,other
culture wars,6,other
democracy social,6,other
1909,6,other
1908,6,other
combining,6,other
countering,6,other
1906,6,other
ending,6,other
charlene,6,other
ethnographic study,6,other
black liberation,6,other
democracy women,6,other
1960 1990,6,other
credibility,6,other
1960s 1970s,6,other
2002 pp,6,other
contemporary russia,6,other
equal opportunities,6,other
contemporary south,6,other
approach feminism,6,other
248 pp,6,other
duties,6,other
equality difference,6,other
contemporary fiction,6,other
angelou,6,other
chronic,6,other
dworkin,6,other
entertainment,6,other
distinctions,6,other
distinction,6,other
clash,6,other
equality policy,6,other
arab feminism,6,other
equitable,6,other
arabia,6,other
archaeological,6,other
architectural,6,other
anatomy,6,other
aren,6,other
epistolary feminism,6,other
dunham,6,other
drucilla cornell,6,other
critique feminism,6,other
donald,6,other
antara,6,other
anti colonial,6,other
domestic labor,6,other
citation,6,other
citizenship feminism,6,other
doll house,6,other
anti pornography,6,other
anti trafficking,6,other
critical studies,6,other
critical social,6,other
anglophone,6,other
anita desai,6,other
documenting,6,other
civilization,6,other
entry,6,other
animated,6,other
cinderella,6,other
ciências,6,other
231,6,other
drucilla,6,other
aportes,6,other
east european,6,other
anarcha,6,other
developing countries,6,other
ecocriticism,6,other
attack,6,other
difficulty,6,other
1978 pp,6,other
educated,6,other
cobbe,6,other
attractiveness,6,other
choose,6,other
34 95,6,other
crip,6,other
cult,6,other
contestation,6,other
audio,6,other
dialogic,6,other
1971,6,other
criminological,6,other
1970s feminism,6,other
aurat march,6,other
development goals,6,other
coercive,6,other
authentic,6,other
197,6,other
coetzee,6,other
education new,6,other
essay feminism,6,other
digital era,6,other
choosing,6,other
dirty,6,other
ecologies,6,other
arts based,6,other
ecology feminism,6,other
classes,6,other
chris,6,other
economies violence,6,other
disciplinarity,6,other
critical appraisal,6,other
aspect,6,other
disabilities,6,other
amy mazur,6,other
amid,6,other
edited mary,6,other
assistance,6,other
assistants,6,other
enhancement,6,other
conception,6,other
cuba,6,other
amnesia,6,other
amina wadud,6,other
astell,6,other
cuban feminism,6,other
boston beacon,6,other
becomings,6,other
brontë,6,other
das mulheres,6,other
enabling,6,other
days,6,other
adopting,6,other
abroad,6,other
evidence based,6,other
abortion care,6,other
consensus,6,other
buenos,6,other
exegesis,6,other
constitutionalism,6,other
common ground,6,other
activismo,6,other
community psychology,6,other
buenos aires,6,other
activisms,6,other
braidotti,6,other
embedded,6,other
1870 1920,6,other
evolving,6,other
decadence,6,other
commodity feminism,6,other
canons,6,other
capabilities,6,other
century britain,6,other
british columbia,6,other
convergence,6,other
console,6,other
conscious,6,other
abjection,6,other
adolescent literature,6,other
deconstruction law,6,other
catholic church,6,other
decisions break,6,other
accessibility,6,other
catholic feminism,6,other
catholic women,6,other
dan feminisme,6,other
brilliant,6,other
bridget,6,other
corporeal feminism,6,other
actually,6,other
1700,6,other
contraceptive,6,other
capitalist patriarchy,6,other
console ing,6,other
employees,6,other
compatible,6,other
camera,6,other
communitarianism,6,other
consideration,6,other
canadian women,6,other
adaptive,6,other
broadening,6,other
communist party,6,other
danger,6,other
caribbean feminism,6,other
advantage,6,other
campus sexual,6,other
1890 1970,6,other
adventures,6,other
cooperation,6,other
contribute,6,other
95 pbk,6,other
carla,6,other
carla lonzi,6,other
century france,6,other
controversies,6,other
construct,6,other
bountiful,6,other
cool,6,other
construcción,6,other
cambridge ma,6,other
1830 1914,6,other
advocates,6,other
1880s,6,other
everyday lives,6,other
celebration,6,other
committee,6,other
career mary,6,other
activism south,6,other
caregivers,6,other
burlesque,6,other
place feminism,5,other
socialism lily,5,other
analisis wacana,5,other
south east,5,other
sociology feminism,5,other
pierre,5,other
acceptable,5,other
mama,5,other
analysis political,5,other
placing,5,other
soldiers,5,other
anak,5,other
feminism whiteness,5,other
ecology metaethics,5,other
sor juana,5,other
mandatory,5,other
transform,5,other
son,5,other
mid twentieth,5,other
transfeminism,5,other
gay lesbian,5,other
male violence,5,other
sojourning freedom,5,other
academic women,5,other
manchester university,5,other
sor,5,other
socialist women,5,other
economic social,5,other
malaysian,5,other
gayatri,5,other
ecosystem,5,other
managerial,5,other
melancholia,5,other
southeast asia,5,other
participants,5,other
st martin,5,other
marginality,5,other
meyer,5,other
stance detection,5,other
american jewish,5,other
american history,5,other
marguerite,5,other
cook,5,other
participant,5,other
friendly,5,other
mariama,5,other
spot,5,other
philadelphia temple,5,other
state power,5,other
feminisms 1700,5,other
acker,5,other
frida,5,other
fricker,5,other
coercion,5,other
statements,5,other
cooking,5,other
french lieutenant,5,other
margin,5,other
fulfilment requirements,5,other
futurity,5,other
americas making,5,other
spare,5,other
community building,5,other
future illusion,5,other
spck,5,other
amp littlefield,5,other
conversion,5,other
accidental,5,other
accommodation ethical,5,other
communities ethic,5,other
fury,5,other
gender citizenship,5,other
fuller,5,other
parody,5,other
clubs,5,other
american political,5,other
feminisme eksistensialis,5,other
sport development,5,other
sport gender,5,other
margaret mead,5,other
michael slote,5,other
parsons,5,other
functions,5,other
philosophy sex,5,other
transgressions,5,other
gender civil,5,other
paradigm shift,5,other
empower,5,other
paper 14,5,other
singing,5,other
critical reflections,5,other
critical reflection,5,other
sister feminism,5,other
maesa,5,other
maesa ayu,5,other
sisters second,5,other
feminism travelling,5,other
drink,5,other
feminism travels,5,other
drive,5,other
plea,5,other
skins,5,other
du féminisme,5,other
angle,5,other
dubois,5,other
slave,5,other
transphobia,5,other
employment feminism,5,other
par,5,other
mai,5,other
slote,5,other
gender post,5,other
gender perspectives,5,other
transnational perspectives,5,other
traumatic,5,other
companion feminism,5,other
simple,5,other
poem,5,other
lugones,5,other
millennial activists,5,other
donald trump,5,other
donors,5,other
shari,5,other
lydia,5,other
anorexia nervosa,5,other
poets,5,other
critical theories,5,other
citizen social,5,other
shirley,5,other
traversing,5,other
abu,5,other
animation,5,other
macbeth,5,other
generating,5,other
machine learning,5,other
macho,5,other
siecle,5,other
genders,5,other
siglo,5,other
sikh,5,other
feminism tradition,5,other
city women,5,other
anime,5,other
panel,5,other
gender performativity,5,other
gender new,5,other
middle aged,5,other
gender nation,5,other
transit,5,other
andes,5,other
feminism voices,5,other
anarchy,5,other
social ecological,5,other
making black,5,other
social fabric,5,other
social history,5,other
making difference,5,other
transgressive,5,other
states knowledge,5,other
making feminism,5,other
gender empire,5,other
making history,5,other
making international,5,other
social life,5,other
gender diverse,5,other
eating disorders,5,other
social norms,5,other
social origins,5,other
planetary,5,other
ecocritical,5,other
gender dan,5,other
community development,5,other
ecological communities,5,other
making transnational,5,other
analysis social,5,other
early enlightenment,5,other
early career,5,other
gender gender,5,other
players,5,other
employed,5,other
transmedia,5,other
paradox feminism,5,other
small african,5,other
feminism utopian,5,other
critical overview,5,other
dying,5,other
translators,5,other
translator,5,other
gender lens,5,other
translation studies,5,other
gender law,5,other
gender intersectionality,5,other
middle eastern,5,other
empirical study,5,other
maintenance,5,other
angel,5,other
gender inequalities,5,other
gender inclusive,5,other
translation gender,5,other
gender ideologies,5,other
dystopia,5,other
gender identification,5,other
early 20th,5,other
abyss freedom,5,other
academic discourse,5,other
feminisms anthology,5,other
francis,5,other
statistical,5,other
tech,5,other
agents change,5,other
theory women,5,other
perception feminism,5,other
theory today,5,other
agenda feminist,5,other
taking feminism,5,other
perceive,5,other
taming,5,other
theory study,5,other
tangled,5,other
theory social,5,other
feminist therapy,5,other
people experience,5,other
feminist challenges,5,other
tanya,5,other
feminist theoretical,5,other
counterculture,5,other
tasks,5,other
medea,5,other
pensamiento,5,other
theory research,5,other
feminist stylistic,5,other
elements feminism,5,other
elena,5,other
men sex,5,other
penley,5,other
teaching feminist,5,other
ages,5,other
elections,5,other
syria,5,other
sweet,5,other
feminismus,5,other
mathematics education,5,other
performance feminism,5,other
menurut,5,other
emecheta,5,other
pastoral,5,other
matriarchy,5,other
feminist action,5,other
fenomena,5,other
perempuan yang,5,other
ah,5,other
swedish feminism,5,other
feminist activist,5,other
syracuse,5,other
corporeality,5,other
sydney,5,other
thinking women,5,other
agreement,5,other
feminists feminism,5,other
mayo,5,other
mena region,5,other
synergies,5,other
aggression,5,other
feministas en,5,other
therapist,5,other
theosophy feminism,5,other
feminist sex,5,other
coming lilith,5,other
maternalism,5,other
techniques,5,other
media women,5,other
temporalities,5,other
tenant wildfell,5,other
mediation,5,other
feminist organizations,5,other
cosmopolitanism,5,other
medical education,5,other
african fictions,5,other
pedagogy feminism,5,other
elizabeth wilson,5,other
terrains,5,other
elusive,5,other
terrorist,5,other
medusa,5,other
meet,5,other
mellor,5,other
costs,5,other
affordances,5,other
feminist jurisprudence,5,other
advertisement,5,other
feminist group,5,other
texas,5,other
melbourne,5,other
peace movement,5,other
advocate,5,other
thai,5,other
peace freedom,5,other
afrocentrism,5,other
feminist phenomenology,5,other
paula,5,other
pen,5,other
age globalization,5,other
feminist rhetorical,5,other
theory methodology,5,other
correlates,5,other
patriarchy case,5,other
age feminism,5,other
feminist responses,5,other
cosmetic surgery,5,other
theory critical,5,other
feminist response,5,other
feminist debate,5,other
technology medicine,5,other
commentary criticism,5,other
temperance,5,other
theory action,5,other
theorizing ngos,5,other
pemberdayaan,5,other
afterword,5,other
feminist publishing,5,other
feminist protest,5,other
eliza,5,other
television video,5,other
count,5,other
feminist economics,5,other
feminist poetry,5,other
emancipation england,5,other
addiction,5,other
albany state,5,other
cooper,5,other
personhood,5,other
fragile,5,other
fractured,5,other
alternative futures,5,other
marxism antiwork,5,other
partir,5,other
fourth world,5,other
students perceptions,5,other
students perspectives,5,other
toolkit,5,other
created,5,other
foundations feminism,5,other
foundation,5,other
educational reform,5,other
mary astell,5,other
activists unfinished,5,other
actor,5,other
studies gender,5,other
told,5,other
educator,5,other
studies post,5,other
fortunes feminism,5,other
fortress,5,other
perspectiva género,5,other
study eco,5,other
edwardian britain,5,other
passage,5,other
formations,5,other
fragmentation,5,other
education women,5,other
fragments feminism,5,other
frank,5,other
statistics,5,other
status quo,5,other
activism digital,5,other
activism feminist,5,other
freedom black,5,other
coercive control,5,other
free market,5,other
phase,5,other
feminisms development,5,other
phallus,5,other
stereotyping,5,other
activism politics,5,other
cognition,5,other
martin press,5,other
perverse,5,other
tort,5,other
story african,5,other
toronto press,5,other
ambiguous,5,other
strikes,5,other
perspektif islam,5,other
perspektif feminisme,5,other
stronger,5,other
torno la,5,other
martha nussbaum,5,other
structuralist,5,other
tips,5,other
allison,5,other
alchemy,5,other
collectivity,5,other
eileen,5,other
tide,5,other
suffragettes,5,other
suit,5,other
coronavirus,5,other
eine,5,other
eisenstein,5,other
tibetan,5,other
feminisms state,5,other
thriving,5,other
passions international,5,other
fin siecle,5,other
threats,5,other
filosofía,5,other
support feminism,5,other
gentileschi,5,other
support gender,5,other
filipina,5,other
suppression,5,other
aldershot,5,other
el género,5,other
fifth,5,other
addams,5,other
el salvador,5,other
performing feminisms,5,other
performing feminism,5,other
maternal dilemma,5,other
suffragette,5,other
fits,5,other
fiu,5,other
subjects feminism,5,other
forever,5,other
effect feminism,5,other
tinjauan,5,other
suatu,5,other
cornell university,5,other
effectiveness,5,other
met,5,other
collegiate,5,other
perpetrators,5,other
permanent,5,other
massachusetts,5,other
time feminism,5,other
messaging,5,other
fiu libraries,5,other
massey university,5,other
alien,5,other
masters,5,other
florence nightingale,5,other
alice doesn,5,other
feminisms queer,5,other
mastery nature,5,other
passages,5,other
message,5,other
algorithms,5,other
mate,5,other
suffrage wave,5,other
shall,5,other
neglected,5,other
geo,5,other
chang,5,other
change argentina,5,other
labour women,5,other
postsocialist,5,other
labour movement,5,other
inequity,5,other
labour market,5,other
bodies borders,5,other
changing gender,5,other
deliberative,5,other
infidel,5,other
infidel feminism,5,other
chambers,5,other
reconsideration,5,other
influenced,5,other
bloody,5,other
blogs,5,other
body politic,5,other
reinterpreting,5,other
relational feminism,5,other
black consciousness,5,other
increase,5,other
rejecting,5,other
inderpal,5,other
inderpal grewal,5,other
cunning,5,other
indonesian feminism,5,other
democracies,5,other
black woman,5,other
languages,5,other
reform feminism,5,other
curious,5,other
current state,5,other
postwork imaginaries,5,other
inform,5,other
relations feminism,5,other
rape revenge,5,other
rawls,5,other
cyborg feminism,5,other
challenges feminism,5,other
knowledge power,5,other
rapports,5,other
integral,5,other
knowledge ethics,5,other
degrowth,5,other
rape narrative,5,other
rape feminism,5,other
rape culture,5,other
pp 24,5,other
bourgeois feminism,5,other
intellectual history,5,other
ko,5,other
instances,5,other
la perspectiva,5,other
power knowledge,5,other
reckoning,5,other
potentials,5,other
bolivia,5,other
power feminist,5,other
kuhn,5,other
bolshevism,5,other
kritik sastra,5,other
ready,5,other
inner,5,other
realm,5,other
power politics,5,other
borders feminism,5,other
insider,5,other
insight,5,other
democratic politics,5,other
charlene haddock,5,other
pp 30,5,other
league peace,5,other
lear,5,other
beneath,5,other
illus,5,other
benefit,5,other
benevolent,5,other
illusion film,5,other
post human,5,other
research teaching,5,other
research education,5,other
lay,5,other
post september,5,other
dependence,5,other
berkeley university,5,other
bernard,5,other
research social,5,other
ill,5,other
law social,5,other
learning feminism,5,other
post 11,5,other
post apartheid,5,other
culture law,5,other
beginnings,5,other
behavioral,5,other
behaviors,5,other
post colonialism,5,other
research women,5,other
resilient,5,other
bell jar,5,other
iklan,5,other
reshaping,5,other
belong,5,other
beloved,5,other
reproduction feminism,5,other
beth,5,other
democratic republic,5,other
religion early,5,other
remapping,5,other
biomedicine,5,other
religious agency,5,other
biopolitical,5,other
religion women,5,other
birds,5,other
late medieval,5,other
remembered,5,other
relações,5,other
incl,5,other
birth control,5,other
including,5,other
birthing,5,other
bisexual transgender,5,other
important,5,other
remote,5,other
impact feminist,5,other
cheryl,5,other
post yugoslav,5,other
biases,5,other
law enforcement,5,other
biblical feminism,5,other
imperative,5,other
imperfect,5,other
representación,5,other
implicit,5,other
repositioning,5,other
imperialist,5,other
bibliometric,5,other
chemical,5,other
reparative,5,other
culture society,5,other
rainbow,5,other
box,5,other
shadows,5,other
programming,5,other
proper,5,other
iron,5,other
irreconcilable,5,other
isbn 415,5,other
judicial,5,other
cambridge uk,5,other
judgment,5,other
prospective,5,other
judging,5,other
judaism sexual,5,other
camps,5,other
islamic law,5,other
islamic perspective,5,other
producing feminism,5,other
propuesta,5,other
bye,5,other
isolation,5,other
proud,5,other
provision,5,other
burning,5,other
census,5,other
cell,5,other
involuntary,5,other
proverbs,5,other
deaf,5,other
iranian women,5,other
inward,5,other
protocol,5,other
premenstrual,5,other
protective,5,other
jung feminism,5,other
celebrating,5,other
journeys women,5,other
daughter relationships,5,other
justice movement,5,other
primary sources,5,other
janet halley,5,other
case socialist,5,other
care feminist,5,other
jawa,5,other
press 2003,5,other
prime time,5,other
joke,5,other
janeiro,5,other
primary care,5,other
career progression,5,other
daring,5,other
pressure,5,other
joanna russ,5,other
caroline,5,other
joni,5,other
data feminist,5,other
problematizing,5,other
italian women,5,other
problem work,5,other
istanbul,5,other
problem feminism,5,other
journalism feminism,5,other
italian cinema,5,other
capacity,5,other
pro feminism,5,other
jane addams,5,other
ithaca,5,other
jack,5,other
privatization,5,other
jakarta,5,other
press 1999,5,other
case women,5,other
dear,5,other
psyche,5,other
intention,5,other
interpretation feminism,5,other
bridget jones,5,other
bridging gap,5,other
quo,5,other
kerala,5,other
brien,5,other
internationalist feminism,5,other
kelly,5,other
century women,5,other
dalam cerpen,5,other
interrupted,5,other
queens,5,other
interseccionalidad,5,other
decolonisation,5,other
ke,5,other
international political,5,other
international development,5,other
intersection gender,5,other
braun,5,other
radical women,5,other
pp hb,5,other
radical sisters,5,other
inter war,5,other
radical black,5,other
pp ix,5,other
breaking silence,5,other
cerita,5,other
racialization,5,other
certain,5,other
rachel,5,other
intermediaries,5,other
khaled hosseini,5,other
internal,5,other
intersection feminism,5,other
kay,5,other
justice movements,5,other
buffy vampire,5,other
interspecies,5,other
bubble,5,other
puisi,5,other
interview dr,5,other
publics,5,other
interviewing,5,other
built,5,other
brunswick rutgers,5,other
kantianism,5,other
introduction feminist,5,other
psychoanalytic theory,5,other
bureaucratic,5,other
centering,5,other
psychiatric,5,other
century british,5,other
purnomo,5,other
intersectional feminist,5,other
katherine mansfield,5,other
katy,5,other
intersectional identities,5,other
qualitative data,5,other
practising,5,other
intersectional perspective,5,other
kathryn,5,other
pushing,5,other
brunswick nj,5,other
intersectionality theory,5,other
decline,5,other
intersections feminism,5,other
intersections feminisms,5,other
intersections gender,5,other
purple hibiscus,5,other
response feminism,5,other
culture gender,5,other
culture feminist,5,other
argumentation,5,other
lives feminism,5,other
search self,5,other
disorder recovery,5,other
christian ethics,5,other
argentina chile,5,other
live action,5,other
graffiti,5,other
politicizing,5,other
dislocating,5,other
grande,5,other
christabel,5,other
politics choice,5,other
art education,5,other
graphic novels,5,other
displaced,5,other
politicization,5,other
art politics,5,other
apps,5,other
logics,5,other
segregation,5,other
approaching,5,other
political power,5,other
disrupt,5,other
christianity feminism,5,other
localization,5,other
christian feminist,5,other
april,5,other
securing,5,other
goldstein,5,other
secrets,5,other
christian imperial,5,other
lloyd,5,other
grass,5,other
literary study,5,other
globally,5,other
liquid,5,other
guide feminism,5,other
guides feminism,5,other
list,5,other
asians,5,other
saudi women,5,other
ask,5,other
satire,5,other
gt feminism,5,other
politics knowledge,5,other
guys,5,other
sastra feminis,5,other
sartre,5,other
disadvantage,5,other
gyn ecology,5,other
scandal,5,other
discourse women,5,other
disentangling,5,other
greenham common,5,other
great britain,5,other
politics cultural,5,other
greater,5,other
discussing,5,other
artemisia,5,other
artemisia gentileschi,5,other
greenwich village,5,other
cruz,5,other
school students,5,other
literary history,5,other
literary feminism,5,other
grewal,5,other
christ,5,other
discrimination women,5,other
seizing,5,other
globalization women,5,other
left right,5,other
polish feminism,5,other
louisa alcott,5,other
anticolonial,5,other
sex industry,5,other
louis,5,other
sex equality,5,other
lou,5,other
seventies,5,other
sex wars,5,other
antiracism feminism,5,other
antiwork,5,other
antiwork politics,5,other
polish women,5,other
doctrine,5,other
girl boy,5,other
sex sexuality,5,other
getting started,5,other
antonio,5,other
circuits,5,other
geographical knowledge,5,other
critically,5,other
geography limits,5,other
sexuality education,5,other
anti carceral,5,other
sexualisation,5,other
domains,5,other
anti trans,5,other
gerakan feminisme,5,other
sexuales,5,other
sexual rights,5,other
sexual liberation,5,other
german literature,5,other
anti rape,5,other
ciencia,5,other
doctors,5,other
feminism theories,5,other
approach gender,5,other
global democracy,5,other
global economy,5,other
political feminist,5,other
global feminist,5,other
global gender,5,other
divakaruni,5,other
lonergan,5,other
applying feminist,5,other
self efficacy,5,other
political identity,5,other
global sisterhood,5,other
london university,5,other
political implications,5,other
political literary,5,other
longing,5,other
semantics,5,other
anxious,5,other
lord,5,other
doctoral students,5,other
ao,5,other
serial,5,other
djenar maesa,5,other
apartheid south,5,other
lords,5,other
djenar,5,other
glitch feminism,5,other
looks,5,other
djebar,5,other
dixon,5,other
glaspell,5,other
churchill girls,5,other
semiotics cinema,5,other
gynocriticism,5,other
sargasso sea,5,other
sargasso,5,other
howard,5,other
liberation feminism,5,other
hour,5,other
liberated,5,other
chinese female,5,other
rights law,5,other
liberal democracy,5,other
popular fiction,5,other
rio janeiro,5,other
popular music,5,other
lexington books,5,other
right sex,5,other
baltimore,5,other
levels,5,other
cultural perspective,5,other
bakhtin,5,other
hosseini,5,other
banerjee,5,other
roberts,5,other
libraries suffrage,5,other
avatars,5,other
hold,5,other
holistic,5,other
holocaust,5,other
determinants health,5,other
libguides gender,5,other
liberation washington,5,other
river collective,5,other
risky,5,other
cultural construction,5,other
polity press,5,other
polyamory,5,other
hormones,5,other
letting,5,other
populations,5,other
habermas,5,other
revealed,5,other
childcare,5,other
childbearing,5,other
identification feminism,5,other
identifications,5,other
reversal,5,other
revealing,5,other
child relations,5,other
legislating,5,other
bay,5,other
legal academy,5,other
beacon press,5,other
identity development,5,other
restoration,5,other
derrida feminism,5,other
identidad,5,other
desafíos,5,other
design research,5,other
reweaving social,5,other
human robot,5,other
lessons learned,5,other
rib,5,other
humanitarianism,5,other
lesbian studies,5,other
hungarian,5,other
cultural relativism,5,other
review literature,5,other
cultural revolution,5,other
descriptive,5,other
description,5,other
based analysis,5,other
portrait lady,5,other
review social,5,other
autonomous,5,other
automation,5,other
politics wave,5,other
politics recognition,5,other
sa,5,other
attachment,5,other
hate speech,5,other
russ,5,other
lily braun,5,other
attempt,5,other
lillian wald,5,other
harms,5,other
lillian,5,other
attitudes women,5,other
lilith essays,5,other
health policy,5,other
politics religion,5,other
choice feminism,5,other
politics postwork,5,other
digital technologies,5,other
history gender,5,other
salvador,5,other
haddock,5,other
linguistic theory,5,other
hak,5,other
director,5,other
sameness,5,other
politics memory,5,other
hand,5,other
limits geographical,5,other
dir,5,other
saint,5,other
dinner,5,other
chopin awakening,5,other
harassment law,5,other
hardbound,5,other
rowman amp,5,other
heaven,5,other
politics resistance,5,other
authors,5,other
hispanic,5,other
histoire,5,other
life death,5,other
lieutenant woman,5,other
lieutenant,5,other
romancing,5,other
roma,5,other
dictatorship,5,other
roller derby,5,other
roller,5,other
developing feminist,5,other
history american,5,other
history feminisms,5,other
develop,5,other
roots feminism,5,other
rosemary,5,other
high risk,5,other
hidden figures,5,other
devi,5,other
hibiscus,5,other
roth,5,other
heteronormative,5,other
heterogeneity,5,other
hester,5,other
politics self,5,other
dian,5,other
hermeneutic,5,other
dian purnomo,5,other
herbert,5,other
routledge handbook,5,other
dickinson poetry,5,other
globalism,5,other
press 2012,5,other
contemporary film,5,other
movements women,5,other
movidas,5,other
work practice,5,other
feminism print,5,other
new times,5,other
familiar,5,other
university nebraska,5,other
confidence,5,other
narration,5,other
72,5,other
women digital,5,other
votes,5,other
70s,5,other
work gender,5,other
new wave,5,other
79,5,other
1890s,5,other
feminism process,5,other
wa,5,other
1890 1940,5,other
endarkened,5,other
80s,5,other
new politics,5,other
nancy miller,5,other
evaluations,5,other
universe,5,other
confessions,5,other
feminism protest,5,other
ottoman,5,other
movimiento,5,other
wald,5,other
moderate,5,other
movements feminism,5,other
women domestic,5,other
nationalism women,5,other
27 50,5,other
feminism korean,5,other
feminism knowledge,5,other
olga,5,other
competitive,5,other
modern japan,5,other
feminism poetry,5,other
women words,5,other
feminism kate,5,other
endurance,5,other
feminism complex,5,other
feminism complexities,5,other
competition,5,other
voicing,5,other
1970 maternal,5,other
volatile,5,other
movement women,5,other
movement russia,5,other
essence,5,other
narayan,5,other
60 00,5,other
1899,5,other
unmarried,5,other
modern chinese,5,other
women early,5,other
woolf guineas,5,other
feminism postfeminist,5,other
65 00,5,other
unknown,5,other
feminism construction,5,other
work age,5,other
world making,5,other
native feminisms,5,other
new perspectives,5,other
wave feminisms,5,other
writing body,5,other
contemporary political,5,other
feminism humanism,5,other
offline,5,other
unfinished gender,5,other
new global,5,other
conferences,5,other
new generation,5,other
unequal,5,other
encounters feminism,5,other
everyday sexism,5,other
214,5,other
women academia,5,other
wrongs,5,other
wave feminists,5,other
new left,5,other
navigate,5,other
españa,5,other
feminism heartland,5,other
wave jewish,5,other
1993 pp,5,other
212,5,other
womanhood feminism,5,other
feminism discourses,5,other
1995 pp,5,other
evolution gender,5,other
underrepresentation,5,other
conservative feminism,5,other
enchanted feminism,5,other
mitigating,5,other
everyday feminism,5,other
women black,5,other
feminism criminal,5,other
unique,5,other
feminism publishing,5,other
native women,5,other
failures,5,other
feminism crisis,5,other
mr,5,other
failure feminism,5,other
feminism qualitative,5,other
essays gender,5,other
1880 1914,5,other
89,5,other
failing,5,other
war era,5,other
feminism crossroads,5,other
contained,5,other
war occupation,5,other
mobilities,5,other
new materialist,5,other
facts,5,other
factory,5,other
war peace,5,other
23 95,5,other
natural law,5,other
confession,5,other
feminism reboot,5,other
unintended,5,other
factor,5,other
conceptualization,5,other
ms magazine,5,other
warner,5,other
notes feminism,5,other
configuring,5,other
feminism philosophical,5,other
1850 1900,5,other
women physical,5,other
feminism antiracism,5,other
1933,5,other
veganism,5,other
female leadership,5,other
women playwrights,5,other
1932,5,other
women philosophy,5,other
voice feminism,5,other
feminism ancient,5,other
vengeance,5,other
nonhuman,5,other
orders,5,other
engineering education,5,other
opinions,5,other
female image,5,other
open data,5,other
42,5,other
nora,5,other
women language,5,other
vatican,5,other
women post,5,other
ethnic minority,5,other
feminism national,5,other
monster,5,other
female gaze,5,other
female empowerment,5,other
320,5,other
32,5,other
et al,5,other
nation building,5,other
nilai,5,other
vindication rights,5,other
women life,5,other
vernacular,5,other
feminine theosophy,5,other
feminism 21st,5,other
feminism 1970,5,other
computer science,5,other
feminism mastery,5,other
feminism 1780,5,other
feminisation,5,other
nash,5,other
feminism abyss,5,other
ethical issues,5,other
vienna,5,other
feminism method,5,other
ethics pedagogy,5,other
morals,5,other
feminism advertising,5,other
ethics power,5,other
veronica,5,other
1921,5,other
femi ni,5,other
contentious,5,other
femenino,5,other
women organizing,5,other
feminism migration,5,other
oppressions,5,other
192,5,other
women making,5,other
views feminism,5,other
vi,5,other
ethiopia,5,other
moral philosophy,5,other
moral panic,5,other
feminism awareness,5,other
feminism negotiating,5,other
feminism backlash,5,other
50 paper,5,other
280 pp,5,other
feminism orthodox,5,other
fate,5,other
feminism change,5,other
feminism changing,5,other
complicated,5,other
women spirituality,5,other
using feminist,5,other
feminism pacifism,5,other
28 00,5,other
modernism feminism,5,other
visual art,5,other
visual arts,5,other
enlightenment england,5,other
feminism christian,5,other
feminism challenge,5,other
uruguay 1890,5,other
women stories,5,other
feminism patriarchal,5,other
fascist,5,other
enforcement,5,other
feminism personal,5,other
women teachers,5,other
feminism classroom,5,other
women family,5,other
farm women,5,other
women trade,5,other
women equality,5,other
constructive,5,other
women uk,5,other
feminism challenges,5,other
usual,5,other
female academics,5,other
feminism britain,5,other
consultation,5,other
organization studies,5,other
norma,5,other
women implications,5,other
312,5,other
ethnicity race,5,other
contexto,5,other
valuing,5,other
feeding,5,other
contemporary western,5,other
mothers feminism,5,other
estudio,5,other
feminism brief,5,other
valley,5,other
women sexuality,5,other
utility,5,other
1905,5,other
1948,5,other
val,5,other
organizing women,5,other
faux,5,other
estonian,5,other
women society,5,other
1950 political,5,other
fatima mernissi,5,other
utopian feminism,5,other
online gender,5,other
mountain,5,other
mountains,5,other
modesty,5,other
contemporary america,5,other
feminism project,5,other
experts,5,other
western culture,5,other
excavating,5,other
zionism,5,other
pa,5,other
wildfell,5,other
nawal el,5,other
neoliberal age,5,other
west java,5,other
163,5,other
wildfell hall,5,other
feminism end,5,other
1998 pp,5,other
truly,5,other
feminism german,5,other
mirrors,5,other
novels feminism,5,other
negras,5,other
feminism technoscience,5,other
consolidation,5,other
una mirada,5,other
minority women,5,other
explicit,5,other
13 95,5,other
trials,5,other
mythology,5,other
music video,5,other
160,5,other
experiencias,5,other
existentialist feminism,5,other
environmental sustainability,5,other
trigger,5,other
abortion law,5,other
examine,5,other
feminism sport,5,other
pamela,5,other
mind career,5,other
weinstein feminism,5,other
constructing women,5,other
multilingual,5,other
1700 1950,5,other
weldon,5,other
construction masculinity,5,other
occupied,5,other
woke,5,other
woman child,5,other
pakistani women,5,other
experiences black,5,other
erica,5,other
multilevel,5,other
win,5,other
feminism struggle,5,other
feminism egypt,5,other
feminism generational,5,other
wisdom,5,other
feminism semiotics,5,other
tzu,5,other
executive,5,other
minds,5,other
yes,5,other
wittgenstein,5,other
twentieth centuries,5,other
neil gilbert,5,other
feminism european,5,other
1780 1980,5,other
contrasting,5,other
mindfulness,5,other
mind gap,5,other
west germany,5,other
2018 isbn,5,other
young children,5,other
contemporary feminisms,5,other
nuns,5,other
mit,5,other
weapon,5,other
tree,5,other
feminism essential,5,other
exclusions,5,other
xxi,5,other
conference television,5,other
object oriented,5,other
westview,5,other
constance penley,5,other
wiki,5,other
muslimah,5,other
wife mother,5,other
environmental movement,5,other
controversial,5,other
turn feminism,5,other
contradiction terms,5,other
tunisian,5,other
multicultural education,5,other
tráfico,5,other
woman nation,5,other
exclusionary radical,5,other
experimenting,5,other
expressive,5,other
woman rights,5,other
painting,5,other
wide sargasso,5,other
nebraska press,5,other
obstetric violence,5,other
feminism reweaving,5,other
más,5,other
apuntes,4,other
gone wind,4,other
treasure,4,other
winning,4,other
houellebecq,4,other
christian theology,4,other
política feminista,4,other
hobbes,4,other
estudiantes,4,other
1945 1952,4,other
hogan,4,other
consumer research,4,other
holding,4,other
hockey,4,other
second waves,4,other
women ict,4,other
determinism,4,other
history present,4,other
hrd,4,other
lives matter,4,other
china feminism,4,other
feminism based,4,other
feminism era,4,other
roe,4,other
balinese,4,other
desirable,4,other
rochester,4,other
golden cables,4,other
pop feminism,4,other
north south,4,other
desire freud,4,other
feminism bioethics,4,other
golden notebook,4,other
aux,4,other
avatar,4,other
chinese contemporary,4,other
feminism children,4,other
musicology,4,other
hosseini thousand,4,other
winter,4,other
estudios la,4,other
local global,4,other
local women,4,other
polygamy,4,other
chinese film,4,other
conflict recent,4,other
cultural capital,4,other
secularism religion,4,other
rise women,4,other
conducting,4,other
backlash feminism,4,other
narrative politics,4,other
hood feminism,4,other
risk feminism,4,other
robber,4,other
risking,4,other
normativity,4,other
architects,4,other
risky business,4,other
disposable,4,other
librarian,4,other
politischen,4,other
secondary school,4,other
award,4,other
rle,4,other
ll,4,other
women french,4,other
1955,4,other
2005 pp,4,other
rle feminist,4,other
archetype,4,other
second world,4,other
feminism ca,4,other
homeless,4,other
hopkins,4,other
hopkins university,4,other
politics writing,4,other
living feminist,4,other
homosexuality,4,other
gospel,4,other
bagi,4,other
rise corporate,4,other
bad feminism,4,other
arab feminisms,4,other
horses,4,other
horse,4,other
political violence,4,other
robins,4,other
despentes,4,other
hornsby,4,other
section feminism,4,other
rise neoliberal,4,other
libraries art,4,other
feminism challenging,4,other
cultural contexts,4,other
home economics,4,other
living skins,4,other
homeland,4,other
nursing research,4,other
desperate,4,other
desperate housewives,4,other
popular feminist,4,other
disagreement,4,other
rights contemporary,4,other
nonconforming,4,other
descartes,4,other
feminism aging,4,other
childhood studies,4,other
distinctive,4,other
music therapy,4,other
globalization social,4,other
christine pizan,4,other
childhood sexual,4,other
selected plays,4,other
women migrant,4,other
ethic flourishing,4,other
music feminism,4,other
ideas feminism,4,other
childfree,4,other
legalization,4,other
1922,4,other
legitimizing,4,other
review woman,4,other
lemons,4,other
hypocrisy,4,other
women magazine,4,other
portals,4,other
revision,4,other
base,4,other
londa,4,other
londa schiebinger,4,other
christina,4,other
iberian feminisms,4,other
based activism,4,other
women march,4,other
based research,4,other
wikipedia editing,4,other
ice,4,other
legality,4,other
feminism advocacy,4,other
glory,4,other
globalised,4,other
retos,4,other
feminism abortion,4,other
distribution,4,other
child protection,4,other
rethinking identity,4,other
rethinking feminist,4,other
women nature,4,other
culture contemporary,4,other
bdsm,4,other
legacy western,4,other
positive feminism,4,other
feminism 99,4,other
global politics,4,other
identity construction,4,other
identity contemporary,4,other
legal gender,4,other
retrieving,4,other
battered women,4,other
approach women,4,other
selected works,4,other
position women,4,other
review black,4,other
review article,4,other
bath,4,other
narratology,4,other
approach understanding,4,other
identities feminism,4,other
revenge porn,4,other
women national,4,other
wigman,4,other
return repressed,4,other
non western,4,other
equality diversity,4,other
concrete,4,other
1929,4,other
rights amendment,4,other
wilkinson,4,other
richards,4,other
goethe gide,4,other
letters contemporary,4,other
nordic welfare,4,other
women journalists,4,other
women labor,4,other
2011 pp,4,other
feminism argentina,4,other
gods,4,other
chilean feminism,4,other
human security,4,other
women land,4,other
locations,4,other
political psychology,4,other
lesson,4,other
1937,4,other
rico,4,other
dispute,4,other
narratives activism,4,other
rights agenda,4,other
rights advocacy,4,other
goldberg,4,other
ballet,4,other
righting,4,other
feminism everybody,4,other
women institute,4,other
equality women,4,other
designers,4,other
human animal,4,other
population control,4,other
women islam,4,other
security agenda,4,other
human dignity,4,other
rhys,4,other
banerjee divakaruni,4,other
hype,4,other
rhetorical studies,4,other
revolutionaries,4,other
dissenting,4,other
hurts,4,other
les rapports,4,other
revolución,4,other
children feminism,4,other
barrier,4,other
seizing means,4,other
children adolescent,4,other
revisión,4,other
revisiting women,4,other
goal,4,other
christians,4,other
hygiene,4,other
revisiting feminism,4,other
cultural representation,4,other
revolutionizing,4,other
barat,4,other
approaches social,4,other
cultural psychology,4,other
banks,4,other
reynolds,4,other
cross generational,4,other
humm,4,other
logic social,4,other
humm feminism,4,other
hunger,4,other
logical,4,other
banten,4,other
reworking,4,other
wildlife,4,other
feminism animals,4,other
god feminism,4,other
2010 pp,4,other
1961,4,other
rojava,4,other
gt amp,4,other
arundhati,4,other
atas,4,other
women career,4,other
grounds anti,4,other
confessional,4,other
digital divide,4,other
nego,4,other
grounding modern,4,other
athletic,4,other
dig,4,other
hate women,4,other
attachments,4,other
russia feminism,4,other
russia 1900,4,other
haven yale,4,other
discourses gender,4,other
arundhati roy,4,other
harris,4,other
politics everyday,4,other
politics place,4,other
haredi,4,other
feminism death,4,other
grrrl zine,4,other
harem,4,other
safe spaces,4,other
growth feminism,4,other
feminism east,4,other
women british,4,other
ata,4,other
politics possibility,4,other
limited,4,other
politics discourse,4,other
women canadian,4,other
diffractive,4,other
schiebinger,4,other
schleiermacher,4,other
run world,4,other
women coaches,4,other
women college,4,other
health education,4,other
nancy cott,4,other
health illness,4,other
health movement,4,other
escape,4,other
scholarship women,4,other
discursive approach,4,other
feminism course,4,other
ntozake,4,other
women community,4,other
health professionals,4,other
rumah tangga,4,other
contemporary australian,4,other
different voices,4,other
feminism cross,4,other
women change,4,other
hawthorne,4,other
attacks,4,other
woman feminist,4,other
literary canon,4,other
escritura,4,other
grip,4,other
difficulties,4,other
rural feminism,4,other
scholarship feminism,4,other
discursive analysis,4,other
scholarship social,4,other
rush,4,other
women class,4,other
headscarf,4,other
discourse conversation,4,other
dilemmas gender,4,other
feminism educational,4,other
hardcover,4,other
linkages,4,other
disability activism,4,other
asian pacific,4,other
sara mills,4,other
link,4,other
womb,4,other
haddock seigfried,4,other
assess,4,other
español,4,other
woman place,4,other
wombs,4,other
feminism drama,4,other
disciplining feminism,4,other
halberstam,4,other
críticas,4,other
sarah apetrei,4,other
linked,4,other
womanism feminism,4,other
mädchen,4,other
satellite,4,other
feminism documentary,4,other
mädchen feminism,4,other
guilt,4,other
guild,4,other
nacional,4,other
feminism disney,4,other
nación,4,other
savagery,4,other
feminism discussion,4,other
guides wgss,4,other
más allá,4,other
guides second,4,other
gypsy,4,other
politics location,4,other
guides arh291,4,other
lines flight,4,other
notion,4,other
crystal,4,other
women agents,4,other
1987 pp,4,other
women attitudes,4,other
scandinavian,4,other
sahgal,4,other
ding ling,4,other
politics neoliberal,4,other
ding,4,other
woman life,4,other
hard boiled,4,other
scarlet,4,other
sage publications,4,other
women body,4,other
guest,4,other
direction,4,other
assia,4,other
sameness difference,4,other
disclosures,4,other
direito,4,other
hall university,4,other
nadia,4,other
assia djebar,4,other
hamas,4,other
assimilation,4,other
sally,4,other
1992 pp,4,other
listen,4,other
nova,4,other
scales,4,other
politics menstruation,4,other
politics modern,4,other
rumah,4,other
ntozake shange,4,other
establishment,4,other
chitra banerjee,4,other
development chinese,4,other
aristotle feminism,4,other
hinduism,4,other
australian print,4,other
politics australian,4,other
arh291,4,other
essential writings,4,other
australians,4,other
consumerism,4,other
liu,4,other
historian,4,other
scp feminism,4,other
women environmental,4,other
era feminism,4,other
life course,4,other
australian indigenous,4,other
arjana,4,other
politics state,4,other
austen feminism,4,other
women embodied,4,other
development theory,4,other
politics britain,4,other
roses,4,other
feminism composition,4,other
litigation,4,other
crossroads feminism,4,other
australian feminist,4,other
politics body,4,other
development gender,4,other
rose arjana,4,other
chitra,4,other
rosalind rosenberg,4,other
rosalind,4,other
life balance,4,other
romanian,4,other
romania,4,other
automatic,4,other
auto immunity,4,other
history female,4,other
disobedience,4,other
library research,4,other
seal,4,other
women feminisms,4,other
women fight,4,other
politics transnational,4,other
history iberian,4,other
archive feminism,4,other
1960 1980,4,other
history matters,4,other
architectures,4,other
role attitudes,4,other
archives film,4,other
roles feminism,4,other
feminism environmental,4,other
narrativas,4,other
christabel pankhurst,4,other
feminism environmentalism,4,other
historical political,4,other
feminism colonial,4,other
autism,4,other
1963,4,other
feminism collective,4,other
lies,4,other
sdgs,4,other
guy,4,other
history 186b,4,other
2004 pp,4,other
disney princess,4,other
history black,4,other
narcissism,4,other
ross,4,other
notas,4,other
life politics,4,other
politics resilience,4,other
disengagement,4,other
women crime,4,other
heavy,4,other
hebrew,4,other
heels,4,other
politics respectability,4,other
dictionary feminism,4,other
women cultural,4,other
grave,4,other
hegemonic masculinity,4,other
women day,4,other
grateful,4,other
erased,4,other
disgust,4,other
great depression,4,other
heart freedom,4,other
feminism conversation,4,other
royer,4,other
attributes,4,other
ruins,4,other
health social,4,other
likes,4,other
discuss,4,other
women contemporary,4,other
royal commission,4,other
atwood surfacing,4,other
literary perspectives,4,other
1st,4,other
attribution,4,other
feminism 1990s,4,other
schreiner progress,4,other
diferencia,4,other
politics closet,4,other
wo,4,other
light feminism,4,other
grandmother,4,other
grant,4,other
heroic,4,other
contemporary chinese,4,other
round,4,other
dewson feminism,4,other
politics care,4,other
dewson,4,other
dialogical,4,other
crouching,4,other
life stories,4,other
feminism conservatism,4,other
1972 2003,4,other
dewi,4,other
devil,4,other
feminism empowerment,4,other
literature critical,4,other
lifestyles,4,other
women discourses,4,other
politics scale,4,other
help seeking,4,other
lifelong,4,other
200,4,other
diasporas,4,other
diaries,4,other
nos,4,other
audio new,4,other
routine,4,other
literatura,4,other
cruel,4,other
essays women,4,other
women don,4,other
eradication,4,other
identity crisis,4,other
secular autonomy,4,other
beatrice,4,other
raise,4,other
pursue,4,other
purpose,4,other
intersectionnelle,4,other
wu,4,other
new delhi,4,other
eyes watching,4,other
xiaohongshu,4,other
1860 1930,4,other
purchase,4,other
1850 present,4,other
intersubjective,4,other
punk feminism,4,other
intertextuality,4,other
1850 1920,4,other
pragmatist feminism,4,other
punitive,4,other
buchi,4,other
pulling,4,other
navigating neoliberal,4,other
pursuing,4,other
new era,4,other
intersectionality feminist,4,other
new gender,4,other
broadcasting,4,other
qualities,4,other
writing politics,4,other
kaufman,4,other
decolonial critique,4,other
katy perry,4,other
writing studies,4,other
186b,4,other
quaker,4,other
century english,4,other
1866,4,other
pública,4,other
pós,4,other
century feminist,4,other
practitioners,4,other
putting feminism,4,other
intersectionalities,4,other
brookfield,4,other
puerto rico,4,other
decentring,4,other
karya eka,4,other
psychologies,4,other
psychology politics,4,other
centres,4,other
kamala das,4,other
bumi,4,other
dalit feminist,4,other
debates feminism,4,other
ya,4,other
introduction gender,4,other
psychological science,4,other
psychology sex,4,other
kamal,4,other
kajian sastra,4,other
yala,4,other
1820 1920,4,other
introduction pp,4,other
introduction second,4,other
burgos,4,other
kahlo,4,other
dalila missero,4,other
kant,4,other
new approach,4,other
184,4,other
pray,4,other
buddhist feminism,4,other
publication,4,other
neutrality,4,other
xvii,4,other
karen offen,4,other
pray love,4,other
interwar paris,4,other
build,4,other
psychopathology,4,other
public policies,4,other
centric,4,other
pre service,4,other
kapur,4,other
dalila,4,other
kantianism liberalism,4,other
ex,4,other
kantian,4,other
186b global,4,other
intersection race,4,other
new history,4,other
khan,4,other
pp paperback,4,other
interdependence,4,other
racializing,4,other
interdisciplinarity,4,other
racialisation,4,other
defend,4,other
racial justice,4,other
racial capitalism,4,other
khalieqy,4,other
racism sexism,4,other
interior,4,other
breastfeeding feminism,4,other
evelyn fox,4,other
deepfakes,4,other
breath,4,other
khader,4,other
pp xii,4,other
keynote,4,other
brazilian feminisms,4,other
da mulher,4,other
nato military,4,other
intentional,4,other
bournemouth,4,other
bournemouth university,4,other
radikal,4,other
kitzinger,4,other
evangelical women,4,other
radicalism feminism,4,other
cfp console,4,other
constructionism,4,other
new political,4,other
world politics,4,other
world feminist,4,other
king lear,4,other
world literature,4,other
radical lesbian,4,other
pp incl,4,other
faire,4,other
brands,4,other
killjoy,4,other
brennan,4,other
race community,4,other
quantitative research,4,other
fact fiction,4,other
brilliant friends,4,other
queers,4,other
queerness,4,other
bring,4,other
queer trans,4,other
britain 1900,4,other
decolonizing feminisms,4,other
1874,4,other
decolonizing feminism,4,other
question difference,4,other
queer politics,4,other
british american,4,other
interrogation,4,other
facilitating,4,other
facilitate,4,other
century germany,4,other
quarterly,4,other
quantum,4,other
1875,4,other
practice freedom,4,other
pp xiii,4,other
international security,4,other
bride,4,other
rabbit,4,other
conscience,4,other
brides,4,other
qur anic,4,other
international perspective,4,other
international perspectives,4,other
wounded,4,other
new materialisms,4,other
question gender,4,other
wright introduction,4,other
dahl,4,other
international students,4,other
practice feminist,4,other
internationalisms,4,other
question women,4,other
internationalization,4,other
question woman,4,other
psychoanalysis politics,4,other
justification,4,other
debate feminism,4,other
privileges,4,other
zambia,4,other
journal articles,4,other
12 99,4,other
cash,4,other
itineraries,4,other
database,4,other
capitalism neoliberal,4,other
prize,4,other
privileged,4,other
italic,4,other
jack halberstam,4,other
zaynab,4,other
jordanian,4,other
12 50,4,other
zed,4,other
data practices,4,other
prisons,4,other
jan 15,4,other
italic gt,4,other
neo victorian,4,other
data driven,4,other
israeli women,4,other
dance education,4,other
island feminism,4,other
processing,4,other
canon 1770,4,other
casual,4,other
problems feminism,4,other
daughter seduction,4,other
neoliberal crisis,4,other
problematization,4,other
cape,4,other
dances,4,other
dances mary,4,other
problem gender,4,other
issues gender,4,other
yvonne,4,other
problem class,4,other
13 2018,4,other
italian cities,4,other
captain,4,other
zhen,4,other
cancel,4,other
jhumpa lahiri,4,other
jepang,4,other
jessie,4,other
zum,4,other
dans les,4,other
zur,4,other
caribbean feminist,4,other
johns hopkins,4,other
jhumpa,4,other
ji,4,other
jennifer suchland,4,other
cartographies,4,other
écriture,4,other
constructed,4,other
john stuart,4,other
press 2016,4,other
carol smart,4,other
negotiating difference,4,other
nego feminism,4,other
jensen,4,other
caregiving,4,other
captain marvel,4,other
care feminism,4,other
print culture,4,other
data analysis,4,other
japan 1945,4,other
capture,4,other
need talk,4,other
japanese feminist,4,other
carbon,4,other
11 13,4,other
101,4,other
jennifer hornsby,4,other
care providers,4,other
case feminist,4,other
00 pb,4,other
existing,4,other
jean rhys,4,other
jeanette,4,other
negotiating identity,4,other
jeannette,4,other
cancel culture,4,other
islamist women,4,other
psychoanalyses feminisms,4,other
preschool,4,other
involved,4,other
involving,4,other
yin,4,other
inés,4,other
inés la,4,other
nazi,4,other
yo,4,other
protestantism,4,other
protest feminism,4,other
invoking,4,other
deadline jan,4,other
1770 1936,4,other
jungian,4,other
1770,4,other
york feminist,4,other
present day,4,other
july 11,4,other
iraqi,4,other
years gender,4,other
nayantara sahgal,4,other
prostitute,4,other
práctica,4,other
psychoanalyses,4,other
psycho,4,other
psychic,4,other
yan,4,other
18 95,4,other
justice historical,4,other
pseudo,4,other
justice equality,4,other
proximity,4,other
invisible woman,4,other
1789,4,other
provocations,4,other
investment,4,other
dean,4,other
provocation,4,other
nayantara,4,other
deal politics,4,other
provinces,4,other
juliet mitchell,4,other
irene,4,other
15 2018,4,other
islamic education,4,other
programmes,4,other
catherine ignazio,4,other
islam dalam,4,other
young lords,4,other
press 1984,4,other
16 99,4,other
excess,4,other
campuses,4,other
davies,4,other
cambridge mass,4,other
canadian context,4,other
professionalism,4,other
construction feminism,4,other
156,4,other
juana inés,4,other
islamic thought,4,other
joyce antler,4,other
press 1992,4,other
near,4,other
exploration feminism,4,other
york ny,4,other
preservation,4,other
juliet,4,other
proposing,4,other
cables,4,other
cables sympathy,4,other
167,4,other
york st,4,other
cavendish,4,other
presented partial,4,other
cady,4,other
isbn 674,4,other
york times,4,other
cady stanton,4,other
caged,4,other
caine,4,other
promise popular,4,other
caitlin,4,other
projection,4,other
1600,4,other
works feminism,4,other
working mothers,4,other
identity exploring,4,other
chains,4,other
women protest,4,other
nineteenth twentieth,4,other
female employment,4,other
imperialism feminism,4,other
biblical studies,4,other
imperialisms,4,other
chemistry,4,other
bibliometric analysis,4,other
demon feminism,4,other
women race,4,other
female character,4,other
repensar,4,other
charting,4,other
renaissance studies,4,other
renaissance literature,4,other
female athletes,4,other
latinidad,4,other
nihilism bolshevism,4,other
remixing,4,other
impediments,4,other
female gender,4,other
representation female,4,other
betrayal,4,other
chicago university,4,other
women poets,4,other
law theory,4,other
nlp,4,other
repression resistance,4,other
immune,4,other
repressed,4,other
confront,4,other
female identity,4,other
impairment,4,other
women politicians,4,other
impact gender,4,other
impact global,4,other
representations feminist,4,other
law politics,4,other
law justice,4,other
representational,4,other
confrontation,4,other
latinas,4,other
female agency,4,other
nihilism,4,other
inclusivity,4,other
late 20th,4,other
birth outcomes,4,other
nietzsche feminism,4,other
features,4,other
fearless,4,other
bisexual women,4,other
bisexuality,4,other
congo,4,other
fay weldon,4,other
confucianism feminism,4,other
income countries,4,other
charity,4,other
fay,4,other
black british,4,other
women socialist,4,other
democratic federation,4,other
incorporating gender,4,other
black girl,4,other
birth feminism,4,other
federalism,4,other
felt,4,other
women research,4,other
culture south,4,other
impossibility perfection,4,other
remains,4,other
charm,4,other
religious studies,4,other
democrática,4,other
confronts technology,4,other
charlotte bronte,4,other
nation state,4,other
relativism feminist,4,other
culture women,4,other
incarcerated,4,other
incarceration,4,other
ethno,4,other
women roles,4,other
feed,4,other
ethnocentrism,4,other
incl index,4,other
bernard shaw,4,other
immanent,4,other
female nature,4,other
resistance chicana,4,other
resistant,4,other
resistance women,4,other
resistance patriarchal,4,other
resistance identity,4,other
women old,4,other
ignazio,4,other
learner,4,other
igualdad,4,other
chicana movidas,4,other
learning teaching,4,other
chicana mexicana,4,other
depth,4,other
resilience essays,4,other
women online,4,other
bella,4,other
reserve,4,other
belle epoque,4,other
192 pp,4,other
chicano movement,4,other
femininity sexuality,4,other
women organizations,4,other
chicas,4,other
feminism 1980s,4,other
identity feminist,4,other
women negotiating,4,other
identity gender,4,other
identity performance,4,other
possibilities feminist,4,other
culture dalila,4,other
feminism 1945,4,other
ethics 1972,4,other
resolving,4,other
feminism 1920,4,other
women ngos,4,other
beckett,4,other
nas,4,other
bed,4,other
respectable,4,other
post christian,4,other
resonance,4,other
women organisations,4,other
illinois university,4,other
berlin,4,other
lawyers,4,other
leader,4,other
republicanism,4,other
le genre,4,other
berkalung,4,other
post revolutionary,4,other
post secular,4,other
female sexual,4,other
berkalung sorban,4,other
reproductivos,4,other
image women,4,other
1916,4,other
women philosophers,4,other
culture politics,4,other
imaging,4,other
distrust,4,other
imagining feminist,4,other
imagining new,4,other
lawrence feminism,4,other
imagery,4,other
bergson,4,other
lean,4,other
leaky,4,other
femen,4,other
research perspectives,4,other
leaky bodies,4,other
females feminism,4,other
noise,4,other
women parliament,4,other
research methodologies,4,other
illusions critique,4,other
bengali,4,other
requirements degree,4,other
depoliticisation,4,other
illustrative,4,other
1918 1970,4,other
research approach,4,other
im possibilities,4,other
post industrial,4,other
culture media,4,other
post marxism,4,other
relasi,4,other
increased,4,other
increasing,4,other
power freedom,4,other
la cruz,4,other
power analysis,4,other
power change,4,other
family social,4,other
rebirth feminism,4,other
rebirth,4,other
constructions women,4,other
cutting edge,4,other
family policy,4,other
recent books,4,other
power gender,4,other
bolshevism 1860,4,other
power identity,4,other
nationalism dances,4,other
ng,4,other
reappraisal,4,other
power law,4,other
innocent,4,other
boiled,4,other
recent german,4,other
innovative,4,other
women workers,4,other
reconfiguration,4,other
postwar america,4,other
postwar italy,4,other
labeling,4,other
la vida,4,other
la teoría,4,other
la salud,4,other
family violence,4,other
body shame,4,other
la cultura,4,other
custom,4,other
la historia,4,other
family studies,4,other
information systems,4,other
la educación,4,other
challenging liberalism,4,other
body stories,4,other
body work,4,other
power place,4,other
border crossings,4,other
deliberation,4,other
work students,4,other
raza,4,other
power zimbabwe,4,other
rationale,4,other
rates,4,other
powers,4,other
knowledge practice,4,other
insurgency,4,other
knowledge politics,4,other
knowledge feminism,4,other
knows,4,other
work wed,4,other
integrating feminism,4,other
fallen,4,other
eva,4,other
cycling,4,other
rap,4,other
pp 28,4,other
cynthia,4,other
boundary,4,other
european politics,4,other
kristen,4,other
power sex,4,other
borderland,4,other
insecurity,4,other
connective,4,other
inside outside,4,other
power privilege,4,other
korean literature,4,other
korean feminism,4,other
power resistance,4,other
constructions gender,4,other
institutionalized,4,other
bordo,4,other
konstruksi,4,other
1892,4,other
institutional change,4,other
bosnian,4,other
work home,4,other
cyberpunk,4,other
institutionalization,4,other
curriculum theory,4,other
labor history,4,other
relación,4,other
indie,4,other
indian feminisms,4,other
cunning gender,4,other
black queer,4,other
chaos,4,other
fatema mernissi,4,other
black studies,4,other
regeneration,4,other
fatema,4,other
fatales feminism,4,other
indian context,4,other
demise,4,other
fatales,4,other
black womanhood,4,other
blackmore,4,other
language teaching,4,other
reforms,4,other
1904,4,other
indigenous peoples,4,other
indian english,4,other
black men,4,other
changing world,4,other
indeterminacy,4,other
incredible,4,other
black internationalist,4,other
incurably,4,other
incurably informed,4,other
rejection,4,other
black lesbian,4,other
faulkner,4,other
women solidarity,4,other
reinventing,4,other
women spaces,4,other
reinterpretation,4,other
reinforcing,4,other
black lives,4,other
fathering,4,other
india 1850,4,other
postmaternal,4,other
larsen,4,other
regulations,4,other
channel,4,other
language feminism,4,other
congruence,4,other
blues,4,other
women talk,4,other
curricula,4,other
ladder,4,other
redistribution,4,other
redemption,4,other
delinquency,4,other
labour social,4,other
women television,4,other
recuperating,4,other
lagu,4,other
recruitment,4,other
boards,4,other
women understanding,4,other
record,4,other
bodies boundaries,4,other
chandra,4,other
labor movement,4,other
women united,4,other
postpartum depression,4,other
reflect,4,other
fast,4,other
changing state,4,other
nicola,4,other
curatorial,4,other
indignados,4,other
indiscretions,4,other
indiscretions avant,4,other
reflexões,4,other
bleeding,4,other
fashionable politics,4,other
reflections gender,4,other
lahiri,4,other
reflections feminist,4,other
lamb,4,other
reflection women,4,other
reflection feminism,4,other
current trends,4,other
women students,4,other
lahore,4,other
reflected main,4,other
departure,4,other
cloth 19,4,other
disturbance,4,other
past future,4,other
feminism mothering,4,other
fragility,4,other
perspectives law,4,other
vera,4,other
una revisión,4,other
feminism morality,4,other
una perspectiva,4,other
struggle letters,4,other
371,4,other
struggle feminism,4,other
threshold,4,other
abidah,4,other
martial arts,4,other
ama,4,other
oxford new,4,other
versions,4,other
sts,4,other
fox keller,4,other
colette,4,other
communal,4,other
collaborative autoethnography,4,other
ordinary life,4,other
corporate politics,4,other
vegetarian,4,other
marxist critique,4,other
vegetarianism,4,other
corporate feminism,4,other
401 bodies,4,other
feminism multicultural,4,other
veiled superheroes,4,other
students feminism,4,other
feminism revolutionary,4,other
401,4,other
moon,4,other
collaborations,4,other
3rd,4,other
abidah el,4,other
england 1830,4,other
39 00,4,other
marriage family,4,other
stories art,4,other
en gendering,4,other
tiempos,4,other
america caribbean,4,other
pesquisa,4,other
victim politics,4,other
crime fiction,4,other
add,4,other
stock,4,other
peter,4,other
ties bind,4,other
market feminism,4,other
françoise,4,other
stetson,4,other
victim feminism,4,other
marriage law,4,other
persuasion,4,other
ulang,4,other
corporal,4,other
ambiguity,4,other
street harassment,4,other
contested terrain,4,other
ambivalence feminism,4,other
streaming,4,other
stratification,4,other
cohen,4,other
feminism rosalind,4,other
strategies gender,4,other
strange bedfellows,4,other
amelia,4,other
francesca,4,other
education perspectives,4,other
storying,4,other
studies course,4,other
collapse,4,other
vegan feminism,4,other
engaging men,4,other
allegory,4,other
stylistics,4,other
foremothers,4,other
forensic,4,other
embodied subjectivity,4,other
effect capitalism,4,other
commoning,4,other
masculinity femininity,4,other
vanguard,4,other
thing gender,4,other
pathology,4,other
thinkers,4,other
foreword,4,other
administrators,4,other
monologues,4,other
menace,4,other
alive,4,other
thinking differently,4,other
compatibility,4,other
submissive,4,other
collide,4,other
effort,4,other
efficiency,4,other
monica,4,other
context women,4,other
mix,4,other
aliran,4,other
footprint,4,other
undermining,4,other
effects gender,4,other
embodied knowledge,4,other
therapists,4,other
corpus based,4,other
therapy feminism,4,other
forgetting,4,other
study young,4,other
compassion,4,other
variety,4,other
allá,4,other
studies sweden,4,other
paternalism,4,other
mary wigman,4,other
edward,4,other
forums,4,other
educação,4,other
thon resources,4,other
studies religion,4,other
veblen,4,other
mary mellor,4,other
approach international,4,other
studies feminist,4,other
perspectivas,4,other
missionary,4,other
feminism reviewed,4,other
monstrous feminine,4,other
forging feminism,4,other
feminism nation,4,other
path gender,4,other
abdul,4,other
personal reflections,4,other
personal social,4,other
commonwealth,4,other
masculinidades,4,other
adichie americanah,4,other
feminism necessary,4,other
feminism nature,4,other
thompson,4,other
varda,4,other
maría zayas,4,other
ally,4,other
context feminism,4,other
collecting,4,other
missero,4,other
frauen und,4,other
feminist challenge,4,other
philosophical problems,4,other
comrades,4,other
coastal,4,other
coast,4,other
marge,4,other
sportswomen,4,other
views women,4,other
philosophical feminism,4,other
philosophies,4,other
merry,4,other
ada,4,other
feminism manifesto,4,other
functional,4,other
coalitional,4,other
tokoh perempuan,4,other
villains,4,other
en españa,4,other
american office,4,other
parts,4,other
adam,4,other
stacy,4,other
metaethics radical,4,other
timothy,4,other
stand comedy,4,other
timothy larsen,4,other
stances,4,other
337,4,other
frontiers feminism,4,other
frontline,4,other
metal,4,other
codes,4,other
packaging,4,other
frozen,4,other
staff,4,other
party politics,4,other
marginal,4,other
violation,4,other
typology,4,other
communications,4,other
photographic,4,other
pagan,4,other
speciesism,4,other
en chile,4,other
open university,4,other
maqasid,4,other
open science,4,other
particular,4,other
editors introduction,4,other
cloth 24,4,other
maps,4,other
torah,4,other
photovoice,4,other
edith stein,4,other
online resources,4,other
communism feminism,4,other
padang,4,other
spectatorship,4,other
spoke,4,other
concept gender,4,other
spoils,4,other
tongue,4,other
partner abuse,4,other
american social,4,other
types,4,other
tony,4,other
spiritual feminism,4,other
communicative,4,other
feminism mainstream,4,other
americanah,4,other
spinoza feminism,4,other
violence gender,4,other
americas repression,4,other
speculation,4,other
misogynist,4,other
feminism marriage,4,other
margot,4,other
mosque,4,other
mormon feminism,4,other
freedom fashionable,4,other
education learning,4,other
compared,4,other
marine,4,other
freedoms,4,other
freire,4,other
feminism medicine,4,other
messy,4,other
french cinema,4,other
victorian edwardian,4,other
victorian feminist,4,other
french feminist,4,other
marilyn,4,other
french german,4,other
feminism means,4,other
status feminism,4,other
37 50,4,other
victorian studies,4,other
options,4,other
communicating,4,other
ph,4,other
feminism methodological,4,other
stepping,4,other
feminism metaphysics,4,other
american art,4,other
free love,4,other
victims feminism,4,other
stem education,4,other
free speech,4,other
stem cell,4,other
stella,4,other
uk deadline,4,other
morgan,4,other
phenomenological study,4,other
states 1820,4,other
england wales,4,other
feminisms new,4,other
adaptations,4,other
state feminist,4,other
state art,4,other
feminism mass,4,other
american fiction,4,other
education critical,4,other
friend foe,4,other
video audio,4,other
oppressive,4,other
star trek,4,other
friends lives,4,other
times crisis,4,other
stanton,4,other
friendship feminism,4,other
friendships,4,other
vietnam war,4,other
state managed,4,other
feminism school,4,other
feminisms power,4,other
frida kahlo,4,other
mestiza,4,other
time covid,4,other
french theory,4,other
feminisms postcolonialisms,4,other
american family,4,other
frente,4,other
frequency,4,other
american female,4,other
state socialism,4,other
time digital,4,other
feminism scholarly,4,other
freudian,4,other
feminisms political,4,other
fricker jennifer,4,other
abject,4,other
focus group,4,other
alienation,4,other
feminism local,4,other
media end,4,other
feminist security,4,other
media fandom,4,other
melanie klein,4,other
modern british,4,other
teams,4,other
peace camp,4,other
feminist groups,4,other
feminist geographies,4,other
md lexington,4,other
university uk,4,other
feminist spaces,4,other
mellencamp,4,other
elt,4,other
674,4,other
comic books,4,other
age women,4,other
feminist histories,4,other
feminist historiography,4,other
elias,4,other
university pennsylvania,4,other
feminist ideas,4,other
media literacy,4,other
theatre feminism,4,other
melancholy,4,other
technology socialist,4,other
feminist reflections,4,other
theatrical,4,other
university libraries,4,other
technology gender,4,other
feminism pride,4,other
peace feminism,4,other
technologies gender,4,other
ottawa,4,other
age gender,4,other
university park,4,other
teacher educators,4,other
media china,4,other
pennsylvania press,4,other
counterpublics,4,other
combating,4,other
meaning feminism,4,other
feminist uses,4,other
agency secular,4,other
theoretical framework,4,other
feminist view,4,other
tale feminism,4,other
combatants,4,other
feminist waves,4,other
feminist fiction,4,other
feminism pop,4,other
tahun,4,other
theoretical methodological,4,other
modern europe,4,other
feminist writing,4,other
meaningful,4,other
tamil,4,other
95 pp,4,other
ends,4,other
media 1990s,4,other
tattoos,4,other
feminist teacher,4,other
penser,4,other
modern culture,4,other
modern day,4,other
feminism possibility,4,other
59 95,4,other
feminism reconstruction,4,other
feminism portugal,4,other
59,4,other
means reproduction,4,other
cost,4,other
tangga,4,other
mobilising,4,other
feminist identification,4,other
university georgia,4,other
75 00,4,other
feminist methodologies,4,other
affirmation,4,other
terminology,4,other
affective politics,4,other
pedagogy democracy,4,other
african diaspora,4,other
african farm,4,other
feminist music,4,other
cott,4,other
units,4,other
medical students,4,other
8223,4,other
ou,4,other
teori feminisme,4,other
african philosophy,4,other
feminist organisation,4,other
feminist methodology,4,other
africa diaspora,4,other
textile,4,other
85 00,4,other
feminist leadership,4,other
pearl,4,other
unisex,4,other
peasant,4,other
feminism qur,4,other
unite,4,other
modeling,4,other
afraid feminism,4,other
pedagogic,4,other
peace war,4,other
commercialization,4,other
outdoor,4,other
feminism reader,4,other
feminist manifesto,4,other
territorial,4,other
teologi,4,other
pedagogy higher,4,other
mobilizations,4,other
universality,4,other
feminist policy,4,other
aestheticism,4,other
elizabeth cady,4,other
feminist postcolonial,4,other
afterlives,4,other
television work,4,other
feminist pragmatist,4,other
feminist imagination,4,other
feminist press,4,other
media politics,4,other
feminist project,4,other
thatcher,4,other
teks,4,other
feminist public,4,other
media new,4,other
feminist poetics,4,other
union league,4,other
end welfare,4,other
textuality,4,other
continuation,4,other
pedagogy politics,4,other
africana womanism,4,other
commercials,4,other
mediating role,4,other
pedagogy practice,4,other
feminism psychoanalytic,4,other
media work,4,other
feminist pedagogies,4,other
afro feminism,4,other
moderating,4,other
aesthetics french,4,other
textual analysis,4,other
feminism prostitution,4,other
feminist intellectual,4,other
feminist family,4,other
55 00,4,other
mona,4,other
mixing,4,other
film video,4,other
filmmakers,4,other
filmmaking feminism,4,other
alexis,4,other
complicating,4,other
filsafat,4,other
ekofeminisme,4,other
final foucault,4,other
cosmopolitanism feminism,4,other
theory methods,4,other
sup amp,4,other
47 50,4,other
financial crisis,4,other
utopian logic,4,other
suny,4,other
periodical culture,4,other
film tv,4,other
99 paperback,4,other
collusion,4,other
feminist conversation,4,other
feminism oxford,4,other
aldershot ashgate,4,other
undocumented,4,other
compliance,4,other
el estado,4,other
perinatal,4,other
fiji,4,other
materialist feminisms,4,other
supported,4,other
film culture,4,other
film cultures,4,other
film feminisms,4,other
supervision,4,other
film media,4,other
superheroes islam,4,other
sunday,4,other
contraception,4,other
algerian,4,other
suffrage origins,4,other
mommy,4,other
flexibility,4,other
feminism reproduction,4,other
464,4,other
feminism non,4,other
flora,4,other
egyptian feminism,4,other
feminism nineties,4,other
subversion identity,4,other
flow,4,other
feminism nihilism,4,other
suburban,4,other
subtle,4,other
fly,4,other
substantive representation,4,other
valerie,4,other
val plumwood,4,other
fingersmith,4,other
feminism representations,4,other
einav,4,other
theory political,4,other
adorno,4,other
firearms,4,other
firm,4,other
firms,4,other
47,4,other
peripheral,4,other
fish,4,other
99 pb,4,other
eileen chang,4,other
feminism och,4,other
molly,4,other
organized,4,other
theory radical,4,other
feminist criminology,4,other
fifties,4,other
99 paper,4,other
updated,4,other
syllabus,4,other
theorizing black,4,other
sword,4,other
perempuan berkalung,4,other
modern society,4,other
theorizing feminism,4,other
emancipation latin,4,other
continental feminism,4,other
county,4,other
uneven,4,other
urban grounds,4,other
colored,4,other
swan,4,other
urban planning,4,other
ahmed,4,other
unexpected,4,other
cosmology,4,other
matters patriarchy,4,other
520,4,other
feminism polish,4,other
theories feminism,4,other
feminista la,4,other
feminist ethic,4,other
syrian,4,other
unsettling feminism,4,other
modern ireland,4,other
theories race,4,other
encounters film,4,other
advances,4,other
modern orthodox,4,other
sympathy transatlantic,4,other
symbols,4,other
mcbride,4,other
feminist engagement,4,other
modern woman,4,other
patricia mellencamp,4,other
el khalieqy,4,other
complexities ethics,4,other
fetishism,4,other
fgm,4,other
maternal subjectivity,4,other
surrealism,4,other
feminist cultural,4,other
maternal health,4,other
performing femininity,4,other
theory cultural,4,other
usage,4,other
50 isbn,4,other
undoing gender,4,other
usia,4,other
el mundo,4,other
feminism relevant,4,other
patriarchy challenge,4,other
overcome,4,other
festival,4,other
theory approach,4,other
maternity care,4,other
theory case,4,other
femmes fatales,4,other
mn,4,other
color feminisms,4,other
colonizing,4,other
susan glaspell,4,other
perfection aristotle,4,other
colonization,4,other
ml,4,other
colonial metropolis,4,other
urbanism,4,other
surviving thriving,4,other
origins modern,4,other
colonial feminisms,4,other
math,4,other
spatiality,4,other
feminisms latin,4,other
cloth 22,4,other
company,4,other
doors,4,other
point zero,4,other
odd,4,other
ante,4,other
ocupacional,4,other
feminism story,4,other
antecedents,4,other
feminism strategies,4,other
poet,4,other
points,4,other
circumcision,4,other
trouble feminism,4,other
shanghai,4,other
shange,4,other
shane,4,other
middle income,4,other
210,4,other
luther,4,other
antagonism,4,other
sharia,4,other
lyric,4,other
transformed,4,other
feminism help,4,other
sherman,4,other
parallel,4,other
dorothy mcbride,4,other
poetry feminism,4,other
cis,4,other
lynda,4,other
sharpe,4,other
lying,4,other
transgendered,4,other
dora,4,other
transgenderism,4,other
transgressing,4,other
wayne,4,other
ways knowing,4,other
shakespearean,4,other
feminism good,4,other
empirical analysis,4,other
multicultural postcolonial,4,other
websites,4,other
georgia press,4,other
wed,4,other
sexualidad,4,other
wed female,4,other
weedon,4,other
multicultural society,4,other
criticism theory,4,other
sexual self,4,other
sexual science,4,other
domain,4,other
contemporary literary,4,other
lower,4,other
translation feminism,4,other
feminism views,4,other
shakespeare feminism,4,other
oceanic,4,other
middle school,4,other
weak,4,other
shades,4,other
academic activism,4,other
domestication,4,other
criticism feminism,4,other
weapons,4,other
anthony,4,other
sexualizing,4,other
lt sup,4,other
lt italic,4,other
sexuality masculinity,4,other
circulation,4,other
sexuality feminist,4,other
anti blackness,4,other
ministers,4,other
douglas,4,other
low middle,4,other
plight,4,other
gender war,4,other
dressed,4,other
sitcom,4,other
mrs warren,4,other
feminism inclusive,4,other
mae,4,other
sisterhood ms,4,other
ward,4,other
shopping,4,other
try,4,other
sister carrie,4,other
transatlantic sources,4,other
transcendence,4,other
singleness,4,other
single sex,4,other
single mothers,4,other
dressed freedom,4,other
gender transnational,4,other
anic,4,other
magazine promise,4,other
feminism writings,4,other
gender self,4,other
wanita dalam,4,other
maghreb,4,other
232,4,other
gender sexual,4,other
situations,4,other
gender socialization,4,other
maggie humm,4,other
microaggressions,4,other
critical reading,4,other
gender talk,4,other
gender technology,4,other
microfinance,4,other
war feminism,4,other
truth reconciliation,4,other
ciência,4,other
animals science,4,other
feminism spirituality,4,other
significance feminism,4,other
office 1960,4,other
concerned,4,other
macintyre,4,other
community contemporary,4,other
watching god,4,other
offen,4,other
troubles,4,other
oedipus,4,other
feminism hip,4,other
feminism hindu,4,other
watson,4,other
wave cuban,4,other
generation feminism,4,other
short history,4,other
parental leave,4,other
mackinnon feminism,4,other
sinclair,4,other
mujer en,4,other
228,4,other
feminism illusions,4,other
pluralist,4,other
warren profession,4,other
feminism special,4,other
transfeminist,4,other
simon,4,other
muhammad,4,other
similarities,4,other
transfers,4,other
mad mädchen,4,other
emperor,4,other
dramatic,4,other
podcast,4,other
feminism wiki,4,other
sexual pleasure,4,other
troilus,4,other
dualism,4,other
white people,4,other
transsexuality,4,other
sensibilities,4,other
transversal,4,other
glance,4,other
glasgow,4,other
tres,4,other
obra,4,other
trap,4,other
ser,4,other
divinity,4,other
pankhurst fundamentalism,4,other
semiotika,4,other
feminism transformative,4,other
empowerment development,4,other
diversity management,4,other
apple,4,other
controlling,4,other
triad,4,other
obscure,4,other
giunta,4,other
september 11,4,other
multiracial feminism,4,other
apetrei,4,other
observations,4,other
feminism turkish,4,other
feminism finding,4,other
feminism turkey,4,other
sentimentalism,4,other
observation,4,other
mum,4,other
triangle,4,other
gis,4,other
political body,4,other
apparent,4,other
gissing,4,other
critique politics,4,other
absent,4,other
semi,4,other
global era,4,other
diversity equity,4,other
pandemics,4,other
long journey,4,other
feminism thoughts,4,other
objective,4,other
appreciation,4,other
global health,4,other
wicked,4,other
approach feminist,4,other
chronicles,4,other
self feminism,4,other
lonergan feminism,4,other
widow,4,other
feminism therapy,4,other
chronicle,4,other
diversity inclusion,4,other
feminism fear,4,other
trek,4,other
feminism feeling,4,other
semeval,4,other
conundrum,4,other
trees,4,other
military operations,4,other
longino,4,other
whiteness feminism,4,other
selfhood,4,other
self study,4,other
epoque,4,other
global crisis,4,other
political engagement,4,other
abstract,4,other
self representation,4,other
self presentation,4,other
chronology,4,other
political agency,4,other
concert,4,other
german literary,4,other
sex positive,4,other
love question,4,other
ghanaian,4,other
love black,4,other
trips,4,other
cinema archives,4,other
envy,4,other
occupations,4,other
sex marriage,4,other
migrations,4,other
occult,4,other
multimodal critical,4,other
transnational business,4,other
gide,4,other
gide feminism,4,other
sex education,4,other
antigone,4,other
anti violence,4,other
midwife,4,other
love struggle,4,other
gestures,4,other
ocean,4,other
anti globalization,4,other
german women,4,other
abya yala,4,other
multidimensional,4,other
doing undoing,4,other
feminism versus,4,other
anti nuclear,4,other
abya,4,other
lovers,4,other
feminism suffrage,4,other
feminism generations,4,other
feminism values,4,other
occupying,4,other
sexism racism,4,other
community health,4,other
lost translation,4,other
feminism fun,4,other
westport,4,other
epigenetics,4,other
multiplicities,4,other
contemporary islamic,4,other
milton,4,other
political activism,4,other
los derechos,4,other
2018 bournemouth,4,other
wgss,4,other
servant problem,4,other
análise,4,other
epistemic violence,4,other
apa,4,other
wgss 401,4,other
serena,4,other
serbia,4,other
girl child,4,other
para el,4,other
antisemitism,4,other
critique individualism,4,other
gilles,4,other
gilles deleuze,4,other
western european,4,other
antiwar,4,other
settler colonial,4,other
2019 isbn,4,other
convergences,4,other
settlement,4,other
western political,4,other
transnational perspective,4,other
antler,4,other
seton hall,4,other
pan american,4,other
seton,4,other
set,4,other
feminism institutional,4,other
plumwood,4,other
traditional gender,4,other
pious,4,other
sociology gender,4,other
feminism lens,4,other
analysis liberal,4,other
gen,4,other
claudia,4,other
28 50,4,other
male sexual,4,other
sociotechnical,4,other
gender age,4,other
achieve,4,other
sociobiology,4,other
socio political,4,other
mexican feminism,4,other
gender archaeology,4,other
sociology religion,4,other
malestream,4,other
sociaux,4,other
miranda fricker,4,other
gay liberation,4,other
activating,4,other
economy communication,4,other
man question,4,other
analysis feminist,4,other
metropolis urban,4,other
solidarity economy,4,other
clergywomen,4,other
man feminism,4,other
achievements,4,other
clients,4,other
sojourner,4,other
visionary,4,other
software,4,other
critical criminology,4,other
mouvements,4,other
somatic,4,other
movement britain,4,other
analysis representation,4,other
social roles,4,other
ecological knowledge,4,other
plain sight,4,other
concepto,4,other
ongoing,4,other
analysis study,4,other
enlightenment feminism,4,other
social problem,4,other
oneself,4,other
mexicana literature,4,other
vogue,4,other
class race,4,other
making socialism,4,other
social scientists,4,other
online activism,4,other
visiting,4,other
visuality,4,other
male dominated,4,other
pages 95,4,other
pizan,4,other
classe,4,other
gender binary,4,other
279,4,other
sociales,4,other
traditionalism,4,other
social thought,4,other
class struggle,4,other
social support,4,other
feminism learning,4,other
feminismos en,4,other
gender charlotte,4,other
feminism liberating,4,other
enlightened,4,other
paid work,4,other
closer,4,other
communist women,4,other
féministes,4,other
física,4,other
space feminism,4,other
für,4,other
tweeting,4,other
soviet union,4,other
féminismes,4,other
communitarian,4,other
soviet russia,4,other
participation women,4,other
pictures,4,other
312 pp,4,other
manifestations,4,other
closure,4,other
feminisms digital,4,other
galician,4,other
violencia género,4,other
feminism servant,4,other
spark,4,other
spare rib,4,other
future studies,4,other
edited scp,4,other
cloth 16,4,other
amp popular,4,other
space women,4,other
toronto university,4,other
feminism sexism,4,other
total,4,other
touch,4,other
cloth 12,4,other
participatory design,4,other
manifestation,4,other
southern africa,4,other
track,4,other
gate,4,other
online misogyny,4,other
sophie lewis,4,other
ecstasy,4,other
sophia rose,4,other
analysis chinese,4,other
trabajo,4,other
abolitionism,4,other
virginie despentes,4,other
clinical practice,4,other
managed capitalism,4,other
tracey,4,other
activism academic,4,other
ecosystems,4,other
online hate,4,other
feminism lillian,4,other
sorban,4,other
violent extremism,4,other
viral,4,other
gallery,4,other
picturing,4,other
south india,4,other
twain,4,other
feminism shifting,4,other
toxic masculinity,4,other
sous,4,other
garde film,4,other
sources nineteenth,4,other
souls,4,other
virginie,4,other
pierre bourdieu,4,other
feminisms children,4,other
close encounters,4,other
feminismo en,4,other
testimonies,4,other
critical literacy,4,other
trans feminisms,4,other
makeover,4,other
plath bell,4,other
main characters,4,other
andrea giunta,4,other
conceptualisation,4,other
class domestic,4,other
social capital,4,other
class education,4,other
feminisme di,4,other
entanglements feminism,4,other
early cold,4,other
movement spain,4,other
andrade,4,other
volumes,4,other
accessing,4,other
gender expertise,4,other
ancient philosophy,4,other
accounting academia,4,other
gender nonconforming,4,other
slut,4,other
tucker,4,other
feminisme islam,4,other
slurs,4,other
entre la,4,other
gender essentialism,4,other
plastic,4,other
movement politics,4,other
gender health,4,other
sobre las,4,other
andrew,4,other
okin,4,other
gender language,4,other
gender leadership,4,other
pakistan religious,4,other
256,4,other
movidas new,4,other
feminism invisible,4,other
252,4,other
dynamics change,4,other
dynamics gender,4,other
critical media,4,other
minneapolis mn,4,other
maintaining,4,other
comparative literature,4,other
gender human,4,other
movements fin,4,other
dwelling,4,other
plato republic,4,other
gender minority,4,other
movements feminisms,4,other
critical management,4,other
gender impact,4,other
majors,4,other
feminism interwar,4,other
262,4,other
aceh,4,other
wacana kritis,4,other
250,4,other
volatile bodies,4,other
social networking,4,other
voices margins,4,other
feminism institutionalism,4,other
social inequalities,4,other
feminisme radikal,4,other
trans gender,4,other
duality,4,other
mail,4,other
gender effect,4,other
moving forward,4,other
duncan,4,other
contribution feminism,4,other
gender discourse,4,other
social innovation,4,other
partial fulfilment,4,other
planning victorian,4,other
feminisme terhadap,4,other
anarcha feminism,4,other
anarchism feminism,4,other
eat pray,4,other
sleep,4,other
24 00,4,other
eastern european,4,other
gender psychology,4,other
240,4,other
dualisms,4,other
trans inclusion,4,other
comparative perspectives,4,other
traffic,4,other
oil,4,other
east asia,4,other
durban,4,other
feminism july,4,other
gender policy,4,other
magical feminism,4,other
mail order,4,other
feminisme pada,4,other
plans,4,other
accessible,4,other
gender representations,4,other
old feminism,4,other
outlets,3,other
pre post,3,other
pada film,3,other
pp xix,3,other
cecilia,3,other
century swedish,3,other
new material,3,other
communitarian feminisms,3,other
pragmatist feminist,3,other
pat,3,other
pandemic times,3,other
presentations,3,other
constraints women,3,other
path feminism,3,other
parker,3,other
paganism,3,other
communication research,3,other
nervous conditions,3,other
cartography,3,other
commonality,3,other
neoliberal britain,3,other
paper 17,3,other
century spain,3,other
carter bloody,3,other
ceremonies,3,other
compassionate,3,other
pakistani female,3,other
outlaw,3,other
press 2007,3,other
construcción la,3,other
praise,3,other
outlaws,3,other
pancasila,3,other
partner molly,3,other
net,3,other
cedaw,3,other
overseas,3,other
pratt,3,other
preserving,3,other
common law,3,other
overview feminism,3,other
nest,3,other
celibates,3,other
practice critical,3,other
practice based,3,other
partisanship,3,other
celia,3,other
neoliberalism feminism,3,other
century struggle,3,other
prairie,3,other
communication studies,3,other
negotiating feminisms,3,other
presidency,3,other
nervous,3,other
comparative state,3,other
communities practice,3,other
network theory,3,other
century china,3,other
constrained,3,other
preaching,3,other
precision,3,other
neurological,3,other
center women,3,other
constitutional revolution,3,other
new frontiers,3,other
new challenges,3,other
paul ricoeur,3,other
nella,3,other
new german,3,other
new challenge,3,other
palm,3,other
passionate,3,other
patriarchies,3,other
conservatism feminism,3,other
outward,3,other
categoría,3,other
center stage,3,other
community engagement,3,other
new blood,3,other
outside feminist,3,other
categorization,3,other
patriotic,3,other
prehistory,3,other
passion pedagogies,3,other
neo feminism,3,other
press 1990,3,other
categorical,3,other
common feminism,3,other
pragmatism deconstruction,3,other
predicaments,3,other
palimpsest,3,other
patriarchy radical,3,other
new femininities,3,other
categorias,3,other
patriot,3,other
participación,3,other
palin,3,other
century europe,3,other
pages isbn,3,other
cases rape,3,other
patriarki dalam,3,other
catalonia,3,other
oxymoron,3,other
neurosciences,3,other
new historicism,3,other
commune,3,other
paulo,3,other
outlines,3,other
cat,3,other
pan african,3,other
para una,3,other
practice women,3,other
pageants,3,other
central america,3,other
passage india,3,other
patriarchal values,3,other
casa,3,other
practice research,3,other
new jewish,3,other
outline,3,other
patriarchal culture,3,other
practice meets,3,other
papua,3,other
networked feminist,3,other
caso,3,other
consider,3,other
press 1970,3,other
precarious work,3,other
new man,3,other
comparative research,3,other
century present,3,other
center philosophy,3,other
paradoxes gender,3,other
paradigma,3,other
central american,3,other
pamuk,3,other
precariousness,3,other
commitments,3,other
practices women,3,other
companions,3,other
practices social,3,other
pay equity,3,other
participating,3,other
press 1980,3,other
case gender,3,other
practices freedom,3,other
constitutive,3,other
neoliberal era,3,other
pdf,3,other
practices contemporary,3,other
peace activism,3,other
pre raphaelite,3,other
org,3,other
commercialized,3,other
chinese literature,3,other
chinese woman,3,other
politics working,3,other
pipeline,3,other
pious women,3,other
chinese philosophy,3,other
online forum,3,other
climate crises,3,other
conflict northern,3,other
clinic,3,other
politique des,3,other
pilot study,3,other
pilot,3,other
político,3,other
online media,3,other
polygamist,3,other
pigs,3,other
piety islam,3,other
polygamist grandmothers,3,other
pietrangeli,3,other
online offline,3,other
normalization,3,other
chinese feminist,3,other
piercy,3,other
políticas del,3,other
place based,3,other
northeastern,3,other
online feminism,3,other
class sexuality,3,other
politics review,3,other
class consciousness,3,other
ola,3,other
chizuko,3,other
class female,3,other
plastic surgery,3,other
norton,3,other
plaskow,3,other
old man,3,other
older adult,3,other
older people,3,other
politics survival,3,other
planning theory,3,other
politics theory,3,other
class history,3,other
planned,3,other
olive banks,3,other
olsen,3,other
politics translation,3,other
concepts feminist,3,other
northern ghana,3,other
northern donors,3,other
plan,3,other
normalisation,3,other
pontellier,3,other
oka,3,other
port,3,other
porn feminism,3,other
philosophy multicultural,3,other
pornografía,3,other
pornographic,3,other
philosophy language,3,other
clémence,3,other
clémence royer,3,other
philosophy children,3,other
philosophy cambridge,3,other
comunicación,3,other
pornography sex,3,other
childless,3,other
conflict women,3,other
opportunities challenges,3,other
portraits,3,other
oppression women,3,other
childhoods,3,other
portrayal feminism,3,other
cobbe victorian,3,other
philippine,3,other
coded,3,other
philanthropy feminism,3,other
philanthrocapitalist,3,other
nongovernmental organizations,3,other
philosophy religion,3,other
nonviolence,3,other
operative guild,3,other
children geographies,3,other
picture books,3,other
china women,3,other
pick,3,other
closet lesbian,3,other
physical feminism,3,other
popular pan,3,other
popular women,3,other
chilenas,3,other
physical culture,3,other
conflicted,3,other
physical cultural,3,other
physical attractiveness,3,other
population health,3,other
carrington,3,other
nordic feminism,3,other
onward,3,other
populism gender,3,other
children young,3,other
children rights,3,other
por la,3,other
clothes,3,other
por uma,3,other
phipps,3,other
oka rusmini,3,other
nostalgic,3,other
nonfiction,3,other
nun,3,other
nurturing,3,other
nursing care,3,other
political analysis,3,other
politician,3,other
political aesthetics,3,other
conducting qualitative,3,other
politicking,3,other
cindy,3,other
politics 1870,3,other
politics anti,3,other
politics art,3,other
number,3,other
christa,3,other
politics artistry,3,other
politics british,3,other
nuevos,3,other
occidentalism,3,other
politics class,3,other
cindy sherman,3,other
christa wolf,3,other
cinema feminism,3,other
policy reader,3,other
nuances,3,other
cinta di,3,other
political attitudes,3,other
christian right,3,other
obscure subject,3,other
political theology,3,other
objectification women,3,other
political leaders,3,other
political movements,3,other
objectives,3,other
political personal,3,other
conclusion feminism,3,other
chun,3,other
church feminism,3,other
objectivity economics,3,other
churches,3,other
condition feminism,3,other
objects feminism,3,other
nutrition,3,other
obligations,3,other
political culture,3,other
christian tradition,3,other
political self,3,other
political critique,3,other
political sociology,3,other
political communication,3,other
political change,3,other
obscenity,3,other
political subjects,3,other
policy feminism,3,other
policy discourse,3,other
clase,3,other
politics poetics,3,other
novel nayla,3,other
nov 15,3,other
podcasts,3,other
nov,3,other
civil disobedience,3,other
notre,3,other
offspring,3,other
notice,3,other
pluralistic,3,other
politics passion,3,other
plot,3,other
notes disruption,3,other
circles,3,other
politics political,3,other
politics power,3,other
politics reception,3,other
claire goldberg,3,other
ohio state,3,other
clara,3,other
playwright,3,other
plays lope,3,other
ohio university,3,other
clarissa,3,other
ok,3,other
citizenship gender,3,other
citizenship education,3,other
chopp,3,other
citing,3,other
nsw,3,other
november,3,other
policy agencies,3,other
politics digital,3,other
circuitous,3,other
policies united,3,other
politics female,3,other
chris weedon,3,other
chow,3,other
circulations,3,other
polemic,3,other
choreography,3,other
pole,3,other
oct,3,other
polarization,3,other
choreographies,3,other
october,3,other
politics introduction,3,other
novelist,3,other
politics latin,3,other
odd women,3,other
politics lesbian,3,other
odds,3,other
nongovernmental,3,other
poscolonial,3,other
new modes,3,other
ngos states,3,other
chances,3,other
columbus ohio,3,other
nicaragua el,3,other
ni zm,3,other
perceptions gender,3,other
conjugal,3,other
conjunctions,3,other
orthodoxies,3,other
chamber,3,other
perceptions experiences,3,other
potencialidades,3,other
potent,3,other
combination,3,other
challenging traditional,3,other
potentiality,3,other
orwell,3,other
perception gender,3,other
conjure,3,other
potter,3,other
perceived similarity,3,other
challenging imperial,3,other
os estudos,3,other
challenging gender,3,other
challenging dominant,3,other
orthodox jewish,3,other
chandra talpade,3,other
columbus,3,other
nicaraguan,3,other
colombian,3,other
postmodern gender,3,other
oriented feminism,3,other
perilous,3,other
performing politics,3,other
orienting,3,other
postmodernism geography,3,other
changing women,3,other
postmodernist feminism,3,other
postnatal,3,other
colonial encounters,3,other
postnational,3,other
origins liberal,3,other
nicholson,3,other
complementarity,3,other
nicholas sparks,3,other
changes gender,3,other
change feminist,3,other
change feminism,3,other
nicholas,3,other
perennial,3,other
color politics,3,other
congress,3,other
challenges synergies,3,other
ngo activists,3,other
complicated relationship,3,other
pedagogy sous,3,other
pembelajaran,3,other
pp 12,3,other
otto weininger,3,other
pp 17,3,other
pembangunan,3,other
conocimiento,3,other
pelletier,3,other
peers,3,other
peer review,3,other
pp 35,3,other
pedersen,3,other
cfp feminist,3,other
othello,3,other
pp 65,3,other
pedagogy reader,3,other
pp hbk,3,other
pp illustrations,3,other
cesarean,3,other
pp vi,3,other
pedagogy critical,3,other
pedagogy case,3,other
pedagogies crossing,3,other
conquest,3,other
pedagogical tool,3,other
challenges faced,3,other
new research,3,other
connor,3,other
pemberdayaan perempuan,3,other
people refugee,3,other
conjure feminism,3,other
connectedness,3,other
connections feminism,3,other
power media,3,other
pentecostal,3,other
competent,3,other
comic book,3,other
challenges opportunities,3,other
power research,3,other
peningkatan,3,other
new way,3,other
pengaruh,3,other
coming islamophobia,3,other
power speak,3,other
power struggle,3,other
otome,3,other
power struggles,3,other
power women,3,other
new understanding,3,other
penal,3,other
new synthesis,3,other
otto,3,other
channels,3,other
colombia women,3,other
philadelphia university,3,other
post jungian,3,other
computer mediated,3,other
nollywood,3,other
perón,3,other
noisy,3,other
cognitive dissonance,3,other
post graduate,3,other
peruvian,3,other
perusahaan,3,other
coherence,3,other
noble,3,other
order feminism,3,other
chicana latina,3,other
collected,3,other
cohesion,3,other
chicana feminist,3,other
cohort study,3,other
post pandemic,3,other
post positivist,3,other
ordering,3,other
perspectives public,3,other
collaboration feminist,3,other
perspective intersectional,3,other
perspective gender,3,other
post structural,3,other
peterson,3,other
petra,3,other
post development,3,other
chicanas,3,other
nonbinary,3,other
positionalities,3,other
child welfare,3,other
philadelphia pa,3,other
codification,3,other
child care,3,other
optimism,3,other
opting,3,other
coding,3,other
positivism,3,other
child abuse,3,other
positivity,3,other
chicks,3,other
possibilities feminism,3,other
non verbal,3,other
chicken,3,other
non human,3,other
post civil,3,other
post cold,3,other
non feminist,3,other
non consensual,3,other
phd,3,other
post communism,3,other
collateral,3,other
post structuralist,3,other
period poverty,3,other
organize,3,other
nights,3,other
perpetrator,3,other
perpetrated,3,other
permanent waves,3,other
postfeminist analysis,3,other
postfeminist education,3,other
postfeminist mystique,3,other
postfeminist sensibility,3,other
postgraduate,3,other
perkawinan,3,other
periphery,3,other
characters novel,3,other
chiapas,3,other
posthumanist feminism,3,other
posthumanities,3,other
orgasm,3,other
periodicals,3,other
periodical press,3,other
orhan,3,other
nie,3,other
orhan pamuk,3,other
postmemory,3,other
nicole,3,other
characterization,3,other
charlotte smith,3,other
components,3,other
organising,3,other
colleges,3,other
post tsunami,3,other
cheshire,3,other
post world,3,other
nisa,3,other
chen xuezhao,3,other
personalized,3,other
collective memory,3,other
collectives,3,other
personal experience,3,other
nineteenth early,3,other
postcolonial studies,3,other
cheer,3,other
chauvinism,3,other
organisation studies,3,other
nineteen,3,other
postcolonialisms cross,3,other
postcolonialities,3,other
persona,3,other
postcolonialities modernities,3,other
person centred,3,other
college campuses,3,other
college libraries,3,other
charter rights,3,other
pandangan,3,other
exhibition,3,other
carr,3,other
adams,3,other
timur,3,other
timing,3,other
times anti,3,other
time use,3,other
time space,3,other
adapting,3,other
tillie olsen,3,other
tillie,3,other
adapting gender,3,other
tightrope feminism,3,other
tightrope,3,other
tiger hidden,3,other
tiga,3,other
tic,3,other
théorie,3,other
thy,3,other
thrones,3,other
thresholds,3,other
add women,3,other
thoughts feminism,3,other
addresses,3,other
adelaide,3,other
adele,3,other
thorny,3,other
thons,3,other
adaptation strategies,3,other
today feminism,3,other
terrorists,3,other
today introduction,3,other
traditions world,3,other
achebe,3,other
traditionalist,3,other
traditional feminist,3,other
tradition modernity,3,other
acquisition,3,other
action mulan,3,other
action oriented,3,other
traces,3,other
toy,3,other
tower,3,other
touya marenne,3,other
touya,3,other
activism gender,3,other
activism political,3,other
touching,3,other
torno al,3,other
toplumsal,3,other
activist scholarship,3,other
activists northern,3,other
took,3,other
actor network,3,other
actualization,3,other
tolstoy,3,other
toer,3,other
adequacy,3,other
adequate,3,other
adichie purple,3,other
adler,3,other
theories social,3,other
theories practices,3,other
theorie,3,other
advantages,3,other
theoretical frameworks,3,other
theoretical debates,3,other
theology feminism,3,other
adventure story,3,other
theologies public,3,other
adversarial islamic,3,other
theo,3,other
themed,3,other
thematic analysis,3,other
advocacy feminism,3,other
theft,3,other
theatres,3,other
theater turn,3,other
thames,3,other
texts transnational,3,other
affair,3,other
affirming,3,other
testimonial,3,other
afghan,3,other
tess urbervilles,3,other
afiya,3,other
advancement,3,other
advanced maternal,3,other
theorizing gender,3,other
theory perspective,3,other
thinking feminist,3,other
adler hellman,3,other
adolescence,3,other
thesis presented,3,other
thesis honrs,3,other
theses,3,other
adolescents young,3,other
theory state,3,other
theory seduction,3,other
theory review,3,other
theory psychoanalysis,3,other
theory introduction,3,other
theorizing women,3,other
theory intersectionality,3,other
ads,3,other
theory global,3,other
adult literature,3,other
adultery,3,other
theory criticism,3,other
theory contemporary,3,other
theory century,3,other
theory black,3,other
theory activism,3,other
theorizing yes,3,other
traducción,3,other
tradução,3,other
traffic women,3,other
trites,3,other
tv works,3,other
abolitionist feminism,3,other
turtle,3,other
turns,3,other
abolitionists,3,other
turner,3,other
turned,3,other
turn feminist,3,other
turn education,3,other
turkish women,3,other
turkish feminism,3,other
tunisian women,3,other
tubuh,3,other
tsunami,3,other
tsitsi dangarembga,3,other
tsitsi,3,other
troubled thoughts,3,other
aborto,3,other
trouble mainstream,3,other
tropes,3,other
trope,3,other
trojan,3,other
trois,3,other
triumphs,3,other
triumphant,3,other
tweets,3,other
twenties,3,other
twilight series,3,other
uncanny,3,other
undone,3,other
understanding women,3,other
understanding gender,3,other
understanding early,3,other
understanding addressing,3,other
abad,3,other
underrepresentation women,3,other
undang undang,3,other
unconventional,3,other
uncomfortable,3,other
uncertain,3,other
unbound,3,other
ableism,3,other
unbecoming,3,other
unbearable weight,3,other
uma narayan,3,other
ulama,3,other
abilities,3,other
uk press,3,other
abingdon,3,other
ueno,3,other
tzu chun,3,other
able,3,other
tying,3,other
triumph,3,other
triple,3,other
aceh indonesia,3,other
trinity,3,other
transnational activism,3,other
abused women,3,other
transmisogyny,3,other
translocal,3,other
transitivity,3,other
academic freedom,3,other
academic libraries,3,other
transgression,3,other
transgender rights,3,other
transgender people,3,other
transformative justice,3,other
transformational leadership,3,other
transformation gender,3,other
acadêmica,3,other
acceptable face,3,other
transatlantic feminisms,3,other
trans studies,3,other
trans rights,3,other
trans politics,3,other
trans people,3,other
accounting rape,3,other
tragic,3,other
tragedies,3,other
trafficking women,3,other
trafficking prostitution,3,other
transnational age,3,other
transnational context,3,other
abused,3,other
abstraction,3,other
trinh minh,3,other
trinh,3,other
trifles,3,other
trespass,3,other
trends feminism,3,other
treatment women,3,other
treading,3,other
treachery words,3,other
treachery,3,other
través,3,other
travers,3,other
travel writing,3,other
transnational girlhood,3,other
abu lughod,3,other
travail,3,other
trash,3,other
transsexualism,3,other
transport,3,other
transplantation,3,other
transparency,3,other
transnationality,3,other
transnational theory,3,other
transnational politics,3,other
transnational history,3,other
terry,3,other
terror arun,3,other
uneasy relationship,3,other
study teaching,3,other
study sexual,3,other
study self,3,other
study selected,3,other
allowed,3,other
study radical,3,other
study international,3,other
study female,3,other
study exploring,3,other
study contemporary,3,other
studies study,3,other
studies new,3,other
als,3,other
studies education,3,other
studies eco,3,other
studies development,3,other
altered,3,other
studies communication,3,other
studies commentary,3,other
studies association,3,other
alterity,3,other
studi kasus,3,other
students experiences,3,other
alternative feminist,3,other
student teacher,3,other
student resistance,3,other
allocation,3,other
study transnational,3,other
africa african,3,other
allison elias,3,other
sullivan,3,other
suitable,3,other
suicide euthanasia,3,other
suffrage feminism,3,other
sudan,3,other
successes,3,other
subverting,3,other
subversions,3,other
alice munro,3,other
aliens,3,other
subjugation,3,other
subjectivities zhang,3,other
subjective,3,other
subjection women,3,other
subject feminist,3,other
alison dahl,3,other
subject desire,3,other
subject art,3,other
alison phipps,3,other
subalternity,3,other
suami,3,other
allen amp,3,other
allen new,3,other
allende,3,other
stupid,3,other
stud,3,other
struggles social,3,other
struggle water,3,other
struggle psychoanalysis,3,other
stendhal,3,other
stealth,3,other
american cinema,3,other
american culture,3,other
statue,3,other
states feminisms,3,other
states america,3,other
statement feminism,3,other
state research,3,other
state political,3,other
state india,3,other
state ambivalence,3,other
stars,3,other
american girls,3,other
stanley lemons,3,other
standpoints,3,other
american left,3,other
stalled,3,other
stall american,3,other
stall,3,other
staging queer,3,other
staging feminism,3,other
staging black,3,other
stages,3,other
stacy alaimo,3,other
stepford,3,other
stephen,3,other
stereotip,3,other
strangers feminism,3,other
struggle african,3,other
althusser,3,other
além,3,other
ama ata,3,other
amanda cross,3,other
striving,3,other
amazons,3,other
ambedkar,3,other
street art,3,other
strategy feminism,3,other
ambivalence feminist,3,other
story hour,3,other
america history,3,other
storm,3,other
stories feminism,3,other
store,3,other
stone media,3,other
stoller,3,other
stole feminism,3,other
stole,3,other
stites,3,other
stewart,3,other
steven,3,other
stetson amy,3,other
alfred meyer,3,other
suny press,3,other
superhero,3,other
tani,3,other
teen girls,3,other
age body,3,other
age digital,3,other
technology new,3,other
age empire,3,other
age post,3,other
techne,3,other
teaching research,3,other
teaching practice,3,other
teaching materials,3,other
age terror,3,other
teaching contemporary,3,other
age war,3,other
tea,3,other
te,3,other
taylor et,3,other
agency feminism,3,other
tauris,3,other
tattoo,3,other
taste feminism,3,other
agency feminist,3,other
tarrant,3,other
targeting,3,other
tank,3,other
tania,3,other
agama dan,3,other
afternoon,3,other
telegram,3,other
afrikaans,3,other
africa america,3,other
territorio,3,other
africa feminism,3,other
africa gender,3,other
african americans,3,other
african female,3,other
teorías,3,other
teorias feministas,3,other
teorias,3,other
tenure,3,other
african studies,3,other
tenets,3,other
telehealth,3,other
afrikaanse,3,other
afro american,3,other
temporary,3,other
afrocentric,3,other
afrocentrism feminism,3,other
tempest,3,other
telling story,3,other
afterlife,3,other
television works,3,other
television studies,3,other
television feminism,3,other
tani barlow,3,other
taming shrew,3,other
superwoman,3,other
talpade mohanty,3,other
susan bordo,3,other
aidoo,3,other
survivors domestic,3,other
air,3,other
aisyiyah,3,other
al qur,3,other
surveys,3,other
survey data,3,other
alaimo,3,other
alan soble,3,other
albania,3,other
surrogate motherhood,3,other
surrogate,3,other
albany suny,3,other
surprising,3,other
surgery feminism,3,other
surgeries,3,other
alchemy race,3,other
alcott little,3,other
surabaya,3,other
sur les,3,other
aleksandra,3,other
supports,3,other
aleksandra kollontai,3,other
alexa,3,other
susan gubar,3,other
susan manning,3,other
susan ware,3,other
synergy,3,other
talpade,3,other
talking visions,3,other
talking feminism,3,other
agency social,3,other
taking revolution,3,other
taking care,3,other
tainted,3,other
tackling,3,other
taboo,3,other
sámi,3,other
synthetic,3,other
symptom,3,other
sustainability research,3,other
agonistic,3,other
symbolics loss,3,other
symbolics,3,other
symbolic violence,3,other
switzerland,3,other
swedish literature,3,other
agroecology,3,other
swap,3,other
suzanne marilley,3,other
suzanne collins,3,other
ai ethics,3,other
978 8135,3,other
978 474,3,other
carmen burgos,3,other
women offenders,3,other
women novels,3,other
1920 1939,3,other
women ngo,3,other
women negotiations,3,other
women nationalism,3,other
women nation,3,other
women music,3,other
1920 1950,3,other
women mothers,3,other
women misogyny,3,other
women military,3,other
women living,3,other
193,3,other
women learning,3,other
women late,3,other
1934,3,other
women italy,3,other
194,3,other
women industrial,3,other
women indie,3,other
1940s,3,other
women identification,3,other
1943,3,other
women hiv,3,other
women gynocriticism,3,other
women objectification,3,other
women operative,3,other
wish live,3,other
women ordination,3,other
women subjectivities,3,other
1900 present,3,other
women status,3,other
women speak,3,other
women south,3,other
women short,3,other
women sex,3,other
1906 1911,3,other
women right,3,other
women reproductive,3,other
1910 1920,3,other
women religious,3,other
1910s,3,other
women reflections,3,other
women radical,3,other
1911 grassroots,3,other
women qualitative,3,other
women psychology,3,other
women prison,3,other
1914 1918,3,other
1914 ann,3,other
women policy,3,other
women perspective,3,other
women patriarchal,3,other
women pakistani,3,other
women groups,3,other
women great,3,other
women girls,3,other
women freedom,3,other
women africa,3,other
women affairs,3,other
1990s deadline,3,other
women academics,3,other
women academic,3,other
womanhood response,3,other
woman work,3,other
woman woman,3,other
woman warrior,3,other
woman self,3,other
woman reflections,3,other
woman reader,3,other
woman point,3,other
woman novel,3,other
woman history,3,other
1997 pp,3,other
19th 20th,3,other
woman black,3,other
wollstonecraft vindication,3,other
wollstonecraft pedagogy,3,other
wollstonecraft feminism,3,other
wo men,3,other
2000 pp,3,other
2000s,3,other
witches san,3,other
women african,3,other
women antiwar,3,other
women australia,3,other
women ecology,3,other
women football,3,other
women filmmakers,3,other
1960 80,3,other
1962,3,other
1965 1975,3,other
1966,3,other
women environment,3,other
197 pp,3,other
1970 1980,3,other
women employment,3,other
women egypt,3,other
women doctoral,3,other
women autobiographies,3,other
women democracy,3,other
women crisis,3,other
women context,3,other
women conflict,3,other
women conference,3,other
women commonality,3,other
women centric,3,other
women case,3,other
women business,3,other
women building,3,other
women breast,3,other
women teaching,3,other
women traditional,3,other
women tunisia,3,other
wyndham lewis,3,other
young feminism,3,other
young female,3,other
young african,3,other
york verso,3,other
1660,3,other
17 50,3,other
175,3,other
1750,3,other
1760,3,other
york cambridge,3,other
yin yang,3,other
yes essay,3,other
yeats,3,other
years later,3,other
years feminist,3,other
years change,3,other
yearnings,3,other
1790,3,other
yang menangis,3,other
1850 1895,3,other
xuezhao new,3,other
xuezhao,3,other
1850 1914,3,other
xichen chen,3,other
xichen,3,other
young girl,3,other
young middle,3,other
156 pp,3,other
03,3,other
பணணயம,3,other
über,3,other
état,3,other
égalité,3,other
zwischen,3,other
zulu sofola,3,other
00 hardback,3,other
zora neale,3,other
zora,3,other
00 paperback,3,other
zm,3,other
11 feminism,3,other
15 2017,3,other
zillah eisenstein,3,other
zillah,3,other
zhang xichen,3,other
110,3,other
110 00,3,other
zerilli,3,other
zakaria,3,other
zack,3,other
13 feminism,3,other
yue,3,other
1325,3,other
xi 231,3,other
wyndham,3,other
women turkey,3,other
wuthering heights,3,other
1889,3,other
work social,3,other
work sex,3,other
work politics,3,other
work organization,3,other
work labor,3,other
1894,3,other
work economic,3,other
work critical,3,other
work black,3,other
1897,3,other
19 50,3,other
won,3,other
womenâs,3,other
19 99,3,other
19 lockdown,3,other
190,3,other
women works,3,other
women workplace,3,other
1900 1917,3,other
1900 1918,3,other
women western,3,other
1900 1935,3,other
women victims,3,other
women use,3,other
1885,3,other
world bank,3,other
world feminisms,3,other
1870 1945,3,other
wuthering,3,other
wrote,3,other
1865,3,other
writings feminism,3,other
1869,3,other
writing righting,3,other
writing revolution,3,other
writing practice,3,other
writing french,3,other
writing feminist,3,other
writing centers,3,other
writers feminisms,3,other
world man,3,other
1876,3,other
1877,3,other
wrestling,3,other
wreckage,3,other
wound,3,other
worthy,3,other
1879,3,other
worldview,3,other
worlds black,3,other
world woman,3,other
world traveling,3,other
2002 isbn,3,other
2005 280,3,other
978 4696,3,other
372,3,other
39 50,3,other
verso 2013,3,other
veronica roth,3,other
40 years,3,other
venus,3,other
velvet,3,other
vegans,3,other
vega,3,other
varieties feminism,3,other
variation,3,other
variables,3,other
vanuatu,3,other
vanishing,3,other
vanessa,3,other
vandana,3,other
vancouver,3,other
van dijk,3,other
vampires,3,other
44,3,other
46,3,other
valerie solanas,3,other
valentine,3,other
vague,3,other
vagina monologues,3,other
4696,3,other
vice,3,other
victimology,3,other
winterson,3,other
victims sexual,3,other
virago,3,other
violência contra,3,other
320 pp,3,other
violence representation,3,other
violence prevention,3,other
violence policy,3,other
violence language,3,other
violence india,3,other
violence geopolitics,3,other
322,3,other
violations,3,other
325,3,other
33,3,other
333,3,other
335,3,other
viewed,3,other
336,3,other
vietnamese,3,other
352,3,other
353,3,other
353 pp,3,other
victory,3,other
victorian britain,3,other
368,3,other
victims villains,3,other
va,3,other
utopianism,3,other
474,3,other
utilizing,3,other
unnatural,3,other
64,3,other
unmaking,3,other
unjust,3,other
68 mitterrand,3,other
70 00,3,other
72 00,3,other
7456,3,other
79 95,3,other
universals,3,other
8135,3,other
universal feminism,3,other
8166,3,other
univ,3,other
90 00,3,other
92,3,other
unionism feminism,3,other
94,3,other
95 00,3,other
95 hardbound,3,other
uniform,3,other
unified,3,other
unification,3,other
unholy,3,other
unfreedom,3,other
unpaid work,3,other
unreasonable,3,other
unruly,3,other
50 years,3,other
utilitarianism,3,other
ussr,3,other
uso,3,other
using intersectional,3,other
usia dini,3,other
499,3,other
50 hardback,3,other
use feminism,3,other
ursula,3,other
urgent,3,other
urbervilles,3,other
urban water,3,other
unseen,3,other
urban space,3,other
urban feminism,3,other
upward,3,other
uptake,3,other
52,3,other
unwritten,3,other
unwin 1992,3,other
unwin,3,other
54,3,other
untangling,3,other
unsettled,3,other
virality,3,other
virginity,3,other
virtual editathon,3,other
wave liberal,3,other
whedon,3,other
wharton,3,other
wgst,3,other
westview press,3,other
westport ct,3,other
westernization,3,other
west indian,3,other
2020 balancing,3,other
went,3,other
wendy brown,3,other
2020 isbn,3,other
2023 pp,3,other
weininger,3,other
weight stigma,3,other
weight feminism,3,other
2024 pp,3,other
weibo feminism,3,other
203,3,other
204,3,other
wearing,3,other
wealth,3,other
way feminist,3,other
208,3,other
waves recasting,3,other
waves activism,3,other
2017 pp,3,other
2016 task,3,other
white house,3,other
wigman susan,3,other
2007 pp,3,other
winds,3,other
windows,3,other
window,3,other
201,3,other
2010s,3,other
willard,3,other
wild science,3,other
wikipedia virtual,3,other
2013 isbn,3,other
wiki edit,3,other
wife beating,3,other
white man,3,other
wife bath,3,other
2013 pp,3,other
widows,3,other
wicca,3,other
whores,3,other
whiteness feminist,3,other
white woman,3,other
2016 presidential,3,other
white privilege,3,other
white nationalism,3,other
white middle,3,other
wave theory,3,other
218,3,other
virtue ethics,3,other
watching rape,3,other
volunteering,3,other
volunteer,3,other
voluntary action,3,other
264,3,other
266,3,other
void,3,other
27 95,3,other
270,3,other
271,3,other
272,3,other
voicelessness,3,other
voiceless,3,other
voice feminist,3,other
277,3,other
voet,3,other
voces,3,other
vocal,3,other
vital,3,other
visualizing,3,other
visualization,3,other
visions multicultural,3,other
visibilities,3,other
visceral,3,other
299,3,other
virtues,3,other
volunteers,3,other
von der,3,other
von flotow,3,other
waning,3,other
22 50,3,other
watch,3,other
220,3,other
wasn,3,other
washing,3,other
wartime,3,other
226,3,other
ware,3,other
wards,3,other
war years,3,other
war britain,3,other
walker color,3,other
260,3,other
246,3,other
246 pp,3,other
wajcman,3,other
wait,3,other
wahl,3,other
250 pp,3,other
vulnerabilities,3,other
vt,3,other
253,3,other
voting behavior,3,other
256 pp,3,other
st john,3,other
square,3,other
squad,3,other
religion art,3,other
birmingham,3,other
birth chinese,3,other
relationships feminism,3,other
relations research,3,other
bitch planet,3,other
bitches,3,other
relational autonomy,3,other
black american,3,other
related violence,3,other
black masculinity,3,other
rehabilitation,3,other
regulating,3,other
regions,3,other
regionalism,3,other
black power,3,other
black radical,3,other
blacklivesmatter,3,other
reframing feminism,3,other
blackmore mary,3,other
reforming,3,other
reform women,3,other
reform politics,3,other
reform labor,3,other
blanche,3,other
reflexões sobre,3,other
birke,3,other
bird,3,other
reborn,3,other
biotechnology,3,other
biased,3,other
representation modern,3,other
bible feminism,3,other
representasi perempuan,3,other
biblical interpretation,3,other
biblical manhood,3,other
bibliographic,3,other
replication data,3,other
replication,3,other
replay kids,3,other
replay,3,other
repeating,3,other
big women,3,other
renewing,3,other
bigger,3,other
renaissance italy,3,other
bio ethics,3,other
biography exercise,3,other
remakes,3,other
remaja,3,other
remain,3,other
reluctant,3,other
religious discourse,3,other
religious change,3,other
biopower,3,other
blending,3,other
reflexiones,3,other
blind spots,3,other
reflections women,3,other
bodies matter,3,other
reconfigured,3,other
bodily bonds,3,other
body appreciation,3,other
reconciled,3,other
body art,3,other
body hair,3,other
reconceiving,3,other
reconceived feminism,3,other
reconceived,3,other
body mapping,3,other
body positive,3,other
body positivity,3,other
reclaiming witches,3,other
reclaiming body,3,other
reclaimed,3,other
reckoning silences,3,other
reciprocity,3,other
reciprocal,3,other
recession,3,other
reception studies,3,other
recent literature,3,other
recent developments,3,other
recasting question,3,other
recasting histories,3,other
bodies identities,3,other
reconstituting,3,other
bodies corporeal,3,other
bloody chamber,3,other
reflections islamic,3,other
blindness,3,other
blocks,3,other
blogosphere,3,other
reflecting power,3,other
reflecting feminism,3,other
blonde,3,other
references,3,other
blood wave,3,other
reel real,3,other
reel,3,other
reduce,3,other
reconstructing gender,3,other
redoing,3,other
rediscovering,3,other
redes,3,other
redemption christian,3,other
redefining womanhood,3,other
redefining feminism,3,other
bloom,3,other
red pill,3,other
recreation,3,other
boccaccio,3,other
recovering biblical,3,other
bias gender,3,other
representations black,3,other
representations feminism,3,other
ressentiment,3,other
review new,3,other
review lt,3,other
review liberating,3,other
review karen,3,other
review global,3,other
review feminisms,3,other
basingstoke palgrave,3,other
basque,3,other
review edited,3,other
review critical,3,other
review blackmore,3,other
batman,3,other
revelation,3,other
returning,3,other
retreat,3,other
rethinking transnational,3,other
rethinking history,3,other
bay caitlin,3,other
rethinking contemporary,3,other
retelling,3,other
retail,3,other
resurgent,3,other
bear,3,other
restricted,3,other
beating,3,other
review transforming,3,other
review transnational,3,other
based social,3,other
revolution nicaragua,3,other
rhys wide,3,other
rhetorics feminism,3,other
rhetorical feminism,3,other
bangladeshi,3,other
rhetoric public,3,other
rhetoric feminism,3,other
rey,3,other
bar,3,other
revolutionary movement,3,other
barcelona,3,other
barlow,3,other
revolution feminism,3,other
based learning,3,other
revolution 1906,3,other
barnard,3,other
barrett,3,other
revista,3,other
revisiting feminist,3,other
bars,3,other
revisited girl,3,other
barth,3,other
revisioning,3,other
reviews psychoanalyses,3,other
based feminism,3,other
restorative justice,3,other
beauty beast,3,other
bi,3,other
beauty feminism,3,other
research amp,3,other
benhabib,3,other
bennett,3,other
rescue,3,other
berg,3,other
request,3,other
reputation,3,other
repurposing,3,other
republican women,3,other
republican politics,3,other
republic iran,3,other
republic germany,3,other
republic congo,3,other
reprodução,3,other
reproductive technology,3,other
berkeley ca,3,other
berkeley los,3,other
reproductive autonomy,3,other
reproductiva,3,other
bersama,3,other
reproduction entanglements,3,other
bertha,3,other
bessie,3,other
best practices,3,other
representação,3,other
research ethics,3,other
bengali women,3,other
bengal,3,other
resisting oppression,3,other
beauvoir 1908,3,other
beauvoir existential,3,other
responses sexual,3,other
responses feminism,3,other
beauvoir french,3,other
response evangelical,3,other
response ability,3,other
beginner,3,other
beginner guide,3,other
resources subject,3,other
beginning end,3,other
resistencia,3,other
research non,3,other
resistance legalised,3,other
resistance gendered,3,other
resistance feminist,3,other
behavioural,3,other
resistance digital,3,other
resistance contemporary,3,other
behaviours,3,other
beings,3,other
research project,3,other
research practices,3,other
ben,3,other
bois,3,other
rebooting,3,other
spread,3,other
psychoanalysis symbolics,3,other
psychoanalysis mary,3,other
psychoanalysis gender,3,other
buried,3,other
burmese,3,other
psyche feminism,3,other
psicología social,3,other
burney,3,other
pseudo feminism,3,other
práticas,3,other
prácticas,3,other
provinsi,3,other
burns,3,other
provide,3,other
protocol feminism,3,other
business feminism,3,other
business french,3,other
business usual,3,other
businesses,3,other
protest camps,3,other
buszek,3,other
butler gender,3,other
butt,3,other
protect,3,other
protagonist,3,other
prostitution feminism,3,other
psychoanalysis race,3,other
psychoanalytical,3,other
rebellious,3,other
burdens,3,other
pueblo,3,other
publishing politics,3,other
buck,3,other
budaya,3,other
published,3,other
public school,3,other
buffalo,3,other
public pedagogies,3,other
public participation,3,other
building bridge,3,other
building domestic,3,other
building feminist,3,other
public feminisms,3,other
public feminism,3,other
building new,3,other
built environment,3,other
bulan hitam,3,other
bulgaria,3,other
psychology reader,3,other
psychology new,3,other
bulimia,3,other
bully,3,other
psychologist,3,other
bunny,3,other
psychological perspectives,3,other
butterfly,3,other
ca 1880,3,other
prophecy,3,other
cabot,3,other
producciones,3,other
process thought,3,other
problematics,3,other
problematic,3,other
capabilities approach,3,other
probing,3,other
pro choice,3,other
pro ana,3,other
capitalism patriarchy,3,other
private public,3,other
capitol,3,other
prisoners,3,other
prismatic,3,other
care community,3,other
care politics,3,other
care relations,3,other
career development,3,other
career family,3,other
primary health,3,other
caregiver,3,other
cares,3,other
pressures,3,other
caribbean women,3,other
carl,3,other
carlos,3,other
candidate,3,other
cancer survivors,3,other
productions,3,other
cameron,3,other
pronouns,3,other
promotional,3,other
promotion women,3,other
cairo,3,other
caitlin press,3,other
prohibition,3,other
calif,3,other
progressive women,3,other
progressive politics,3,other
calm,3,other
cambodia,3,other
profound,3,other
canadian social,3,other
cameroon,3,other
profiles,3,other
campesina,3,other
proficiency,3,other
professions education,3,other
professionalization gender,3,other
professional women,3,other
canadian feminist,3,other
canadian history,3,other
profeminist,3,other
produção,3,other
buchi emecheta,3,other
puerto rican,3,other
punjab,3,other
boys men,3,other
raça na,3,other
raw,3,other
boundary feminism,3,other
rationales,3,other
ratchet,3,other
rassismus,3,other
rapports sociaux,3,other
raphaelite,3,other
rape survivors,3,other
rape sexual,3,other
rape psychology,3,other
rape myths,3,other
bountiful learned,3,other
bourdieusian,3,other
rani,3,other
range,3,other
rally,3,other
raised,3,other
raichō,3,other
radikal dalam,3,other
bowl,3,other
radically,3,other
boy clinical,3,other
boys girls,3,other
radical transformation,3,other
boundaries women,3,other
boundaries new,3,other
bound,3,other
realities feminism,3,other
bollywood,3,other
bolshevik,3,other
rebecca west,3,other
rebecca chopp,3,other
bolshevik revolution,3,other
reasserting,3,other
bonds intersecting,3,other
books 2004,3,other
books 2017,3,other
books graphic,3,other
boomers,3,other
realistic,3,other
bostonians,3,other
realism gender,3,other
borders kathy,3,other
real world,3,other
real women,3,other
real men,3,other
real beauty,3,other
borders transnational,3,other
ready feminism,3,other
reading marginally,3,other
reading lists,3,other
boring,3,other
radical social,3,other
radical left,3,other
pure,3,other
radical feminists,3,other
queer theories,3,other
queer studies,3,other
queer radical,3,other
queer ing,3,other
britain france,3,other
british fiction,3,other
queensland,3,other
british german,3,other
british history,3,other
british south,3,other
british working,3,other
quality life,3,other
qualitative social,3,other
broke,3,other
qualitative methods,3,other
qualitative exploration,3,other
brontë tenant,3,other
pygmalion,3,other
pvd art,3,other
pvd,3,other
putri,3,other
brookfield vt,3,other
brooks,3,other
pushing boundaries,3,other
brother,3,other
querying,3,other
brighton,3,other
brief study,3,other
race feminist,3,other
branch,3,other
racist social,3,other
racist feminism,3,other
brasileiro,3,other
racism black,3,other
breaking barriers,3,other
racial origins,3,other
breastfeeding discourse,3,other
race women,3,other
race politics,3,other
breasts,3,other
brecht,3,other
questions feminism,3,other
bremer,3,other
breve,3,other
rabinovitch fox,3,other
rabinovitch,3,other
rabbinic,3,other
bridge feminism,3,other
quite,3,other
quilt,3,other
quiet revolution,3,other
brief analysis,3,other
brief introduction,3,other
riana,3,other
riana mimpi,3,other
rican,3,other
simulacrum,3,other
silver,3,other
silk,3,other
silent film,3,other
silences metoo,3,other
silenced,3,other
silence feminism,3,other
signifying,3,other
siecle vienna,3,other
si,3,other
anne brontë,3,other
shown,3,other
shot,3,other
short term,3,other
annie,3,other
shoes,3,other
shock,3,other
ship,3,other
shildrick,3,other
shifting identities,3,other
shifting ground,3,other
shenoy,3,other
shelters,3,other
anonymous,3,other
sheds,3,other
shedding,3,other
simons,3,other
simulation,3,other
riccoboni,3,other
singers,3,other
angelou poems,3,other
sluts,3,other
slums,3,other
slow,3,other
slogan,3,other
sleeping,3,other
slee,3,other
skripsi sastra,3,other
skripsi,3,other
skirting,3,other
anglican,3,other
anglo wave,3,other
situation future,3,other
angry feminist,3,other
situatedness,3,other
situated knowledges,3,other
sita,3,other
sisters arms,3,other
animal ethics,3,other
sisterhood solidarity,3,other
animal relations,3,other
sista,3,other
singularity,3,other
sings,3,other
animal studies,3,other
answer,3,other
answers,3,other
sharia law,3,other
share,3,other
anticarceral,3,other
sex worker,3,other
sex women,3,other
sex selection,3,other
sex power,3,other
antifascism,3,other
antifascist,3,other
antiporn,3,other
antiporn feminism,3,other
antiquity,3,other
setting scene,3,other
session,3,other
serving equality,3,other
antoinette,3,other
services women,3,other
service work,3,other
antonio pietrangeli,3,other
serat,3,other
sequence,3,other
separation,3,other
apology,3,other
aporias,3,other
sentimental,3,other
aportes para,3,other
sensible,3,other
anticapitalism,3,other
anti war,3,other
sexism church,3,other
sexuality state,3,other
shaped body,3,other
shannon,3,other
shanley,3,other
shanghai baby,3,other
shame phenomenology,3,other
shakespeare othello,3,other
shadow feminism,3,other
sf,3,other
seyla benhabib,3,other
seyla,3,other
sexuality women,3,other
sexuality law,3,other
sexismo,3,other
sexualities histories,3,other
sexualidade,3,other
sexuales reproductivos,3,other
anti essentialism,3,other
anti fascism,3,other
anti feminisms,3,other
sexual order,3,other
anti imperialist,3,other
sexual dysfunction,3,other
anti porn,3,other
anti slavery,3,other
small business,3,other
smart city,3,other
angeles london,3,other
som,3,other
amp sons,3,other
amp unwin,3,other
space place,3,other
space indigenous,3,other
amp women,3,other
soy,3,other
soviet feminism,3,other
amrita,3,other
southwest,3,other
southern illinois,3,other
anak usia,3,other
analisis semiotika,3,other
sous la,3,other
analysis approach,3,other
analysis based,3,other
sosial dan,3,other
analysis black,3,other
sorority,3,other
sophocles,3,other
soon,3,other
sons lovers,3,other
sonia,3,other
analysis concept,3,other
song solomon,3,other
analysis digital,3,other
spaces feminist,3,other
spaces women,3,other
amp politics,3,other
splitting,3,other
spots,3,other
sports media,3,other
sports feminism,3,other
sport social,3,other
sport leisure,3,other
sport leadership,3,other
sport feminisms,3,other
sport exercise,3,other
sponsored,3,other
spoken,3,other
spoils freedom,3,other
american society,3,other
spanish women,3,other
spirits,3,other
american woman,3,other
spectrum,3,other
spectator,3,other
speciesism waves,3,other
special topic,3,other
speakers,3,other
speak feminism,3,other
spck 1984,3,other
amp new,3,other
sparks,3,other
somali,3,other
solo,3,other
snail,3,other
analysis international,3,other
ananta,3,other
ananta toer,3,other
social mobility,3,other
social issues,3,other
social institutions,3,other
social inequality,3,other
social industrial,3,other
social inclusion,3,other
anarcho,3,other
anarcho feminism,3,other
social exclusion,3,other
social engagement,3,other
social development,3,other
andrea dworkin,3,other
social care,3,other
social analysis,3,other
andreas,3,other
andreas salomé,3,other
sobre gênero,3,other
androcentric,3,other
soble pornography,3,other
soble,3,other
androgynous,3,other
snake,3,other
snail sense,3,other
analyze,3,other
analytic philosophy,3,other
social practice,3,other
society critical,3,other
solanas,3,other
sojourner truth,3,other
soil,3,other
softly,3,other
sofola,3,other
sociologist,3,other
analysis main,3,other
socioeconomic status,3,other
analysis media,3,other
sociocultural,3,other
society gender,3,other
socially shaped,3,other
social reform,3,other
socially constructed,3,other
sociality,3,other
socialists,3,other
socialist china,3,other
analysis popular,3,other
analysis post,3,other
social theories,3,other
analysis relationship,3,other
social structural,3,other
analysis sex,3,other
analysis story,3,other
appeal,3,other
sense feminism,3,other
appeals,3,other
roles gender,3,other
rugby,3,other
royer feminism,3,other
auclert,3,other
row,3,other
routledge london,3,other
routledge companion,3,other
routledge amp,3,other
routledge 2002,3,other
audience reception,3,other
routledge 1991,3,other
audiences feminism,3,other
roundtable discussion,3,other
audiovisual,3,other
rough,3,other
rossetti,3,other
augusta,3,other
austin,3,other
rorty feminism,3,other
austria,3,other
room collective,3,other
roof,3,other
authority feminism,3,other
romantic love,3,other
authority gender,3,other
romani feminism,3,other
ruin,3,other
ruling,3,other
attitudinal,3,other
saga,3,other
sanders,3,other
assessment role,3,other
assets,3,other
salvador chiapas,3,other
salomé,3,other
salomonsen,3,other
saints,3,other
assisted suicide,3,other
association conference,3,other
sage 1995,3,other
asylum seekers,3,other
asylum seeking,3,other
attitudes female,3,other
asymmetry,3,other
sadomasochism feminism,3,other
sade,3,other
sad,3,other
ata aidoo,3,other
sab,3,other
russian women,3,other
russian feminism,3,other
rusmini,3,other
rural communities,3,other
attempting,3,other
authorized,3,other
autistic,3,other
santiago,3,other
role religion,3,other
rights racial,3,other
rights post,3,other
rights nineteenth,3,other
rights movements,3,other
balancing bountiful,3,other
rights men,3,other
rights human,3,other
rights feminist,3,other
rights education,3,other
rights discourses,3,other
rights discourse,3,other
rights culture,3,other
rights child,3,other
rights activists,3,other
right women,3,other
ballots,3,other
right populism,3,other
right anti,3,other
bama,3,other
riddle,3,other
ricoeur,3,other
richardson,3,other
richard stites,3,other
richard rorty,3,other
riccoboni epistolary,3,other
rights revolution,3,other
rights sharia,3,other
rights woman,3,other
axis,3,other
automating,3,other
autotheory,3,other
roca perón,3,other
roca,3,other
robins women,3,other
robin,3,other
awakens,3,other
awal,3,other
roar,3,other
roads,3,other
away home,3,other
ayat,3,other
bakhtin feminism,3,other
risking difference,3,other
ba,3,other
rises,3,other
rise stall,3,other
rise popular,3,other
rise new,3,other
backwards,3,other
risd museum,3,other
risd,3,other
bai,3,other
riley,3,other
assessing gender,3,other
aspiration,3,other
appendix,3,other
architecture feminism,3,other
approaches research,3,other
approaches sexual,3,other
seen heard,3,other
approaches teaching,3,other
seekers,3,other
appropriate,3,other
seductions,3,other
appropriations,3,other
apresentação,3,other
security gender,3,other
security council,3,other
securitization,3,other
aproximación,3,other
secularisation,3,other
secular islamic,3,other
secular feminist,3,other
sectors,3,other
sectional survey,3,other
arab muslim,3,other
secret treachery,3,other
arabian,3,other
secondary education,3,other
second generation,3,other
second edition,3,other
architectural feminism,3,other
sejarah,3,other
sejuta,3,other
seksualitas,3,other
self feminist,3,other
sen,3,other
applied ethics,3,other
semeval 2016,3,other
applied feminism,3,other
applied linguistics,3,other
selfies,3,other
self respect,3,other
self representations,3,other
self narrative,3,other
appraisals,3,other
self identified,3,other
self fashioning,3,other
approaches gender,3,other
self empowerment,3,other
self dichotomy,3,other
self defense,3,other
self branding,3,other
self advocacy,3,other
self actualization,3,other
approach social,3,other
selected poems,3,other
selected novels,3,other
approaches education,3,other
select novels,3,other
sebagai bentuk,3,other
seattle,3,other
aspects feminism,3,other
season,3,other
art women,3,other
schools feminism,3,other
article feminism,3,other
articulating feminism,3,other
artistry,3,other
artivism,3,other
arun,3,other
schema,3,other
scenarios,3,other
scenario,3,other
scarlett,3,other
scarlet letter,3,other
scarf,3,other
scare,3,other
scandinavia,3,other
asian asian,3,other
says,3,other
asian muslim,3,other
asked,3,other
asma,3,other
satanic,3,other
sastra inggris,3,other
sarraute,3,other
sarah palin,3,other
sarah grand,3,other
schreiner story,3,other
schwartz,3,other
schwartzman,3,other
arjana kim,3,other
seas,3,other
seal press,3,other
archiving,3,other
scrutiny,3,other
arendt politics,3,other
argentina roca,3,other
argentine,3,other
arguing,3,other
scottish women,3,other
arh291 intersectional,3,other
aristocratic,3,other
armed conflict,3,other
art theory,3,other
sciences feminisms,3,other
arms militant,3,other
arranged,3,other
arranged marriage,3,other
arrived,3,other
art 1900,3,other
science naming,3,other
science knowledge,3,other
art culture,3,other
art histories,3,other
science ethics,3,other
athlete,3,other
பணணயம feminism,3,other
neglect,3,other
honrs,3,other
desires women,3,other
hostile,3,other
hornsby eds,3,other
hormone,3,other
horizonte,3,other
hope emily,3,other
hop feminisms,3,other
destroying,3,other
honrs 499,3,other
honors thesis,3,other
households,3,other
honors,3,other
honoring,3,other
honor plays,3,other
det,3,other
honey,3,other
homosexual revisited,3,other
detention,3,other
homing,3,other
homicide,3,other
hotel,3,other
designs,3,other
home truths,3,other
hwang,3,other
desa,3,other
identidades,3,other
ideas women,3,other
descolonial,3,other
ibu,3,other
ibsen doll,3,other
ibrahim,3,other
hypothesis,3,other
desde el,3,other
desde la,3,other
hu,3,other
husband wife,3,other
hurston,3,other
hunting,3,other
desde una,3,other
humanizing,3,other
design feminism,3,other
human resource,3,other
human relationships,3,other
human enhancement,3,other
homelessness,3,other
hombres,3,other
identitas,3,other
deviant,3,other
hindutva,3,other
development communication,3,other
hijacking,3,other
development feminist,3,other
high schools,3,other
development islamic,3,other
development middle,3,other
development peace,3,other
deviance,3,other
heterosexual women,3,other
hiratsuka,3,other
heterosexual men,3,other
hetero,3,other
heroism,3,other
diagnosis,3,other
dialogics,3,other
hermeneutika feminis,3,other
dialogue social,3,other
herland,3,other
hemispheric,3,other
development changing,3,other
historical context,3,other
hitchcock,3,other
history english,3,other
hitam,3,other
detroit,3,other
history writing,3,other
history theory,3,other
history sexuality,3,other
history political,3,other
history modern,3,other
history making,3,other
history frances,3,other
history early,3,other
historical materialism,3,other
history culture,3,other
history british,3,other
histories progressivism,3,other
developing new,3,other
historical theoretical,3,other
historical survey,3,other
historical perspectives,3,other
historical overview,3,other
historical memory,3,other
identification race,3,other
identities feminisms,3,other
inquiries,3,other
indian cinema,3,other
induced,3,other
individuation,3,other
individualized,3,other
individualism feminism,3,other
delta,3,other
indigenous studies,3,other
indigenous knowledge,3,other
indian woman,3,other
democracy origins,3,other
indexing,3,other
industrial questions,3,other
index 28,3,other
independent women,3,other
incorporation,3,other
inconsistencies,3,other
income women,3,other
inclusive education,3,other
inclusion feminism,3,other
inclination,3,other
incident,3,other
industrial complex,3,other
industrial revolution,3,other
incel violence,3,other
information literacy,3,other
innovation comparative,3,other
ink,3,other
del movimiento,3,other
del pensamiento,3,other
inhibitors,3,other
inggris,3,other
informed feminism,3,other
information technology,3,other
information science,3,other
information age,3,other
deliver,3,other
influences feminism,3,other
delgado,3,other
delgado community,3,other
influencer,3,other
influence gender,3,other
infant feeding,3,other
infant,3,other
deliberative democracy,3,other
inequality feminist,3,other
incest feminism,3,other
democratizing,3,other
identities traditions,3,other
ideological feminism,3,other
illness narratives,3,other
depoliticization,3,other
ilana,3,other
il university,3,other
depression anxiety,3,other
ii feminism,3,other
ignazio lauren,3,other
igbo,3,other
idle,3,other
derechos sexuales,3,other
deploying feminism,3,other
deronda,3,other
identity sexual,3,other
identity representation,3,other
identity power,3,other
identity popular,3,other
identity difference,3,other
identity culture,3,other
identity case,3,other
identity black,3,other
illuminating,3,other
im possibility,3,other
inadequacy,3,other
impacto,3,other
improvisation,3,other
democrats,3,other
demographic,3,other
imported,3,other
implications health,3,other
implications gender,3,other
implication,3,other
imperial gaze,3,other
impasse,3,other
dengan pendekatan,3,other
im possible,3,other
impact black,3,other
denial,3,other
denise,3,other
imaginings,3,other
imagination feminism,3,other
images feminism,3,other
image feminism,3,other
image eating,3,other
deploying,3,other
dichotomy science,3,other
hellman,3,other
helene,3,other
greenwood press,3,other
discoveries,3,other
ground feminism,3,other
discriminatory,3,other
discriminação,3,other
grief,3,other
grid,3,other
greta,3,other
gregory,3,other
greer,3,other
greenwood,3,other
discourses new,3,other
discursos,3,other
green political,3,other
green criminology,3,other
discussion feminism,3,other
great indian,3,other
grassroots democracy,3,other
disintegration,3,other
grappling,3,other
diskursus,3,other
discourses social,3,other
grounds feminism,3,other
grandmothers,3,other
disconnection,3,other
disasters,3,other
guilty,3,other
guiding,3,other
discapacidad,3,other
guides pvd,3,other
guides gws102,3,other
guides gws,3,other
disciplinary power,3,other
discomfort,3,other
guidance,3,other
discourses case,3,other
guerrilla,3,other
gubar,3,other
disconnections,3,other
gu,3,other
discontents century,3,other
discourse chinese,3,other
discourse critical,3,other
discourse ethics,3,other
discourse post,3,other
grandmothers halfmoon,3,other
grammar,3,other
helen longino,3,other
diversity women,3,other
global perspectives,3,other
disturbing,3,other
global movement,3,other
diverse young,3,other
global history,3,other
diversity contemporary,3,other
global environmental,3,other
global citizenship,3,other
global age,3,other
division domestic,3,other
distinguishing,3,other
glamour,3,other
girls science,3,other
girls media,3,other
girls feminist,3,other
girls boys,3,other
girls adventure,3,other
doctor philosophy,3,other
girl head,3,other
giovanni,3,other
distributed,3,other
distant,3,other
graham,3,other
goodbye,3,other
dismal,3,other
dismantling self,3,other
disney movie,3,other
disparity,3,other
displacements,3,other
display,3,other
gore,3,other
google,3,other
goodman,3,other
good wife,3,other
distancing,3,other
dispossession,3,other
golf,3,other
golden age,3,other
disputas,3,other
goffman,3,other
disputes,3,other
goddess spirituality,3,other
dissemination,3,other
god rebecca,3,other
gulf,3,other
gun,3,other
gurley,3,other
haunted,3,other
different voice,3,other
differential,3,other
head feminism,3,other
differentiating,3,other
differing,3,other
hays,3,other
diffracting,3,other
hawai,3,other
diffractively,3,other
hatred,3,other
health data,3,other
diffusion,3,other
hate crime,3,other
hat,3,other
digging,3,other
digital cultures,3,other
digital feminisms,3,other
harry,3,other
digital islamophobia,3,other
harriet edmondson,3,other
health case,3,other
health equity,3,other
disarming,3,other
healthcare feminist,3,other
dickens,3,other
heights,3,other
heforshe,3,other
hebrew bible,3,other
dictionary modern,3,other
didactic,3,other
dietary,3,other
diferença,3,other
difference identification,3,other
difference women,3,other
health outcomes,3,other
health workers,3,other
health technoscience,3,other
health services,3,other
health rights,3,other
differences gender,3,other
health related,3,other
health promotion,3,other
different forms,3,other
health physical,3,other
digital labour,3,other
digital space,3,other
harold,3,other
habits,3,other
halfmoon bay,3,other
halfmoon,3,other
half sky,3,other
direitos,3,other
dis empowerment,3,other
haideh moghissi,3,other
haideh,3,other
hacia una,3,other
hacia el,3,other
ha,3,other
harnessing,3,other
disabled people,3,other
género la,3,other
disabled women,3,other
género el,3,other
disabling,3,other
gws102 transnational,3,other
gws102,3,other
gws,3,other
guth,3,other
hamilton,3,other
hamlet,3,other
hampton,3,other
directions women,3,other
harm reduction,3,other
dijk,3,other
haredi women,3,other
hardy tess,3,other
dilemmas feminism,3,other
hardback isbn,3,other
dimensional,3,other
diminished,3,other
haptic,3,other
dini,3,other
dinner party,3,other
happen,3,other
direct,3,other
direction lisa,3,other
directions critical,3,other
handling,3,other
handbook international,3,other
directions feminism,3,other
han kang,3,other
innovations,3,other
del activismo,3,other
gilman sexualities,3,other
labour digital,3,other
current perspectives,3,other
landmark,3,other
current status,3,other
lag,3,other
lady gaga,3,other
curricular,3,other
lacanian,3,other
labyrinth,3,other
labour post,3,other
curriculum theorizing,3,other
langer,3,other
laboratory,3,other
labor union,3,other
labor market,3,other
labelling,3,other
la revolución,3,other
la question,3,other
la pornografía,3,other
la nación,3,other
la era,3,other
cure,3,other
cura,3,other
la diferencia,3,other
lateral,3,other
law new,3,other
law economics,3,other
law desire,3,other
law catharine,3,other
lauren klein,3,other
laura schwartz,3,other
laughing,3,other
laugh,3,other
latest,3,other
late modernity,3,other
language god,3,other
late capitalism,3,other
late 19th,3,other
late 1970s,3,other
las relaciones,3,other
las producciones,3,other
cultures identities,3,other
large scale,3,other
lao,3,other
language literature,3,other
la direction,3,other
la cuestión,3,other
law religion,3,other
daddy,3,other
kirkham,3,other
czech republic,3,other
czech women,3,other
czechoslovakia,3,other
cómo,3,other
kierkegaard,3,other
kids schools,3,other
da política,3,other
keynote address,3,other
kepada bulan,3,other
knew,3,other
kepada,3,other
kenyan women,3,other
kentucky,3,other
kemalism,3,other
kegan paul,3,other
kegan,3,other
kecantikan,3,other
dalam iklan,3,other
kaum,3,other
cypriot,3,other
knight,3,other
la construcción,3,other
kristin,3,other
la campesina,3,other
kymlicka,3,other
kuwait,3,other
customs,3,other
cve,3,other
kuasa,3,other
cve international,3,other
kritik terhadap,3,other
cyber activism,3,other
kristeva feminism,3,other
knock,3,other
kota,3,other
korean american,3,other
kontemporer,3,other
komunikasi,3,other
kollontai socialism,3,other
cyborg manifesto,3,other
knowledge translation,3,other
knowledge participatory,3,other
knowing victims,3,other
culture power,3,other
law review,3,other
insecure,3,other
liberian,3,other
life histories,3,other
libya,3,other
library information,3,other
cultural analysis,3,other
libraries feminism,3,other
librarians,3,other
cultural change,3,other
liberty charlotte,3,other
liberties,3,other
liberation struggle,3,other
life neil,3,other
cultural criticism,3,other
cultural critique,3,other
liberating archetypes,3,other
liberated woman,3,other
liberalism liberal,3,other
cultural diversity,3,other
liberal radical,3,other
lgbtqia,3,other
cultural heritage,3,other
cultivation,3,other
life women,3,other
cultural political,3,other
linda nicholson,3,other
cruz religion,3,other
lite,3,other
lists,3,other
listening different,3,other
lisa taylor,3,other
lipstick,3,other
crítica da,3,other
lion,3,other
crítico,3,other
linda harriet,3,other
lifelong learning,3,other
lincoln university,3,other
limits state,3,other
limits law,3,other
limits family,3,other
limits cultural,3,other
limitation,3,other
cuestión,3,other
like woman,3,other
like feminist,3,other
cultural pluralism,3,other
lessons feminism,3,other
law victorian,3,other
leaning,3,other
leela fernandes,3,other
leela,3,other
culture lesbian,3,other
learning work,3,other
learning theory,3,other
learning guide,3,other
learning community,3,other
learning analytics,3,other
learned feminism,3,other
league nations,3,other
leftist,3,other
culture matters,3,other
leadership styles,3,other
leadership positions,3,other
leadership gender,3,other
culture modern,3,other
lead,3,other
lawyer,3,other
lawfare cve,3,other
lawfare,3,other
left wing,3,other
legacies sixties,3,other
cultural practice,3,other
lemonade,3,other
cultural practices,3,other
lesbians feminism,3,other
lesbian queer,3,other
lesbian feminisms,3,other
cultural resistance,3,other
lesbian community,3,other
cultural rights,3,other
cultural values,3,other
culturally relevant,3,other
culture body,3,other
culture critical,3,other
legislating french,3,other
legally,3,other
legalised speciesism,3,other
legalised,3,other
legal perspective,3,other
legal literary,3,other
culture construction,3,other
legacy russell,3,other
legacy revolution,3,other
kathy acker,3,other
dalam kajian,3,other
katherine marino,3,other
decide,3,other
introduction christian,3,other
decade women,3,other
intoxication,3,other
interwar period,3,other
decent,3,other
interviews mexican,3,other
decentering center,3,other
interview nancy,3,other
interventionist,3,other
intersexuality,3,other
introduction new,3,other
intersectionnalité,3,other
intersectionality women,3,other
decoding,3,other
intersectionality black,3,other
intersectional politics,3,other
intersectional lens,3,other
intersectional feminisms,3,other
intersectional discrimination,3,other
intersectional approaches,3,other
debates gender,3,other
introduction sociology,3,other
intersecting rhetorics,3,other
iris murdoch,3,other
islamic republic,3,other
islam legal,3,other
islam human,3,other
isbn 8223,3,other
isbn 520,3,other
isabelle,3,other
isabel allende,3,other
dawn,3,other
irreconcilable differences,3,other
dc,3,other
debate women,3,other
iranian constitutional,3,other
iran women,3,other
deadline nov,3,other
ipv,3,other
iowa,3,other
involuntary celibates,3,other
investigate,3,other
investigación feminista,3,other
inventory,3,other
decolonial theory,3,other
intersecting inequalities,3,other
katharina,3,other
insufficient,3,other
intensive,3,other
intelligences,3,other
intellectuals,3,other
integrativa,3,other
degas,3,other
insurgent feminism,3,other
degas french,3,other
insurance,3,other
insult,3,other
instruments,3,other
intentionality,3,other
instrumentalization,3,other
instrumentalism feminism,3,other
instrumentalism,3,other
institutions higher,3,other
degree doctor,3,other
institutional ethnography,3,other
institute social,3,other
inspirations,3,other
insider outsider,3,other
intensive care,3,other
inter american,3,other
interseccionalidade,3,other
international journal,3,other
interplay gender,3,other
internet use,3,other
internet feminism,3,other
decomposition,3,other
deconstructed,3,other
international trade,3,other
international solidarity,3,other
international politics,3,other
deconstructive,3,other
deep ecology,3,other
interactionist,3,other
international criminal,3,other
deeper,3,other
internacionales,3,other
intergenerational feminism,3,other
default,3,other
interfaces,3,other
defeat,3,other
interdisciplinary feminism,3,other
interconnections,3,other
islamic revival,3,other
islamic revolution,3,other
islamism feminism,3,other
dangarembga,3,other
judy chicago,3,other
judith plaskow,3,other
judith evans,3,other
judith bennett,3,other
judaism resistance,3,other
judaism feminism,3,other
joyce gelb,3,other
joy dixon,3,other
dancers,3,other
joseph,3,other
julia franck,3,other
joni lovenduski,3,other
jong,3,other
jone salomonsen,3,other
jone,3,other
joint,3,other
joining,3,other
john dewey,3,other
johanna,3,other
joe,3,other
judy tzu,3,other
damsels,3,other
islamophobia extremism,3,other
justiça,3,other
kasus,3,other
karya dian,3,other
karen kampwirth,3,other
karen guth,3,other
dalam upaya,3,other
karcher,3,other
kara,3,other
kampwirth,3,other
kampus,3,other
justicia,3,other
damned,3,other
justice perspective,3,other
justice peace,3,other
justice human,3,other
justice education,3,other
justice critical,3,other
damaged,3,other
just war,3,other
jury,3,other
jurisprudence feminism,3,other
daniel,3,other
daniel deronda,3,other
jim,3,other
ithaca cornell,3,other
jako,3,other
jacqui,3,other
jacques,3,other
jacqueline,3,other
jackson,3,other
data work,3,other
ivory tower,3,other
ivory,3,other
ivf,3,other
italy 1960,3,other
jihad,3,other
databases,3,other
italian feminist,3,other
dataset,3,other
isu,3,other
istri,3,other
istanbul convention,3,other
issues african,3,other
dating violence,3,other
ism,3,other
james joyce,3,other
data journalism,3,other
janice,3,other
january,3,other
jia,3,other
dann,3,other
dann luna,3,other
jewish voices,3,other
jewish history,3,other
dans la,3,other
jennifer nash,3,other
jennie,3,other
jeanne riccoboni,3,other
jeanette winterson,3,other
jean elisabeth,3,other
je,3,other
jayne 2020,3,other
jayne,3,other
jay,3,other
darkness,3,other
darwinism,3,other
jasmin,3,other
das margaridas,3,other
gina,3,other
gilman architectural,3,other
literary left,3,other
feminism just,3,other
enjoyment sexualization,3,other
feminism light,3,other
feminism lesbianism,3,other
feminism lesbian,3,other
feminism legacy,3,other
feminism legacies,3,other
feminism leadership,3,other
ensler,3,other
feminism la,3,other
feminism judith,3,other
feminism lives,3,other
entanglement,3,other
feminism john,3,other
feminism jewish,3,other
feminism jane,3,other
enter,3,other
feminism issue,3,other
feminism israel,3,other
feminism islamism,3,other
entertainment industry,3,other
enjoyment,3,other
feminism look,3,other
entrepreneurial ecosystems,3,other
feminism medical,3,other
feminism music,3,other
feminism museums,3,other
feminism museum,3,other
feminism moving,3,other
feminism movie,3,other
feminism movements,3,other
england 1850,3,other
feminism militarism,3,other
england cambridge,3,other
feminism measure,3,other
englishwoman review,3,other
feminism meaning,3,other
english speaking,3,other
feminism marxist,3,other
english studies,3,other
english textbooks,3,other
feminism maria,3,other
feminism marginalized,3,other
englishwoman,3,other
feminism main,3,other
entre las,3,other
feminism inter,3,other
engendered,3,other
equalities,3,other
epidemic,3,other
epidemiology,3,other
feminism free,3,other
feminism franchise,3,other
feminism focusing,3,other
feminism films,3,other
feminism field,3,other
feminism fertility,3,other
feminism feminisms,3,other
equality civil,3,other
epic,3,other
feminism fandom,3,other
feminism fame,3,other
feminism fall,3,other
feminism expression,3,other
feminism expressed,3,other
equality gender,3,other
feminism exploration,3,other
equality policies,3,other
feminism eugenics,3,other
feminism freud,3,other
ephemeral,3,other
feminism intellectual,3,other
feminism housewife,3,other
feminism integration,3,other
feminism innovation,3,other
feminism influence,3,other
feminism incurably,3,other
feminism inclination,3,other
feminism implications,3,other
entries,3,other
environmental conservation,3,other
environmental health,3,other
feminism honor,3,other
feminism germany,3,other
environmental humanities,3,other
environmental management,3,other
feminism hashtag,3,other
feminism haitian,3,other
feminism greenwich,3,other
feminism governance,3,other
environmental policy,3,other
environmental politics,3,other
feminism glass,3,other
feminism myth,3,other
engels,3,other
feminisms academy,3,other
feminism students,3,other
feminism textual,3,other
feminism technology,3,other
empowerment feminism,3,other
feminism symbolic,3,other
feminism sweden,3,other
feminism surrounding,3,other
feminism subversion,3,other
feminism subjectivity,3,other
feminism studies,3,other
feminism student,3,other
feminism thinking,3,other
feminism soviet,3,other
feminism source,3,other
feminism solidarity,3,other
feminism sociology,3,other
feminism socially,3,other
feminism sisterhood,3,other
feminism silence,3,other
feminism short,3,other
feminism shadow,3,other
feminism theologies,3,other
feminism tracing,3,other
feminism seen,3,other
feminism voluntary,3,other
emmanuel,3,other
emmanuel levinas,3,other
feminism yugoslavia,3,other
feminism youth,3,other
emotionally,3,other
emphasis,3,other
empire building,3,other
feminism web,3,other
feminism wake,3,other
feminism voice,3,other
feminism transformation,3,other
empires,3,other
feminism vegetarianism,3,other
feminism utopia,3,other
feminism uncertainty,3,other
feminism tv,3,other
feminism tunisia,3,other
empoderamento,3,other
empoderamiento,3,other
feminism transgender,3,other
feminism seventeenth,3,other
feminism scp,3,other
engaging power,3,other
feminism peru,3,other
endings,3,other
endometriosis,3,other
endorsement,3,other
feminism populism,3,other
feminism polygamist,3,other
feminism policy,3,other
feminism point,3,other
feminism pleasure,3,other
feminism phenomenology,3,other
feminism paradigm,3,other
feminism praxis,3,other
feminism overview,3,other
feminism orientalism,3,other
feminism organizational,3,other
feminism offer,3,other
feminism objectivity,3,other
feminism north,3,other
feminism nigeria,3,other
feminism nicaragua,3,other
feminism needs,3,other
feminism poststructuralism,3,other
feminism pre,3,other
en france,3,other
encounters transnational,3,other
feminism scholarship,3,other
feminism sandra,3,other
en tiempos,3,other
enablers,3,other
feminism response,3,other
feminism resources,3,other
enchantments,3,other
encore,3,other
feminism renaissance,3,other
feminism recasting,3,other
feminism privacy,3,other
feminism really,3,other
feminism real,3,other
encyclopedias,3,other
feminism psychological,3,other
feminism propaganda,3,other
feminism professionalization,3,other
feminism problems,3,other
endarkened feminisms,3,other
feminism privilege,3,other
equity justice,3,other
feminism ethical,3,other
feminism equal,3,other
european theater,3,other
europe united,3,other
fanaticism,3,other
fan fiction,3,other
family values,3,other
family sophie,3,other
european american,3,other
family leave,3,other
family gender,3,other
families feminism,3,other
familia,3,other
europe 19th,3,other
euthanasia,3,other
falls short,3,other
falls,3,other
fake,3,other
evangelicalism,3,other
fairer,3,other
eve ensler,3,other
fails,3,other
fading,3,other
fantasia,3,other
euro,3,other
factors influence,3,other
federal republic,3,other
female dominated,3,other
female consciousness,3,other
female beauty,3,other
female arab,3,other
fellini,3,other
felicia,3,other
fefu,3,other
feeling feminism,3,other
feedback,3,other
featuring,3,other
farc,3,other
fearful,3,other
faux feminism,3,other
fault,3,other
fatness,3,other
fatale,3,other
farrell,3,other
farmers,3,other
farmer,3,other
farhadi,3,other
factors influencing,3,other
factors affecting,3,other
equity science,3,other
experiences african,3,other
excessive,3,other
exchanges challenges,3,other
explain,3,other
exclusion women,3,other
experimentation,3,other
experiences social,3,other
experiences learning,3,other
experiences gender,3,other
experiences female,3,other
experienced,3,other
excellence,3,other
experience feminism,3,other
expectation,3,other
expansion,3,other
expanding boundaries,3,other
exemplar,3,other
expanded,3,other
exercise interdisciplinary,3,other
exeter,3,other
exiles,3,other
exploiting,3,other
examining feminism,3,other
facto,3,other
extra,3,other
everyday experience,3,other
facial,3,other
faces feminism,3,other
everyday production,3,other
fabrique,3,other
fables,3,other
extremism domestic,3,other
extreme right,3,other
extraordinary,3,other
expression activism,3,other
exploring influence,3,other
expressing,3,other
exposing,3,other
exposed,3,other
exporting,3,other
exploring social,3,other
exploring role,3,other
exploring relationships,3,other
exploring limits,3,other
exploring intersectionality,3,other
female entrepreneurs,3,other
female experience,3,other
female friendship,3,other
essentially,3,other
feminism dance,3,other
feminism creation,3,other
feminism counter,3,other
feminism contradiction,3,other
feminism constructing,3,other
feminism consciousness,3,other
essential texts,3,other
feminism colombia,3,other
essentialist,3,other
essentially speaking,3,other
feminism decadence,3,other
est la,3,other
establishing,3,other
feminism censorship,3,other
feminism celebrity,3,other
feminism catherine,3,other
feminism caryl,3,other
feminism built,3,other
feminism brazilian,3,other
feminism book,3,other
feminism dark,3,other
feminism decolonization,3,other
female gothic,3,other
erratum,3,other
feminism epistemological,3,other
equity social,3,other
era globalization,3,other
feminism engendering,3,other
feminism engaging,3,other
feminism emily,3,other
feminism embodiment,3,other
feminism embodied,3,other
feminism einav,3,other
escaping,3,other
feminism developing,3,other
escholarship,3,other
feminism eastern,3,other
feminism dynamics,3,other
feminism dressing,3,other
feminism dr,3,other
feminism domesticity,3,other
feminism diversity,3,other
esl classroom,3,other
feminism dialogue,3,other
feminism bolshevik,3,other
feminism bodies,3,other
feminism biology,3,other
female victims,3,other
feminism 1960,3,other
feminism 1918,3,other
ethics boundary,3,other
ethics gender,3,other
feminis dalam,3,other
feminine subject,3,other
feminina,3,other
femenina,3,other
female youth,3,other
female teachers,3,other
feminism beyoncé,3,other
female subject,3,other
female student,3,other
female sex,3,other
ethiopian,3,other
female psychology,3,other
female leaders,3,other
female journalists,3,other
female identities,3,other
female homosexual,3,other
ethico politics,3,other
feminism abolition,3,other
feminism abya,3,other
feminism adult,3,other
feminism barbara,3,other
feminism avant,3,other
feminism arts,3,other
feminism articles,3,other
feminism aristotle,3,other
feminism arendt,3,other
et jasmin,3,other
feminism antifeminism,3,other
et la,3,other
feminism anarchism,3,other
et politique,3,other
eternal,3,other
feminism alternative,3,other
feminism alison,3,other
feminism alice,3,other
ethic care,3,other
ethical analysis,3,other
feminism affective,3,other
feminism affect,3,other
eminism,3,other
feminisms activisms,3,other
document,3,other
gender conflict,3,other
gender dimensions,3,other
gender dimension,3,other
echo,3,other
gender difference,3,other
gender curriculum,3,other
ecofeminism environmental,3,other
ecological feminist,3,other
gender crime,3,other
gender conscious,3,other
gender climate,3,other
gender disparities,3,other
gender caste,3,other
gender case,3,other
gender british,3,other
gender binaries,3,other
ecologism,3,other
gender australian,3,other
economic development,3,other
gender adolescent,3,other
economic growth,3,other
gender discourses,3,other
gender early,3,other
gazing,3,other
early american,3,other
dynamics women,3,other
gender injustice,3,other
dysfunction,3,other
gender implications,3,other
dysphoria,3,other
dystopia feminism,3,other
gender historical,3,other
gender genre,3,other
gender gaps,3,other
early modernism,3,other
gender edited,3,other
early nineteenth,3,other
gender ethnic,3,other
early years,3,other
gender equitable,3,other
earth world,3,other
gender environment,3,other
gender egalitarianism,3,other
gender egalitarian,3,other
east london,3,other
gelb,3,other
gaza,3,other
gender knowledge,3,other
funding,3,other
futuro,3,other
future research,3,other
future nursing,3,other
future liberal,3,other
edith wharton,3,other
editor note,3,other
editors note,3,other
fusion,3,other
edmondson,3,other
funded,3,other
editathon risd,3,other
edna pontellier,3,other
eds cambridge,3,other
eds new,3,other
educación física,3,other
fund,3,other
fully,3,other
fulfillment,3,other
frontlines,3,other
education challenges,3,other
edited elizabeth,3,other
ga,3,other
economist,3,other
edgar,3,other
gay fathers,3,other
gay displacement,3,other
gatens,3,other
gaslighting,3,other
gary kelly,3,other
garland,3,other
ecstasy demon,3,other
ecumenical,3,other
garcia,3,other
edgar degas,3,other
gadis,3,other
edged,3,other
edged sword,3,other
gamergate,3,other
game thrones,3,other
edinburgh edinburgh,3,other
gain,3,other
gagasan,3,other
edit thons,3,other
editathon,3,other
gender intersectional,3,other
gender management,3,other
feminisms aesthetics,3,other
genital surgeries,3,other
domestic war,3,other
geopolitical,3,other
dominican,3,other
doméstico,3,other
geographic,3,other
genus,3,other
don know,3,other
don like,3,other
genovese,3,other
donors brazil,3,other
domestic liberty,3,other
genevieve yue,3,other
genevieve,3,other
doping,3,other
doreen,3,other
generations women,3,other
double bind,3,other
double edged,3,other
generation women,3,other
dove,3,other
domestic space,3,other
gerakan sosial,3,other
dow,3,other
gets,3,other
does gender,3,other
gifts,3,other
gifted,3,other
does make,3,other
doesn feminism,3,other
ghetto,3,other
ghanaian women,3,other
dogs,3,other
doing justice,3,other
gesture,3,other
geraldine,3,other
geschlecht,3,other
gertrude stein,3,other
doing research,3,other
germany international,3,other
germany 1968,3,other
german feminisms,3,other
dolls,3,other
germaine greer,3,other
germaine,3,other
generated,3,other
doyle,3,other
gender mexican,3,other
gender recognition,3,other
gender sensitivity,3,other
drug use,3,other
gender science,3,other
du bois,3,other
gender resistance,3,other
gender research,3,other
gender replay,3,other
duchen,3,other
gender regime,3,other
gender queer,3,other
droit,3,other
gender public,3,other
dunham girls,3,other
duras,3,other
dust,3,other
gender oppression,3,other
duties women,3,other
gender neutrality,3,other
gender nato,3,other
gender modernity,3,other
gender sexualities,3,other
gender sport,3,other
drama freud,3,other
gendered identities,3,other
genealogical critique,3,other
drama series,3,other
gendering past,3,other
gendering melancholia,3,other
gendering green,3,other
dreaming,3,other
gendered spaces,3,other
dreams trespass,3,other
gendered identity,3,other
gendered experiences,3,other
driving,3,other
gendered effects,3,other
gendered discourse,3,other
gendered constructions,3,other
gendered bodies,3,other
dreier,3,other
dreier robins,3,other
gender translation,3,other
gender transformative,3,other
drivers,3,other
fronteras,3,other
education curriculum,3,other
freud female,3,other
feminist organizing,3,other
feminist revolution,3,other
feminist review,3,other
eliot feminism,3,other
elisabeth pedersen,3,other
feminist planning,3,other
feminist pioneer,3,other
elizabeth feminism,3,other
feminist performance,3,other
feminist orientations,3,other
feminist organizational,3,other
eli,3,other
feminist organization,3,other
feminist model,3,other
feminist mobilization,3,other
feminist literacy,3,other
feminist liberation,3,other
feminist liberalism,3,other
feminist judgments,3,other
elora,3,other
elsa,3,other
feminist rhetorics,3,other
elgar,3,other
feminist foucauldian,3,other
feminist visions,3,other
fernandes,3,other
fenomenologi,3,other
femme fatale,3,other
elderly,3,other
feminized,3,other
feminists new,3,other
eleanor,3,other
feminist writers,3,other
feminist world,3,other
feminist utopia,3,other
elephant,3,other
feminist understanding,3,other
feminist thoughts,3,other
feminist theorising,3,other
feminist texts,3,other
feminist testimony,3,other
feminist subject,3,other
feminist struggle,3,other
elena buszek,3,other
feminist space,3,other
feminist historical,3,other
feminist filmmaking,3,other
french women,3,other
feminisms federal,3,other
feminisms nationalisms,3,other
feminisms movement,3,other
feminisms media,3,other
feminisms matter,3,other
feminisms literature,3,other
feminisms la,3,other
feminisms interview,3,other
feminisms images,3,other
feminisms future,3,other
feminisms education,3,other
feminisms performance,3,other
feminisms ed,3,other
feminisms early,3,other
feminisms diversity,3,other
feminisms difference,3,other
feminisms decolonial,3,other
feminisms central,3,other
feminisms building,3,other
emerging research,3,other
feminisms age,3,other
feminisms obscure,3,other
feminisms postcolonialities,3,other
feminist economic,3,other
embodiments,3,other
feminist defense,3,other
feminist cinema,3,other
feminist body,3,other
feminist biography,3,other
embodied experiences,3,other
feminist biblical,3,other
feminist beliefs,3,other
feminist assessment,3,other
embodied practice,3,other
feminist alliances,3,other
feminisms psychologies,3,other
embodying feminism,3,other
embryos,3,other
feminisms world,3,other
emergence development,3,other
feminisms translation,3,other
feminisms south,3,other
feminisms research,3,other
feminisms reader,3,other
feminisms question,3,other
fernández,3,other
ferree,3,other
fertility control,3,other
edward elgar,3,other
fox genovese,3,other
educational change,3,other
fourth industrial,3,other
educational leadership,3,other
educational policy,3,other
foucauldian feminism,3,other
foucauldian discourse,3,other
educativa,3,other
forwards,3,other
fortress press,3,other
education teacher,3,other
edwardian england,3,other
formation gender,3,other
een,3,other
formación,3,other
form feminism,3,other
forget,3,other
forestry,3,other
foreign countries,3,other
foregrounding,3,other
fragment,3,other
frailty,3,other
fetish,3,other
francophone african,3,other
french philosophy,3,other
education institutions,3,other
french family,3,other
freedom choice,3,other
education marxist,3,other
franklin,3,other
frankie,3,other
frankenstein feminism,3,other
francophone women,3,other
education pedagogy,3,other
education study,3,other
francoist,3,other
francoism,3,other
franck,3,other
education perspective,3,other
frances willard,3,other
education policy,3,other
france 68,3,other
education social,3,other
frame feminism,3,other
ford,3,other
forced marriage,3,other
effects feminism,3,other
figurations,3,other
eksistensi perempuan,3,other
eksploitasi,3,other
film materiality,3,other
film little,3,other
film history,3,other
el caso,3,other
el cine,3,other
el discurso,3,other
figurative,3,other
fighters,3,other
football feminism,3,other
field women,3,other
fictional,3,other
fiction women,3,other
fiction new,3,other
fiction margaret,3,other
fiction feminist,3,other
fiction fact,3,other
fi,3,other
ffminisme,3,other
eksistensi,3,other
final girl,3,other
finding place,3,other
finding voice,3,other
effects women,3,other
folktales,3,other
focusing feminism,3,other
egg,3,other
flynn,3,other
flying,3,other
flux,3,other
flowers,3,other
flotow,3,other
ego,3,other
flirting,3,other
flanders,3,other
fixing,3,other
fitness doping,3,other
fishing,3,other
fischer,3,other
firsts,3,other
fiorenza,3,other
einav rabinovitch,3,other
crusade,3,other
halley split,3,other
margaret cavendish,3,other
moghissi,3,other
critical assessment,3,other
movimento,3,other
man genius,3,other
melancholia feminism,3,other
modernity feminism,3,other
manage,3,other
masculinism,3,other
melissa,3,other
management practices,3,other
melodrama,3,other
masculinidad en,3,other
membangun,3,other
masculinidad,3,other
maría lugones,3,other
managerialism,3,other
membering,3,other
natures,3,other
meets queer,3,other
contemporary spanish,3,other
meets postmodern,3,other
male victims,3,other
nawal al,3,other
male dominance,3,other
meditations feminism,3,other
medium,3,other
masculinities gender,3,other
male gaze,3,other
movements influences,3,other
critical condition,3,other
mammy,3,other
moves,3,other
maltreatment,3,other
mutually,3,other
navigation,3,other
masculinist,3,other
meets feminism,3,other
meets feminist,3,other
cosplay,3,other
cristina,3,other
manga,3,other
menarche,3,other
men studies,3,other
contemporary culture,3,other
manning berkeley,3,other
men violence,3,other
menangis,3,other
menangis kepada,3,other
nature difference,3,other
corps,3,other
correspondence,3,other
corporations,3,other
corporate university,3,other
modernism america,3,other
mentality,3,other
meps,3,other
marxist approach,3,other
mercado,3,other
men sexual,3,other
modernism bio,3,other
muslims coming,3,other
ms marvel,3,other
memory politics,3,other
mary lyndon,3,other
mary jayne,3,other
memory sacred,3,other
memory work,3,other
manhood womanhood,3,other
manifesting,3,other
manifestos,3,other
manning,3,other
manju,3,other
men bodies,3,other
men boys,3,other
mann,3,other
nation making,3,other
men gender,3,other
men health,3,other
masculinity allyship,3,other
malay,3,other
merging,3,other
meditations,3,other
lysistrata,3,other
ma harvard,3,other
counsellors,3,other
cow,3,other
contemporary arab,3,other
macro,3,other
movement media,3,other
myth feminism,3,other
media sex,3,other
mad men,3,other
madeleine,3,other
madeleine pelletier,3,other
movement new,3,other
madeline,3,other
madres,3,other
media technologies,3,other
madrid,3,other
lyrics,3,other
lyon,3,other
masyarakat,3,other
ne,3,other
luise von,3,other
coverage women,3,other
monographs,3,other
luta,3,other
neale hurston,3,other
neale,3,other
lynda birke,3,other
lyndon,3,other
context hiv,3,other
lyndon shanley,3,other
material culture,3,other
critical turn,3,other
media platforms,3,other
media popular,3,other
covert,3,other
media ready,3,other
madura,3,other
critical psychology,3,other
mass incarceration,3,other
medieval early,3,other
mask,3,other
medicine health,3,other
critical exploration,3,other
making social,3,other
molecular,3,other
nayla djenar,3,other
makings,3,other
critical education,3,other
masochism,3,other
nayla,3,other
movements global,3,other
mystique feminism,3,other
mohanty,3,other
mysticism ordinary,3,other
masculinity post,3,other
masculinity american,3,other
making meaning,3,other
molly dewson,3,other
mahasweta,3,other
make difference,3,other
contextual analysis,3,other
mahfouz,3,other
mass harvard,3,other
critical political,3,other
mass communication,3,other
nasser,3,other
mainstreaming gender,3,other
medical anthropology,3,other
making kin,3,other
maker,3,other
critical introduction,3,other
movement united,3,other
medicalization,3,other
making american,3,other
making connections,3,other
critical geography,3,other
mere,3,other
corpo,3,other
months,3,other
modern drama,3,other
contribution feminist,3,other
modern age,3,other
mulheres negras,3,other
multi generational,3,other
marie jeanne,3,other
multi party,3,other
minority ethnic,3,other
criminology project,3,other
marian,3,other
nationalist discourses,3,other
contribuciones,3,other
mise,3,other
moderate feminism,3,other
mise en,3,other
marginally,3,other
misinformation,3,other
contemporary literature,3,other
nationalist feminism,3,other
musician,3,other
marilley,3,other
miners,3,other
mark twain,3,other
mimpi sejuta,3,other
criminalisation,3,other
mina,3,other
marenne,3,other
nationality,3,other
mindset,3,other
minh,3,other
modern america,3,other
minh ha,3,other
modern britain,3,other
marino chapel,3,other
contemporary narratives,3,other
ministry,3,other
marino,3,other
modern american,3,other
marginalized groups,3,other
misogynistic,3,other
misogynoir,3,other
muse feminism,3,other
margaret simons,3,other
contemporary indian,3,other
municipal,3,other
marge piercy,3,other
munro,3,other
murdoch,3,other
murphy,3,other
margaret thatcher,3,other
mums,3,other
mitterrand,3,other
contemporary europe,3,other
margarita,3,other
mixed method,3,other
mizrahi,3,other
moana,3,other
margaridas,3,other
mundane,3,other
margery,3,other
multiethnic,3,other
model immune,3,other
crise,3,other
margaret dreier,3,other
multifaceted,3,other
contradictions feminism,3,other
multimedia,3,other
missed,3,other
contradictions contestations,3,other
mississippi,3,other
margin center,3,other
margaret fuller,3,other
mit press,3,other
mobilizing piety,3,other
margaret kirkham,3,other
multispecies justice,3,other
mumbai,3,other
margaret mccarthy,3,other
mimi,3,other
marcha das,3,other
creates,3,other
millennial feminism,3,other
methodology oppressed,3,other
methodology social,3,other
cooptation feminism,3,other
cooptation,3,other
cooperative,3,other
continent,3,other
metoo weinstein,3,other
mexican american,3,other
mexican feminisms,3,other
mexican women,3,other
cooke,3,other
marta,3,other
mez,3,other
crisis london,3,other
mi,3,other
modern orthodoxy,3,other
convivial,3,other
methodology feminism,3,other
muslim societies,3,other
creatures,3,other
creation feminist,3,other
merry riana,3,other
manufacture,3,other
cornell accommodation,3,other
modern world,3,other
marx capital,3,other
metamorphosis,3,other
manuscripts,3,other
creative writing,3,other
methodological considerations,3,other
maoist,3,other
core concepts,3,other
metaphysical,3,other
copyright law,3,other
metaverse,3,other
creators,3,other
method study,3,other
constructivist grounded,3,other
michel foucault,3,other
modern middle,3,other
conventional,3,other
marks,3,other
crime drama,3,other
migration studies,3,other
continents,3,other
contemporary performance,3,other
miles,3,other
milieu,3,other
convention rights,3,other
crime control,3,other
marked,3,other
militant feminisms,3,other
convent,3,other
millenium,3,other
modern english,3,other
construction women,3,other
modern england,3,other
marlene,3,other
marcha,3,other
constructivism feminism,3,other
middle ages,3,other
construction social,3,other
modern literary,3,other
micropolitics,3,other
mapuche,3,other
marshall,3,other
mid nineteenth,3,other
crisis feminism,3,other
midnight,3,other
migration research,3,other
midst,3,other
muslim feminist,3,other
national development,3,other
mars,3,other
conventions,3,other
migration feminism,3,other
marriage women,3,other
luise,3,other
nathalie,3,other
media makers,3,other
liz,3,other
maternal body,3,other
lou andreas,3,other
critique feminist,3,other
motif,3,other
maylei,3,other
maybe,3,other
loss renaissance,3,other
contemporáneas,3,other
narrative feminism,3,other
narrative feminist,3,other
nairobi kenya,3,other
los movimientos,3,other
max,3,other
lo que,3,other
movement gender,3,other
motives,3,other
critique materialist,3,other
local feminism,3,other
critique neoliberal,3,other
maud,3,other
lope vega,3,other
maternal age,3,other
contention,3,other
looking worlds,3,other
mother child,3,other
movement late,3,other
constructing gender,3,other
morning,3,other
love sale,3,other
meaning making,3,other
crossing meditations,3,other
media gender,3,other
cousins,3,other
materializing,3,other
media framing,3,other
naomi zack,3,other
media feminist,3,other
movement katherine,3,other
lives women,3,other
lives works,3,other
media feminisms,3,other
consumerist,3,other
moses,3,other
mothers children,3,other
mccarthy,3,other
maylei blackwell,3,other
lope,3,other
local government,3,other
morality feminism,3,other
movement 1968,3,other
cross cultures,3,other
movement case,3,other
mattering,3,other
consumer behavior,3,other
logan,3,other
namita,3,other
media analysis,3,other
media case,3,other
naming shrew,3,other
matrilineal,3,other
london duke,3,other
lolita,3,other
course lecture,3,other
counter hegemonic,3,other
course guides,3,other
contempt,3,other
cross dressing,3,other
media cultural,3,other
london bloomsbury,3,other
contending,3,other
mother nature,3,other
movement black,3,other
cross border,3,other
looking glass,3,other
crooked,3,other
critique political,3,other
look like,3,other
counter conduct,3,other
local knowledge,3,other
mother earth,3,other
look feminism,3,other
critique poststructuralist,3,other
motherhood reconceived,3,other
maternidad,3,other
locality,3,other
matthew,3,other
longitudinal study,3,other
media event,3,other
long live,3,other
mathematical,3,other
critiquing,3,other
nam,3,other
courage,3,other
locational,3,other
matilda,3,other
london zed,3,other
crossley,3,other
mother psychoanalysis,3,other
mean girl,3,other
criticality,3,other
crouching tiger,3,other
literature periodical,3,other
country women,3,other
moralism,3,other
narrativa,3,other
lucha,3,other
live hip,3,other
couture,3,other
narrativity,3,other
counting,3,other
material feminisms,3,other
covenant,3,other
literature gender,3,other
movement latin,3,other
little bit,3,other
crossroad,3,other
nair,3,other
contemporánea,3,other
mcrobbie aftermath,3,other
lover,3,other
lovenduski,3,other
mean feminist,3,other
criticism section,3,other
narrator,3,other
literary translation,3,other
lughod,3,other
cruelty,3,other
acceptability,2,other
age transnationalism,2,other
feminist writings,2,other
age sexual,2,other
nursing development,2,other
note feminism,2,other
emotionality,2,other
feminism woolf,2,other
agricultural development,2,other
feministyczny,2,other
feminist solidarities,2,other
feminist sociology,2,other
elephant room,2,other
feminism word,2,other
feminity,2,other
age sex,2,other
elders,2,other
age samoa,2,other
feminist spirituality,2,other
feminism twilight,2,other
feminist sport,2,other
agreements,2,other
agrarian feminism,2,other
aged women,2,other
feminist statement,2,other
aged woman,2,other
consumption feminism,2,other
académica,2,other
notation,2,other
confessions feminist,2,other
ny cornell,2,other
emperor new,2,other
feminism william,2,other
feminists non,2,other
accent,2,other
feminists social,2,other
feminism ubuntu,2,other
feminists versus,2,other
feminism typology,2,other
acceptance online,2,other
empathic,2,other
abuse feminist,2,other
feministycznej,2,other
feminist spring,2,other
feminism womanhood,2,other
emotional intelligence,2,other
emotional geographies,2,other
feminist sexual,2,other
ahluwalia,2,other
femme artiste,2,other
feminism zillah,2,other
ai critical,2,other
nye,2,other
feminism zulu,2,other
femme theory,2,other
employment flexible,2,other
ai generated,2,other
feminist rhetoric,2,other
elder,2,other
nursery,2,other
emma watson,2,other
nurse midwives,2,other
contained empowerment,2,other
eliminating,2,other
feminisme modern,2,other
femmes sur,2,other
femminile,2,other
femminista,2,other
feminist resilience,2,other
feminisme psikoanalisis,2,other
feminismen,2,other
northern province,2,other
elimination,2,other
feminist reception,2,other
feminism zapatista,2,other
accession,2,other
age postfeminism,2,other
nyai,2,other
abuse feminism,2,other
feminist service,2,other
condorcet,2,other
access 2017,2,other
access participation,2,other
nurses ethical,2,other
norton 2021,2,other
emotional experiences,2,other
feminization poverty,2,other
age new,2,other
feminization resistance,2,other
emotional capital,2,other
feminism worlds,2,other
emojis,2,other
ny doubleday,2,other
feminist scholars,2,other
feminism years,2,other
elderly women,2,other
feminist ritual,2,other
feminizmler,2,other
feminism yesterday,2,other
emocional,2,other
nancy drew,2,other
nana,2,other
narrate,2,other
academic work,2,other
ageing popular,2,other
feminism underground,2,other
confidence women,2,other
feminist visibilities,2,other
feminism victim,2,other
feminism victimology,2,other
feminist utopias,2,other
nutritional status,2,other
feminism unification,2,other
feminista women,2,other
feminism video,2,other
agency post,2,other
empires global,2,other
agency new,2,other
nutritional,2,other
feminist twitter,2,other
election campaigns,2,other
feminist travels,2,other
academic 2022,2,other
electoral costs,2,other
feministas la,2,other
empire women,2,other
academic careers,2,other
feminist transformations,2,other
feminist trans,2,other
feminism virtue,2,other
feminism vision,2,other
feminist traditions,2,other
empire review,2,other
election campaign,2,other
feminism veronica,2,other
agency victim,2,other
ageing fiction,2,other
feminism value,2,other
agenda women,2,other
nwapa,2,other
feminism universalism,2,other
employability,2,other
feminist zines,2,other
feminism urban,2,other
agenda sustainable,2,other
agenda research,2,other
agent,2,other
nw arkansas,2,other
feminist workshop,2,other
abusive,2,other
electoral behaviour,2,other
agenda feminism,2,other
feminism urbana,2,other
agenda change,2,other
feminism ussr,2,other
agentic,2,other
agentic practice,2,other
agenda afghanistan,2,other
elective,2,other
feminist witnessing,2,other
feminista descolonial,2,other
feminista método,2,other
electoral campaigns,2,other
configurations,2,other
nw,2,other
feministic analysis,2,other
feminism unhappy,2,other
feministic perspective,2,other
academic medicine,2,other
agnès varda,2,other
feministischer,2,other
condom,2,other
agency empowerment,2,other
feminists campaign,2,other
feminists critical,2,other
agency digital,2,other
feminism vote,2,other
feminism vs,2,other
feminism vulnerability,2,other
feminist struggles,2,other
notable,2,other
ageing women,2,other
feminism want,2,other
empire feminisms,2,other
academic press,2,other
contemporary drama,2,other
academic research,2,other
empire critique,2,other
feminists global,2,other
academic spaces,2,other
feminism waves,2,other
nursing profession,2,other
abuse social,2,other
employment crisis,2,other
feminism way,2,other
agrarian change,2,other
abuse troubled,2,other
feminist stylistics,2,other
feminism unfinished,2,other
feminist theologies,2,other
electric,2,other
electronic music,2,other
feminist think,2,other
aggressive,2,other
electronic sources,2,other
condom use,2,other
elementary education,2,other
academic practice,2,other
agency narrative,2,other
agency mental,2,other
emin,2,other
elementary secondary,2,other
feminism volume,2,other
feministische,2,other
agnes smedley,2,other
feministic study,2,other
agnès,2,other
agency lake,2,other
agency identity,2,other
feminist theatres,2,other
consuming medicine,2,other
contemporary english,2,other
nurture,2,other
feminist teaching,2,other
feminist submissive,2,other
nurturance,2,other
feminism voicelessness,2,other
contemporain,2,other
emily allen,2,other
feminismo brasileiro,2,other
feminisms past,2,other
novels shashi,2,other
feminist degrowth,2,other
feminist development,2,other
feminist dialogue,2,other
feminisms old,2,other
advance intersectional,2,other
novel entrok,2,other
feminist diplomacy,2,other
feminist directions,2,other
feminist disability,2,other
emancipation ownership,2,other
feminist doing,2,other
feminist ecofeminism,2,other
emergence independent,2,other
novel feminism,2,other
emancipation philippines,2,other
emancipatory rural,2,other
feminist couple,2,other
feminist conjunctions,2,other
emergence global,2,other
embodied cultural,2,other
feminist conservative,2,other
embodied ai,2,other
feminist counselling,2,other
embedding,2,other
feminist data,2,other
embeddedness,2,other
embedded feminism,2,other
feminist cross,2,other
feminist culture,2,other
feminisms perspectives,2,other
feminist cyber,2,other
novels written,2,other
feminist encounters,2,other
novel critical,2,other
feminist framework,2,other
novel aku,2,other
advent,2,other
novos,2,other
novel aisyah,2,other
novel 1890s,2,other
feminist foundations,2,other
elana arnold,2,other
feminisms mediated,2,other
feminisms leisure,2,other
feminist framing,2,other
feminist future,2,other
feminisms legacies,2,other
feminist gender,2,other
elshtain,2,other
contemporary australia,2,other
feminisms middle,2,other
feminist engagements,2,other
feminist ethnography,2,other
novel bodies,2,other
em rede,2,other
feminist era,2,other
feminist essays,2,other
advancing feminism,2,other
em ciências,2,other
feminist exploring,2,other
feminisms millennium,2,other
feminist failure,2,other
feminisms motion,2,other
feminist feminist,2,other
feminist field,2,other
elvira,2,other
feminisms modernity,2,other
feminisms post,2,other
embodied experience,2,other
novel indonesia,2,other
feminisms rhetorics,2,other
novel safe,2,other
feminist activisms,2,other
embryo,2,other
emergence feminist,2,other
feminisms sexuality,2,other
embracing divine,2,other
feminisms rhetoric,2,other
feminisms sport,2,other
novel tarian,2,other
feminist alliance,2,other
novel thousand,2,other
feminist allies,2,other
feminisms rethinking,2,other
feminist ambivalence,2,other
feminisms spirituality,2,other
feminist accountability,2,other
novel woman,2,other
novel northanger,2,other
feminisms volume,2,other
novel perspectives,2,other
feminisms young,2,other
feminisms understand,2,other
feminismus postkolonialen,2,other
conference university,2,other
feminismus und,2,other
feminisms stage,2,other
feminisms trans,2,other
feminisn,2,other
feminisms study,2,other
feminist academic,2,other
feminist academics,2,other
feminist account,2,other
embodying critical,2,other
embodiment sexuality,2,other
feminisms postmodern,2,other
feminist clinic,2,other
novels authorized,2,other
feminist black,2,other
feminist care,2,other
novel karya,2,other
feminist china,2,other
novels margaret,2,other
feminist college,2,other
novels anita,2,other
feminist comedy,2,other
adoption policy,2,other
feminist communities,2,other
adorno culture,2,other
feminisms public,2,other
novel jane,2,other
feminisms racism,2,other
conference feminisms,2,other
adolescent female,2,other
feminist arab,2,other
feminist antifeminist,2,other
adolescent feminist,2,other
feminist appraisal,2,other
novel merry,2,other
novela,2,other
feminist appropriation,2,other
feminist argument,2,other
adopted,2,other
embodied pedagogy,2,other
feminisms reconstructing,2,other
feminist backlash,2,other
adonara,2,other
contemporary arabic,2,other
novel kathryn,2,other
feminist hermeneutics,2,other
feminisms law,2,other
advertising feminism,2,other
feminisms challenging,2,other
feminist paradigm,2,other
feminisms confronting,2,other
feminist paradigms,2,other
feminisms collide,2,other
feminist past,2,other
feminist peace,2,other
feminist pedagogical,2,other
feminisms conversations,2,other
elizabeth gurley,2,other
feminisms challenges,2,other
notre dame,2,other
cone,2,other
feminisms borders,2,other
feminisms belle,2,other
emerging perspectives,2,other
emerging muslim,2,other
elizabeth francis,2,other
feminist north,2,other
feminist narratology,2,other
nouvelle,2,other
nouveau,2,other
feminisms diasporas,2,other
feminist nationalism,2,other
feminist nonfeminist,2,other
feminist novelist,2,other
feminisms czech,2,other
feminist old,2,other
nueva,2,other
nuevo,2,other
contemporary city,2,other
feminist orientation,2,other
nourishment,2,other
confessing,2,other
elizabeth fox,2,other
elizabeth johnson,2,other
feminist radical,2,other
feminist print,2,other
feminist psychologists,2,other
elisabeth schüssler,2,other
contemporary discourses,2,other
feminist questions,2,other
emilia pardo,2,other
feminismo una,2,other
emerging trends,2,other
feminismo negro,2,other
emilie,2,other
feminist reader,2,other
feminismo interseccional,2,other
nurse midwifery,2,other
feminist readings,2,other
emilia,2,other
feminist principles,2,other
numbers trouble,2,other
feminist postmodern,2,other
named,2,other
contemporary debates,2,other
notice english,2,other
elizabeth davies,2,other
feminist postdigital,2,other
feminist posthuman,2,other
emerald,2,other
elite female,2,other
notes gender,2,other
feminisms academia,2,other
feminist poststructural,2,other
feminist poststructuralism,2,other
elites,2,other
feminisms 2003,2,other
nouvelle vague,2,other
feminist narrative,2,other
novel 1880,2,other
feminist judging,2,other
feminisms indonesia,2,other
ellis,2,other
feminist interventions,2,other
elliot,2,other
eller,2,other
feminist journalism,2,other
feminisms india,2,other
feminist internet,2,other
contemporary challenges,2,other
ellen key,2,other
feminist knowledges,2,other
feminist language,2,other
feminist learning,2,other
ellen case,2,other
ellison,2,other
ellison sociological,2,other
ellen carol,2,other
feminist icon,2,other
contemporary african,2,other
feminist heterosexuality,2,other
noël,2,other
feminisms internationalisms,2,other
feminisms international,2,other
feminist humor,2,other
feminist ideals,2,other
feminist institutionalist,2,other
feminist identifications,2,other
elora halim,2,other
feminist ideologies,2,other
elmahdy,2,other
feminist indigenous,2,other
feminist insights,2,other
feminisms implications,2,other
feminist lgbtiqa,2,other
elizabeth vallance,2,other
naked face,2,other
feminisms ethics,2,other
feminisms empowerment,2,other
elizabethan,2,other
feminist memory,2,other
feminist method,2,other
feminisms el,2,other
feminist methods,2,other
feminisms exhibitions,2,other
nuclear activism,2,other
nudity,2,other
feminist models,2,other
nouvelles,2,other
elizabeth weed,2,other
feminisms east,2,other
feminist materialisms,2,other
feminisms exploring,2,other
novas,2,other
emergent feminist,2,other
feminisms humanization,2,other
feminisms historical,2,other
nuanced,2,other
emergence new,2,other
emergency,2,other
feminisms french,2,other
feminisms feminism,2,other
contemporaines,2,other
feminist life,2,other
feminist lifestyle,2,other
confederalism,2,other
ella lyman,2,other
feminist look,2,other
feminist magazine,2,other
femtech,2,other
cruise,2,other
oakland,2,other
sporting body,2,other
fulfillment altered,2,other
education care,2,other
sports physical,2,other
old testament,2,other
sports gender,2,other
education canada,2,other
sports fans,2,other
sports clubs,2,other
american philosophers,2,other
american philosophy,2,other
sport fitness,2,other
sport studies,2,other
sport sociology,2,other
función,2,other
sport reflections,2,other
sport physical,2,other
functioning,2,other
old woman,2,other
sport journal,2,other
fund pursuit,2,other
conceptual tool,2,other
spousal,2,other
sprague,2,other
sprague mitchell,2,other
stack feminism,2,other
stack,2,other
stability,2,other
stabile,2,other
fsp,2,other
fsp 163,2,other
fuchs,2,other
srinivasan right,2,other
srinivasan,2,other
american patriotism,2,other
american perspective,2,other
squatting,2,other
fuck,2,other
fugue,2,other
spring women,2,other
spring meeting,2,other
american perspectives,2,other
spreading,2,other
fujiwara,2,other
sport france,2,other
fundaciones,2,other
fruits,2,other
spigel janet,2,other
american students,2,other
funding feminism,2,other
funds,2,other
fungal,2,other
spinsters,2,other
spinster,2,other
spinoza feminist,2,other
funk,2,other
americanization,2,other
spigel,2,other
american poetry,2,other
spiegel,2,other
sphinx,2,other
spheres feminism,2,other
funny feminism,2,other
sphere feminism,2,other
sphere anne,2,other
amherst,2,other
spending,2,other
speech silence,2,other
spiritual activism,2,other
conceptual analysis,2,other
spiritual history,2,other
spiritualism,2,other
sport exploring,2,other
fundaciones contingentes,2,other
old women,2,other
conceptual framework,2,other
conceptual contextual,2,other
spoke snakish,2,other
fundamentalism gender,2,other
fundamentalism women,2,other
fundamentalisms,2,other
spoil girls,2,other
spoil,2,other
fundamentalist,2,other
american popular,2,other
american protest,2,other
american scholarship,2,other
american second,2,other
spleen,2,other
fundamentals,2,other
spirituality women,2,other
frustration,2,other
fruit,2,other
feral,2,other
old boundaries,2,other
education girls,2,other
education females,2,other
conceptualising women,2,other
state violence,2,other
education family,2,other
state theory,2,other
state sponsored,2,other
state socialist,2,other
state responses,2,other
friday,2,other
friedrich schleiermacher,2,other
state politics,2,other
friday essay,2,other
state nasser,2,other
education culture,2,other
friedan feminine,2,other
friedan making,2,other
american feminists,2,other
state context,2,other
friedman,2,other
american eco,2,other
contemporary spinsters,2,other
states 1896,2,other
states 1945,2,other
education management,2,other
freedom care,2,other
status rural,2,other
freedom expression,2,other
status family,2,other
american dance,2,other
freedom late,2,other
statistics data,2,other
education introduction,2,other
okky,2,other
states today,2,other
states recent,2,other
states race,2,other
education international,2,other
states injury,2,other
okky madasari,2,other
states feminism,2,other
states analysis,2,other
education inquiry,2,other
friedrich,2,other
stasis,2,other
american muslim,2,other
frontline workers,2,other
standard bearer,2,other
american literary,2,other
stand ironing,2,other
old lady,2,other
american media,2,other
frontier feminism,2,other
education case,2,other
american migrants,2,other
frontline feminism,2,other
stakeholders,2,other
startup,2,other
stake,2,other
frontlines change,2,other
staging international,2,other
frost,2,other
staging don,2,other
frug,2,other
american mothers,2,other
frug postmodern,2,other
stage labour,2,other
american life,2,other
american lesbian,2,other
standing way,2,other
standpoint feminism,2,other
american fifties,2,other
american foreign,2,other
american girl,2,other
friend judith,2,other
stardust,2,other
stardom,2,other
education considering,2,other
education china,2,other
stanton feminist,2,other
friendship dislocating,2,other
fringe,2,other
frog,2,other
american horror,2,other
american indian,2,other
stanford calif,2,other
stanford ca,2,other
american japanese,2,other
fromm,2,other
fronde,2,other
speech indonesian,2,other
amherst university,2,other
speculative turn,2,other
contemporary tv,2,other
sourcebook,2,other
analysis anti,2,other
sounds,2,other
sound gender,2,other
contemporary turkey,2,other
gap feminism,2,other
soul feminism,2,other
gap france,2,other
sosiologi,2,other
contemporary uk,2,other
analysis business,2,other
sort,2,other
sorrow,2,other
online networks,2,other
sorban movie,2,other
gardens,2,other
gardens dunes,2,other
sophocles anouilh,2,other
online political,2,other
sophists,2,other
analyses men,2,other
gangoli,2,other
games gender,2,other
analizi,2,other
anagol,2,other
south western,2,other
south wales,2,other
south vietnam,2,other
south north,2,other
gallop,2,other
galtung,2,other
south introduction,2,other
online conversations,2,other
south global,2,other
south feminism,2,other
south end,2,other
south eastern,2,other
online discussions,2,other
analisis hermeneutika,2,other
analisis pendekatan,2,other
south america,2,other
contemporary theories,2,other
contemporary trends,2,other
garrard,2,other
gas,2,other
speculative feminism,2,other
gayatri chakravorty,2,other
solitary,2,other
solidarity transnational,2,other
solidarity strangers,2,other
solidarity resistance,2,other
analysis inclusion,2,other
gay studies,2,other
solidarity africa,2,other
solidarity activism,2,other
analysis influence,2,other
gayatri spivak,2,other
online sentiment,2,other
gayl,2,other
gayl jones,2,other
analysis john,2,other
gays,2,other
gays constitution,2,other
conceptions feminism,2,other
gaze theory,2,other
gazes,2,other
analysis lay,2,other
solitudes,2,other
gay straight,2,other
analysis impact,2,other
analysis future,2,other
sook,2,other
gate origins,2,other
analysis collaboration,2,other
sonic,2,other
sonia saldívar,2,other
online social,2,other
gateway,2,other
gatherings,2,other
gay community,2,other
online spaces,2,other
somebody,2,other
online understanding,2,other
gay male,2,other
somaesthetics cultures,2,other
somaesthetics,2,other
gay people,2,other
solving,2,other
solve,2,other
online women,2,other
gallants manners,2,other
southeastern,2,other
ana castillo,2,other
speak women,2,other
spears,2,other
speaks american,2,other
future business,2,other
speaking speaking,2,other
speaking feminist,2,other
amish,2,other
speaking christian,2,other
future critical,2,other
future early,2,other
future edited,2,other
gallants,2,other
concepts measurement,2,other
spck 1991,2,other
oliver,2,other
future happened,2,other
future history,2,other
olivia,2,other
spartans brothel,2,other
spartans,2,other
contemporary television,2,other
amin,2,other
special collection,2,other
special education,2,other
special focus,2,other
ami,2,other
furious,2,other
furs,2,other
spectre,2,other
spectral,2,other
specters,2,other
fury road,2,other
fusing,2,other
spectacular,2,other
spectacle feminism,2,other
amia,2,other
amia srinivasan,2,other
fusing amputated,2,other
concepts methods,2,other
specialized,2,other
future asian,2,other
special section,2,other
amid covid,2,other
amidst,2,other
contemporary theatre,2,other
future scenarios,2,other
futures anthropocene,2,other
féminisme noir,2,other
féminismes et,2,other
space invaders,2,other
om,2,other
space french,2,other
space feminist,2,other
för,2,other
space antiracist,2,other
onda,2,other
gabler,2,other
soviet society,2,other
soviet silent,2,other
contemporary theology,2,other
gagasan feminisme,2,other
sovereign,2,other
gail,2,other
online communities,2,other
southern feminisms,2,other
southern cone,2,other
southern black,2,other
space social,2,other
féminisme décolonial,2,other
futurist,2,other
olympic women,2,other
spanish state,2,other
spanish manosphere,2,other
spanish far,2,other
spanish civil,2,other
spanish cinema,2,other
futurities,2,other
spain feminist,2,other
olympic games,2,other
spaces woolf,2,other
féminine,2,other
spaces wave,2,other
spaces resistance,2,other
spaces practices,2,other
spaces places,2,other
spaces new,2,other
spaces higher,2,other
spaces gender,2,other
féminins,2,other
spaces belonging,2,other
stay home,2,other
american century,2,other
freedman,2,other
alma,2,other
forschung,2,other
study development,2,other
forster,2,other
study chimamanda,2,other
study british,2,other
study black,2,other
study australian,2,other
study abroad,2,other
allá del,2,other
studies violence,2,other
forward looking,2,other
studies university,2,other
studies turkey,2,other
studies teachers,2,other
studies symposium,2,other
fortune,2,other
oeconomicus,2,other
studies students,2,other
studies stories,2,other
studies resources,2,other
forms feminism,2,other
study family,2,other
forming performing,2,other
forming feminisms,2,other
alliance feminism,2,other
octavia butler,2,other
forget endarkened,2,other
efas economics,2,other
efas,2,other
forgotten feminist,2,other
eesti,2,other
form resistance,2,other
eeo,2,other
contemporary music,2,other
study islamic,2,other
formative,2,other
study influence,2,other
study indonesian,2,other
study impact,2,other
study ideas,2,other
study health,2,other
oddie,2,other
ally mcbeal,2,other
studies research,2,other
studies reflections,2,other
students use,2,other
studies china,2,other
foucault ethics,2,other
foucault explorations,2,other
studies courses,2,other
foucault politics,2,other
studies contemporary,2,other
studies comparative,2,other
fought,2,other
foundational,2,other
studies classes,2,other
studies brazilian,2,other
studies pursuit,2,other
studies black,2,other
educational practices,2,other
studies africa,2,other
studies academy,2,other
studies 101,2,other
offender,2,other
studi tentang,2,other
founding feminisms,2,other
studi fenomenologi,2,other
studies disability,2,other
studies early,2,other
foucault embodied,2,other
educational value,2,other
studies programs,2,other
studies problem,2,other
oedipal,2,other
studies politics,2,other
studies online,2,other
educativo,2,other
studies modernity,2,other
studies lessons,2,other
studies learning,2,other
studies key,2,other
studies introduction,2,other
almanac,2,other
studies international,2,other
studies india,2,other
alpha,2,other
studies historical,2,other
contemporary neoliberal,2,other
oeuvre,2,other
studies essential,2,other
forever young,2,other
octavia,2,other
forerunner,2,other
alfred hitchcock,2,other
el derecho,2,other
objet,2,other
obligation,2,other
eksploitasi perempuan,2,other
obscene,2,other
alexandra,2,other
eksistensialis tokoh,2,other
obscura,2,other
obscura feminism,2,other
eisenstein ed,2,other
foreign policies,2,other
einer,2,other
algeria,2,other
contemporary iran,2,other
ein,2,other
observing,2,other
obstacle,2,other
conciliation,2,other
algerian feminism,2,other
obstacles opportunities,2,other
conciliation woolf,2,other
contemporary india,2,other
el estudio,2,other
el movimiento,2,other
fergus,2,other
fergus jane,2,other
elana,2,other
fermentation,2,other
oates,2,other
conditions rise,2,other
obedience,2,other
elaine marks,2,other
elaine aston,2,other
contemporary fashion,2,other
contemporary france,2,other
object relations,2,other
elaboration,2,other
conclusions,2,other
el shirazy,2,other
objectifying,2,other
objection,2,other
contemporary french,2,other
objectivism,2,other
contemporary irish,2,other
eighties,2,other
contemporary israeli,2,other
occupied japan,2,other
alifa rifaat,2,other
aligning,2,other
alignment,2,other
effeminate man,2,other
effeminate,2,other
contemporary japanese,2,other
aliran feminisme,2,other
effects post,2,other
oceania,2,other
oceno,2,other
oceno marzia,2,other
forefront,2,other
concerned women,2,other
feminism trigger,2,other
aliye,2,other
alleged,2,other
effect gender,2,other
foreign aid,2,other
contemporary mexican,2,other
efl writing,2,other
alifa,2,other
algiers,2,other
egg freezing,2,other
contemporary issues,2,other
algorithm,2,other
eighteenth nineteenth,2,other
algumas,2,other
egyptian secular,2,other
aliaa,2,other
aliaa elmahdy,2,other
egyptian feminist,2,other
contemporary italy,2,other
occult literature,2,other
alice echols,2,other
concerns women,2,other
eglantyne jebb,2,other
concerns mass,2,other
eglantyne,2,other
concerning women,2,other
exhibit,2,other
alicia,2,other
eggers,2,other
alternativas,2,other
students uk,2,other
stealth revolution,2,other
oh tumblr,2,other
story black,2,other
francisca haan,2,other
america 1967,2,other
storms,2,other
oh ohio,2,other
stories women,2,other
stories tell,2,other
stories gender,2,other
francisco jone,2,other
america andrea,2,other
stoic,2,other
storied,2,other
storia,2,other
francois,2,other
contemporary popular,2,other
contemporary radical,2,other
stone feminism,2,other
america century,2,other
contemporary russian,2,other
oil palm,2,other
francisca,2,other
story lois,2,other
story narrating,2,other
story quaker,2,other
frances harper,2,other
strategies case,2,other
strategies black,2,other
strategies 1789,2,other
ambivalence new,2,other
strategic essentialism,2,other
ambivalent search,2,other
ambivalent sexism,2,other
stranger rape,2,other
amd,2,other
strange case,2,other
frances swiney,2,other
conceptualizing feminist,2,other
strain,2,other
amelia jones,2,other
storytelling exploration,2,other
america 1848,2,other
storytellers,2,other
franchise star,2,other
stoicism,2,other
education overview,2,other
students political,2,other
free choice,2,other
fredrika bremer,2,other
stephens,2,other
stephenie meyer,2,other
stephenie,2,other
okay,2,other
stepford wives,2,other
free agency,2,other
step forward,2,other
free black,2,other
stem learning,2,other
stites women,2,other
free sisters,2,other
free women,2,other
american black,2,other
freeda,2,other
steinem,2,other
american british,2,other
steering,2,other
steelworkers america,2,other
steelworkers,2,other
american academic,2,other
fredrika,2,other
stereotip gender,2,other
america women,2,other
stir,2,other
stigmatizing,2,other
stigmatization feminism,2,other
america feminism,2,other
stigmatisation,2,other
stigma feminism,2,other
america feminisms,2,other
sthe,2,other
frankfurt,2,other
stevie smith,2,other
stevie,2,other
fraser fortunes,2,other
steroid,2,other
sterilization,2,other
education massey,2,other
stereotypes women,2,other
stereotypes ideology,2,other
stereotypes context,2,other
frederick,2,other
strategies inclusion,2,other
strategies resistance,2,other
strategies russian,2,other
struggle working,2,other
stuart hall,2,other
alternative histories,2,other
fracture,2,other
stryker,2,other
struggling,2,other
conceptualizing women,2,other
struggles justice,2,other
struggles feminist,2,other
alternative imaginaries,2,other
alternative masculinities,2,other
strategies used,2,other
contemporary poetry,2,other
struggle social,2,other
officers,2,other
struggle male,2,other
struggle liberation,2,other
frailty thy,2,other
alternatives black,2,other
conceptualizing gender,2,other
official rises,2,other
stubborn,2,other
stuck,2,other
concern critical,2,other
stud architectures,2,other
founding modern,2,other
contemporary perspectives,2,other
students negotiating,2,other
students gender,2,other
offending,2,other
offensive,2,other
students definitions,2,other
students conceptions,2,other
alternative approach,2,other
fowler,2,other
student teachers,2,other
fowles,2,other
educational administration,2,other
student experiences,2,other
student centered,2,other
student agency,2,other
student affairs,2,other
student activists,2,other
fox 2021,2,other
framed,2,other
education student,2,other
structured,2,other
framing global,2,other
framing men,2,other
strengths,2,other
fran,2,other
strength woman,2,other
strength diversity,2,other
fran quiroga,2,other
education programs,2,other
france 1870,2,other
offs,2,other
france netherlands,2,other
streams,2,other
streaming feminism,2,other
france paula,2,other
education practice,2,other
strategy women,2,other
strategy radical,2,other
education possibilities,2,other
frances burney,2,other
strategies women,2,other
stretching,2,other
framing gender,2,other
structure ideology,2,other
striking,2,other
education south,2,other
framework exploring,2,other
structuralism social,2,other
framework islamic,2,other
structural vulnerability,2,other
structural violence,2,other
structural inequalities,2,other
structural impediments,2,other
structural approach,2,other
education sociological,2,other
contemporary poland,2,other
strong reflexivity,2,other
strong gt,2,other
framing contract,2,other
education reform,2,other
stripping,2,other
strings,2,other
string figures,2,other
string,2,other
feminism troubling,2,other
normal woman,2,other
feminism transnationalism,2,other
et les,2,other
new femininity,2,other
consecration empire,2,other
1924,2,other
1926,2,other
eternally,2,other
consecration,2,other
1928 linda,2,other
consciousness women,2,other
et perspectives,2,other
1930 princeton,2,other
nature relations,2,other
new forms,2,other
et le,2,other
consciousness learning,2,other
new frontier,2,other
natured,2,other
et féminisme,2,other
et en,2,other
nature women,2,other
nature research,2,other
natured feminist,2,other
ethel,2,other
1920s 1930s,2,other
new father,2,other
navigating complex,2,other
construction muslim,2,other
new clothes,2,other
new conversations,2,other
1920 1940,2,other
consensus conflict,2,other
nausicaa,2,other
1920 1945,2,other
new developments,2,other
natury,2,other
ethical issue,2,other
ethical encounters,2,other
1920 1948,2,other
new discourses,2,other
ethical dilemmas,2,other
1920 cambridge,2,other
1920 jean,2,other
new europe,2,other
new face,2,other
et des,2,other
1936 edited,2,other
northern nigeria,2,other
essentialism intersectionality,2,other
este,2,other
estado español,2,other
new law,2,other
construction rape,2,other
new lesbian,2,other
naturalism,2,other
essentialists,2,other
new managerialism,2,other
feminism cognitive,2,other
feminism college,2,other
new girl,2,other
naturaleza,2,other
feminism colonialism,2,other
feminism combahee,2,other
feminism comedy,2,other
feminism comes,2,other
feminism coming,2,other
feminism commentary,2,other
essentialism comments,2,other
essentialism anti,2,other
esteem feminist,2,other
estelle,2,other
new labour,2,other
new knowledge,2,other
estudos gênero,2,other
1939 feminism,2,other
estudos feministas,2,other
feminism autonomy,2,other
nature mary,2,other
new goals,2,other
new gospel,2,other
new guinea,2,other
estudios sobre,2,other
consciousness feminism,2,other
nature feminisms,2,other
nature ecofeminist,2,other
estudio los,2,other
new imperial,2,other
estranged,2,other
esther tusquets,2,other
new key,2,other
estelle freedman,2,other
new kind,2,other
ethics michael,2,other
ethics nonviolence,2,other
ethics political,2,other
women revolutionary,2,other
women second,2,other
1906 1914,2,other
women rural,2,other
women rule,2,other
women romance,2,other
conservatives,2,other
women rise,2,other
1908 1986,2,other
ethnicity gender,2,other
women respond,2,other
new century,2,other
ethnicity feminism,2,other
women resilience,2,other
networked misogyny,2,other
conservative times,2,other
networking case,2,other
ethnicity education,2,other
women religions,2,other
conservative thought,2,other
women relationship,2,other
ethnographer,2,other
women sexism,2,other
naylor,2,other
network era,2,other
1902,2,other
eudora welty,2,other
consideration forgotten,2,other
women spiritual,2,other
women speaking,2,other
eudora,2,other
women spanish,2,other
women spain,2,other
ett,2,other
women soviet,2,other
ethnographies,2,other
women songs,2,other
netherlands germany,2,other
nazira,2,other
network analysis,2,other
ethnographic responsibility,2,other
ethnographic approach,2,other
women shelters,2,other
women shaping,2,other
women reinvention,2,other
networks feminism,2,other
women rebel,2,other
construction multiple,2,other
1914 new,2,other
ethnic class,2,other
navigation feminist,2,other
ethiopian women,2,other
conservative church,2,other
new alliances,2,other
1917 linda,2,other
new angels,2,other
1919 1939,2,other
new anti,2,other
navigating tensions,2,other
navigating gender,2,other
ethics social,2,other
navigating feminism,2,other
ethics shildrick,2,other
ethics sex,2,other
ethics science,2,other
new catholic,2,other
ethics qualitative,2,other
neutral,2,other
ethnic conflict,2,other
women reactions,2,other
neuroscience perspective,2,other
ethnicities,2,other
ethnic studies,2,other
netzwerk,2,other
women quest,2,other
neuro,2,other
1913,2,other
neurodivergent,2,other
women psychological,2,other
neurodiversity,2,other
women prisons,2,other
women prisoners,2,other
women press,2,other
women practice,2,other
neurological body,2,other
women postcolonial,2,other
conservative party,2,other
women popular,2,other
1914 1920,2,other
women politicking,2,other
feminism computer,2,other
natural woman,2,other
feminism conceptual,2,other
feminism equity,2,other
new sciences,2,other
new sexual,2,other
nationalist movement,2,other
connie,2,other
new soviet,2,other
new space,2,other
new spaces,2,other
feminism equality,2,other
winterson passion,2,other
feminism erotophobia,2,other
native son,2,other
feminism essays,2,other
wings,2,other
wing women,2,other
wing sexual,2,other
feminism estonian,2,other
new stories,2,other
wing feminism,2,other
wing authoritarianism,2,other
2009 2018,2,other
feminism encounters,2,other
new scholarship,2,other
200 years,2,other
new rules,2,other
feminism double,2,other
nations decade,2,other
feminism durham,2,other
new public,2,other
esfera,2,other
new radical,2,other
feminism ecofeminism,2,other
new religious,2,other
feminism economic,2,other
feminism economics,2,other
feminism ed,2,other
19th early,2,other
constructionist,2,other
feminism effective,2,other
feminism egyptian,2,other
20 years,2,other
feminism eighteenth,2,other
connotation,2,other
new roles,2,other
wine,2,other
new subjects,2,other
feminism ethnicity,2,other
2013 248,2,other
feminism fact,2,other
feminism failed,2,other
feminism failure,2,other
feminism failures,2,other
wiggins,2,other
constructions feminist,2,other
feminism false,2,other
new vistas,2,other
feminism families,2,other
wiesen cook,2,other
wiesen,2,other
nationalisms transnational,2,other
nationalisms imperialisms,2,other
wider,2,other
widening,2,other
feminism far,2,other
wide angle,2,other
2015 film,2,other
feminism fascism,2,other
feminism faces,2,other
feminism face,2,other
wind feminism,2,other
new type,2,other
feminism evaluation,2,other
feminism eve,2,other
new technologies,2,other
willows,2,other
willis,2,other
williams alchemy,2,other
feminism exchanges,2,other
william oddie,2,other
william blake,2,other
feminism exist,2,other
willfulness,2,other
willful,2,other
feminism experience,2,other
feminism experimentation,2,other
wilds,2,other
feminism expertise,2,other
new theoretical,2,other
new trends,2,other
2012 presidential,2,other
1997 edited,2,other
esg,2,other
feminism conflict,2,other
198,2,other
1975 2015,2,other
construction sexuality,2,other
feminism creativity,2,other
essays literature,2,other
1978 12,2,other
essays indian,2,other
1979 1999,2,other
1979 pp,2,other
feminism criticism,2,other
essays feminist,2,other
feminism doing,2,other
women centered,2,other
women center,2,other
feminism curating,2,other
essay black,2,other
women capitalism,2,other
feminism cyberspace,2,other
1980 caine,2,other
women called,2,other
new movement,2,other
feminism creating,2,other
feminism couple,2,other
new men,2,other
feminism counseling,2,other
feminism conflicts,2,other
feminism connection,2,other
natural language,2,other
feminism conservative,2,other
natural history,2,other
feminism consumer,2,other
feminism contesting,2,other
essays theory,2,other
feminism contexts,2,other
feminism continental,2,other
1974 1977,2,other
feminism continents,2,other
conscientious,2,other
1975 2000,2,other
feminism contradictions,2,other
feminism contradictory,2,other
feminism conundrum,2,other
feminism copyright,2,other
essays politics,2,other
feminism dead,2,other
women britain,2,other
feminism deborah,2,other
española,2,other
feminism developmental,2,other
feminism dialectical,2,other
new orientalism,2,other
women 1990s,2,other
1993 feminism,2,other
feminism dictionaries,2,other
feminism difficult,2,other
feminism dis,2,other
espaços,2,other
1994 pp,2,other
espacios,2,other
new orleans,2,other
1994 xiv,2,other
feminism dismal,2,other
feminism disturbances,2,other
native writing,2,other
feminism diy,2,other
1997 2007,2,other
feminism does,2,other
women accounts,2,other
new order,2,other
women bosnia,2,other
feminism design,2,other
conrad,2,other
1980 pp,2,other
feminism decolonial,2,other
feminism decoloniality,2,other
1981 1991,2,other
new new,2,other
esports,2,other
1984 pp,2,other
1984 xii,2,other
women architects,2,other
feminism defining,2,other
1985 pp,2,other
1986 french,2,other
espinoza maría,2,other
espinoza,2,other
1988 durham,2,other
feminism denise,2,other
feminism depicted,2,other
women afghanistan,2,other
1901,2,other
women statue,2,other
eugene,2,other
need gender,2,other
yee,2,other
need special,2,other
years research,2,other
need know,2,other
nel,2,other
exploring socio,2,other
exploring sport,2,other
exploring transformative,2,other
examines,2,other
year retrospective,2,other
exploring gendered,2,other
year old,2,other
exporting feminism,2,other
yarns,2,other
nelly,2,other
yang hadir,2,other
need feminist,2,other
exposition,2,other
express,2,other
examination feminism,2,other
yellow,2,other
yentl,2,other
exploring relational,2,other
exploring race,2,other
york garland,2,other
exploring impact,2,other
york crossroad,2,other
neighborhood,2,other
exploring instances,2,other
neighborhoods,2,other
york berghahn,2,other
neighbourhood,2,other
yonge,2,other
yoga,2,other
exploring platform,2,other
yingying,2,other
exploring politics,2,other
exploring possibilities,2,other
yielding gender,2,other
yielding,2,other
yiddish,2,other
yi,2,other
yesterday,2,other
expressed fashion,2,other
constitutional law,2,other
xxvi,2,other
evidenced,2,other
wye,2,other
eyquem,2,other
ezeigbo,2,other
wu radicals,2,other
ezeigbo snail,2,other
wrought,2,other
ezekiel,2,other
faat,2,other
constitution grounds,2,other
fabric charlene,2,other
writings women,2,other
neo malthusianism,2,other
writings black,2,other
need conception,2,other
writing working,2,other
everyday politics,2,other
writing waves,2,other
face power,2,other
writing stone,2,other
wye herefordshire,2,other
evoking,2,other
xxii,2,other
1861,2,other
neo conservatism,2,other
xx century,2,other
extended mind,2,other
xviii,2,other
evolution national,2,other
extension,2,other
xv 279,2,other
extension feminism,2,other
external,2,other
need conceptual,2,other
extraction,2,other
extractivism,2,other
extracts,2,other
neo feminist,2,other
evolution character,2,other
neo gothic,2,other
evolution black,2,other
xi 271,2,other
constitutional choices,2,other
york harper,2,other
negro women,2,other
everyday political,2,other
zhen anarcho,2,other
expanding palace,2,other
zimbabwe promises,2,other
needs feminist,2,other
expectations gender,2,other
zika,2,other
zia faith,2,other
zia,2,other
zhu,2,other
zhong,2,other
expectations women,2,other
exploring feminist,2,other
expected,2,other
zhang ailing,2,other
expenditure,2,other
experience domestic,2,other
negotiating gendered,2,other
zen,2,other
zeiten,2,other
zeineddine pioneer,2,other
zeineddine,2,other
neera,2,other
zine network,2,other
zine networks,2,other
negation,2,other
construcción social,2,other
exiles marxism,2,other
exeter press,2,other
exist resist,2,other
negotiating care,2,other
existence simone,2,other
exercise social,2,other
negative affects,2,other
existential philosophy,2,other
exercise feminism,2,other
existentialism feminism,2,other
existentialism review,2,other
exemplary,2,other
zone books,2,other
exodus,2,other
exoticism,2,other
zionism feminism,2,other
negotiating discourses,2,other
zion,2,other
zed books,2,other
negotiating identities,2,other
zealand women,2,other
explainable,2,other
negritude,2,other
explanations official,2,other
explicating,2,other
excerpted,2,other
need theory,2,other
exploiting feminism,2,other
exceptionalist imaginaries,2,other
exploration women,2,other
exceptionalist,2,other
explorations tensions,2,other
exceptional,2,other
negro negro,2,other
examining women,2,other
exploring complexities,2,other
exploring differences,2,other
exploring dynamics,2,other
exploring experiences,2,other
exploring female,2,other
examining gender,2,other
needed,2,other
negra,2,other
excuse,2,other
negotiations narrativity,2,other
zaynab al,2,other
needs engage,2,other
zayas early,2,other
negotiating spaces,2,other
zapatista women,2,other
zapatista,2,other
zapatismo,2,other
constraint,2,other
negotiation feminist,2,other
zahra,2,other
constructing race,2,other
ywca usa,2,other
excursions,2,other
exclusión,2,other
yusuf,2,other
exclusivity,2,other
exclusive,2,other
experimental writing,2,other
negotiations feminism,2,other
writing skin,2,other
facebook feminism,2,other
women stem,2,other
neoliberalism stealth,2,other
womenâs studies,2,other
european enlightenment,2,other
neoliberalism robin,2,other
womenomics,2,other
women year,2,other
19 crisis,2,other
european cultural,2,other
european countries,2,other
190 pp,2,other
neoliberalisms,2,other
family affair,2,other
women working,2,other
women workforce,2,other
european agenda,2,other
neoliberalization,2,other
europe women,2,other
neologisms,2,other
neonatal,2,other
women west,2,other
women weekly,2,other
family institution,2,other
neoliberalism post,2,other
18th,2,other
wonder women,2,other
family america,2,other
family business,2,other
family centered,2,other
family communication,2,other
family context,2,other
family domestic,2,other
family england,2,other
family ethics,2,other
1896 1935,2,other
word power,2,other
european feminists,2,other
1898,2,other
woolf unwritten,2,other
woolf orlando,2,other
family feminist,2,other
family firms,2,other
1899 1940,2,other
wong,2,other
wonderland,2,other
women warriors,2,other
1900 1930,2,other
women wall,2,other
construction global,2,other
ness,2,other
women theatre,2,other
eurasian borderlands,2,other
nbsp,2,other
nazira zeineddine,2,other
women tattoos,2,other
eurasian,2,other
women susan,2,other
1900 new,2,other
women substantive,2,other
women subordination,2,other
considerations feminism,2,other
eugenics victorian,2,other
eugenia cotera,2,other
women student,2,other
1900s,2,other
eugenia,2,other
women stir,2,other
women stereotypes,2,other
women tradition,2,other
women trans,2,other
women vote,2,other
women transforming,2,other
neonatal intensive,2,other
women voice,2,other
women violence,2,other
women views,2,other
women video,2,other
europe new,2,other
women victim,2,other
women versus,2,other
women veil,2,other
europe liberal,2,other
consistent,2,other
women understandings,2,other
considerations research,2,other
europe 1870,2,other
nde,2,other
euripides,2,other
1900 1940,2,other
women translators,2,other
women transition,2,other
1891,2,other
european perspective,2,other
writing realism,2,other
need belong,2,other
factor structure,2,other
writ large,2,other
1876 1928,2,other
factories,2,other
everybody passionate,2,other
need concept,2,other
wreckage liberation,2,other
need black,2,other
wreck,2,other
event letters,2,other
1890s brief,2,other
construction black,2,other
fading feminism,2,other
failed feminism,2,other
neoliberal economy,2,other
1879 1934,2,other
188,2,other
construction femininity,2,other
failures feminism,2,other
1880 1920,2,other
neoliberal academy,2,other
1874 1939,2,other
fact fin,2,other
1870 1967,2,other
writing reading,2,other
facebook instagram,2,other
writing postcoloniality,2,other
facebook users,2,other
facebook women,2,other
writing gender,2,other
faced female,2,other
everyday feminist,2,other
neocolonialism,2,other
writing experience,2,other
writing domestic,2,other
writing culture,2,other
neoconservatism,2,other
facial recognition,2,other
writing 1660,2,other
facing feminism,2,other
writers occult,2,other
writers late,2,other
constituting,2,other
evasion,2,other
world social,2,other
world religions,2,other
faith lives,2,other
working man,2,other
working life,2,other
working home,2,other
1884,2,other
working farm,2,other
working conditions,2,other
neoliberal political,2,other
1888,2,other
fake news,2,other
workers union,2,other
workers perspectives,2,other
fall feminism,2,other
fall socialism,2,other
fallen city,2,other
neoliberal state,2,other
construction gendered,2,other
neoliberal universities,2,other
false consciousness,2,other
europeanization,2,other
working men,2,other
working woman,2,other
fair play,2,other
1881,2,other
fair sex,2,other
conspicuous,2,other
fairer sex,2,other
world islamic,2,other
world history,2,other
world girls,2,other
evans eds,2,other
evangelicalism feminism,2,other
1880 1930,2,other
world change,2,other
neoliberal governmentality,2,other
1880 1939,2,other
1880 young,2,other
works lou,2,other
works late,2,other
works julia,2,other
evangelical christianity,2,other
faith based,2,other
1880s second,2,other
connell,2,other
wi,2,other
whyistayed,2,other
energy research,2,other
feminism participatory,2,other
50 shades,2,other
feminism party,2,other
eng,2,other
enforcement illinois,2,other
feminism performances,2,other
feminism periodical,2,other
500,2,other
energy transition,2,other
feminism persuasive,2,other
feminism oral,2,other
nash black,2,other
non disclosure,2,other
51,2,other
feminism philanthrocapitalist,2,other
feminism philanthropy,2,other
feminism philippine,2,other
energy justice,2,other
feminism physical,2,other
feminism place,2,other
feminism participation,2,other
feminism paris,2,other
feminism parallel,2,other
feminism paradigms,2,other
conflicts women,2,other
feminism orientation,2,other
feminism original,2,other
feminism origins,2,other
feminism orlando,2,other
feminism orthodoxy,2,other
feminism outrage,2,other
48,2,other
conflicto,2,other
feminism oxfordshire,2,other
480,2,other
480 pp,2,other
feminism oxymoron,2,other
engage feminism,2,other
49 50,2,other
feminism papers,2,other
4th,2,other
50 00,2,other
non conforming,2,other
feminism play,2,other
non english,2,other
feminism poetics,2,other
feminism poverty,2,other
feminism practical,2,other
endeavor,2,other
feminism prairie,2,other
non violence,2,other
feminism present,2,other
narratology feminism,2,other
narratological,2,other
feminism pro,2,other
narrativo aportes,2,other
nonfeminist,2,other
narrativo,2,other
feminism prologomena,2,other
feminism promoting,2,other
feminism promotion,2,other
narrativity abused,2,other
feminism protecting,2,other
endah,2,other
feminism psychotherapy,2,other
end twentieth,2,other
endeavors,2,other
feminism postwar,2,other
nascent,2,other
non profit,2,other
feminism poland,2,other
non fiction,2,other
feminism politic,2,other
energy care,2,other
non heterosexual,2,other
feminism population,2,other
narrow,2,other
feminism portrayal,2,other
feminism portrayed,2,other
feminism possibilities,2,other
non indigenous,2,other
endorse,2,other
non labelers,2,other
feminism postcoloniality,2,other
endless,2,other
feminism postimperial,2,other
non monogamy,2,other
ending sexual,2,other
feminism postsocialist,2,other
nomadic consciousness,2,other
feminism open,2,other
feminism quality,2,other
feminism model,2,other
england 1880,2,other
372 pp,2,other
feminism mexican,2,other
feminism mexico,2,other
feminism migrant,2,other
nation american,2,other
confronting beauty,2,other
feminism misogyny,2,other
feminism mixed,2,other
engl,2,other
engage postsocialism,2,other
40 hb,2,other
engines,2,other
engineering social,2,other
feminism monied,2,other
engineering identity,2,other
feminism morocco,2,other
engendering social,2,other
ninguém,2,other
construindo,2,other
feminism methods,2,other
nation domestic,2,other
feminism metaphor,2,other
feminism mental,2,other
337 philosophy,2,other
nina,2,other
nation empire,2,other
349,2,other
350,2,other
feminism masculinities,2,other
english fiction,2,other
english arabic,2,other
feminism maternal,2,other
feminism matter,2,other
confronting gender,2,other
nineteenth centuries,2,other
354,2,other
36 95,2,other
england sarah,2,other
confronting fundamentalisms,2,other
england joy,2,other
england case,2,other
feminism mena,2,other
feminism movies,2,other
niunamenos,2,other
engendering global,2,other
feminism neurological,2,other
432,2,other
engagements feminism,2,other
noire,2,other
45 years,2,other
nasser egypt,2,other
feminism nigerian,2,other
46 00,2,other
engagement modernity,2,other
feminism northern,2,other
feminism note,2,other
engagement international,2,other
engagement feminist,2,other
engagement feminism,2,other
engaged pedagogy,2,other
464 pp,2,other
feminism objectification,2,other
nashima,2,other
conforming,2,other
feminism old,2,other
engaging feminism,2,other
engaging feminisms,2,other
4039,2,other
engaging feminist,2,other
feminism multilevel,2,other
feminism multiracial,2,other
nathaniel,2,other
natasha,2,other
416,2,other
feminism musical,2,other
engendering development,2,other
nobel,2,other
engendered encounters,2,other
feminism naomi,2,other
natalia,2,other
420,2,other
43,2,other
noel,2,other
feminism nationalist,2,other
feminism natural,2,other
noh,2,other
nasty,2,other
feminism negative,2,other
feminism pueblo,2,other
end socialism,2,other
feminism marx,2,other
feminism spoil,2,other
empowerment neoliberal,2,other
feminism southern,2,other
conflict resolution,2,other
feminism spain,2,other
abortion feminism,2,other
feminism spanish,2,other
feminism spirit,2,other
abortion movement,2,other
abortion myth,2,other
abortion rights,2,other
feminism shape,2,other
abortion social,2,other
feminism sports,2,other
empowerment liminal,2,other
feminism strange,2,other
feminism strategic,2,other
conflict related,2,other
abraham,2,other
narrative inquiry,2,other
empowerment latin,2,other
narrative modernity,2,other
feminism soul,2,other
feminism sons,2,other
abortion decision,2,other
normality,2,other
narrative practice,2,other
empowerment women,2,other
normals,2,other
feminism sisters,2,other
feminism slavery,2,other
empowerment participation,2,other
empowerment paradigm,2,other
feminism socialist,2,other
conflict situations,2,other
abomination,2,other
abomination violence,2,other
feminism society,2,other
feminism sociological,2,other
abordaje,2,other
abortion britain,2,other
normative masculinity,2,other
normative violence,2,other
feminism solitudes,2,other
conflict change,2,other
north east,2,other
feminism surveillance,2,other
narrativas como,2,other
empowerment agency,2,other
feminism theorizing,2,other
empowering strategies,2,other
feminism thesis,2,other
conflict american,2,other
feminism thomas,2,other
feminism tibet,2,other
empowering female,2,other
empowered woman,2,other
abstractness,2,other
absurd,2,other
feminism tool,2,other
empowered popular,2,other
empower women,2,other
northern europe,2,other
abuse excuse,2,other
feminism transforming,2,other
narrations,2,other
narrating japanese,2,other
abstinence,2,other
feminism theological,2,other
feminism sustainable,2,other
empowerment black,2,other
feminism suzanne,2,other
north ireland,2,other
feminism sylvia,2,other
consumer society,2,other
feminism systemic,2,other
feminism takes,2,other
north west,2,other
feminism talk,2,other
feminism taoism,2,other
empowerment discourse,2,other
feminism technological,2,other
absence women,2,other
northanger,2,other
feminism teenagers,2,other
feminism telehealth,2,other
northanger abbey,2,other
feminism textuality,2,other
absolute,2,other
feminism theater,2,other
feminism shelley,2,other
emu,2,other
feminism queerness,2,other
encounter feminism,2,other
feminism reframing,2,other
feminism regional,2,other
feminism reimagining,2,other
encountered,2,other
99 isbn,2,other
feminism relational,2,other
feminism relationships,2,other
encounter women,2,other
feminism religiosity,2,other
feminism remasculinization,2,other
en brasil,2,other
narratives male,2,other
narratives local,2,other
feminism represented,2,other
encoding,2,other
99 pbk,2,other
feminism republican,2,other
nordeste,2,other
feminism researching,2,other
feminism resets,2,other
feminism reforms,2,other
feminism reflecting,2,other
nonverbal,2,other
feminism reference,2,other
feminism quest,2,other
end press,2,other
end patriarchy,2,other
end depoliticised,2,other
feminism radicalism,2,other
end capitalism,2,other
narratives sexual,2,other
feminism readings,2,other
nonlinear,2,other
encrucijada,2,other
nonlinear history,2,other
feminism rebooting,2,other
feminism rebuttal,2,other
nontraditional,2,other
feminism recent,2,other
feminism reclaimed,2,other
feminism reclaiming,2,other
feminism reconsidered,2,other
feminism recovery,2,other
abad 19,2,other
abbey,2,other
abbey sense,2,other
feminism ruth,2,other
feminism sadomasochism,2,other
feminism sand,2,other
narratives contemporary,2,other
feminism savagery,2,other
norm transfer,2,other
narrative strategies,2,other
feminism scottish,2,other
narrative standpoint,2,other
feminism search,2,other
en conflicto,2,other
feminism security,2,other
normal jack,2,other
en colombia,2,other
feminism selected,2,other
sofia,2,other
ableist,2,other
abnormality,2,other
en castilla,2,other
abolish,2,other
abigail,2,other
en latinoamérica,2,other
enactments,2,other
abierta,2,other
abbott,2,other
abc,2,other
abdominal,2,other
conflicting feminisms,2,other
abdominal aortic,2,other
narratives history,2,other
feminism retelling,2,other
enacting black,2,other
feminism revealed,2,other
enact,2,other
feminism revival,2,other
nordic research,2,other
abdul quddus,2,other
en una,2,other
narratives gender,2,other
en su,2,other
feminism rle,2,other
en plural,2,other
feminism root,2,other
nilsson,2,other
feminism marquis,2,other
feminism fatema,2,other
feminism heterosexuality,2,other
nationalism labour,2,other
wave wave,2,other
wave trans,2,other
feminism hasn,2,other
conjuring,2,other
feminism healthcare,2,other
feminism hegel,2,other
213,2,other
feminism heroism,2,other
wave debate,2,other
wears,2,other
environmental law,2,other
wave contemporary,2,other
wave anthology,2,other
wave american,2,other
wave agenda,2,other
214 pp,2,other
feminism highly,2,other
watershed,2,other
environmental issues,2,other
feminism hardcopy,2,other
feminism hard,2,other
waves dialogue,2,other
20th centuries,2,other
wearable,2,other
204 cloth,2,other
news representations,2,other
feminism greek,2,other
connecting girls,2,other
feminism group,2,other
feminism grrrl,2,other
207,2,other
feminism habermas,2,other
way reflection,2,other
way life,2,other
way forward,2,other
newspaper reporting,2,other
feminism hannah,2,other
waxes red,2,other
waxes,2,other
waving,2,other
feminism happiness,2,other
waves french,2,other
water governance,2,other
21st centuries,2,other
watching women,2,other
warfare gender,2,other
feminism importance,2,other
national union,2,other
ward claims,2,other
feminism inclusion,2,other
national transnational,2,other
war world,2,other
entrevista,2,other
war war,2,other
230,2,other
entrepreneurship systematic,2,other
entrepreneurship research,2,other
feminism indo,2,other
entrepreneurship policy,2,other
feminism infertility,2,other
national survey,2,other
feminism informs,2,other
236,2,other
want wear,2,other
want feminism,2,other
229,2,other
waris,2,other
nexus feminism,2,other
national woman,2,other
environmental history,2,other
nationalism feminist,2,other
feminism house,2,other
waste land,2,other
constructions self,2,other
nationalism competing,2,other
washington review,2,other
washington dc,2,other
221,2,other
feminism idea,2,other
feminism ideas,2,other
wars twilight,2,other
wars benevolent,2,other
222,2,other
environmental crisis,2,other
227,2,other
ngo ization,2,other
ngoization,2,other
warnings,2,other
news reports,2,other
connection queer,2,other
wanita tokoh,2,other
newman,2,other
feminism forming,2,other
epistemic exclusion,2,other
episodes,2,other
newark,2,other
newbury,2,other
newbury park,2,other
feminism freewoman,2,other
newcomers,2,other
2019 pp,2,other
202,2,other
weaving stories,2,other
western democracies,2,other
nationalism politics,2,other
western countries,2,other
western canada,2,other
2020 03,2,other
west virginia,2,other
west reflection,2,other
feminism frontlines,2,other
feminism fundamentalism,2,other
feminism forever,2,other
epistemic justice,2,other
feminism folk,2,other
nationalism united,2,other
feminism fellini,2,other
new womanhood,2,other
2016 2019,2,other
white working,2,other
2016 election,2,other
epistemológicos,2,other
epistemológicas,2,other
white snake,2,other
connectivity,2,other
epistemology psychology,2,other
connectivities,2,other
epistemology gender,2,other
epistemological reflections,2,other
connective action,2,other
feminism fin,2,other
2017 isbn,2,other
epistemological chasms,2,other
feminism firearms,2,other
feminism focus,2,other
news articles,2,other
west german,2,other
west european,2,other
weighty,2,other
weight loss,2,other
feminism genre,2,other
environments shape,2,other
news coverage,2,other
feminism girish,2,other
weibliche,2,other
weeks,2,other
weekly,2,other
weekend,2,other
week,2,other
environmentalism feminism,2,other
weed,2,other
203 pp,2,other
feminism gisela,2,other
news feminism,2,other
feminism globalism,2,other
web series,2,other
web life,2,other
2030,2,other
envision,2,other
weimar,2,other
west bank,2,other
feminism general,2,other
feminism futures,2,other
wesleyan,2,other
werner,2,other
weren,2,other
feminism futurity,2,other
feminism game,2,other
enwr 1510,2,other
welty,2,other
welsh,2,other
2020 pp,2,other
wellington new,2,other
wellington,2,other
2020 women,2,other
2020s,2,other
2022 312,2,other
feminism gayl,2,other
2022 pp,2,other
enwr,2,other
envisioned,2,other
238,2,other
wanita karya,2,other
feminism marketing,2,other
enlightened women,2,other
visibility hashtag,2,other
visibility gender,2,other
visibility feminism,2,other
visibility agency,2,other
295,2,other
nation nationalisms,2,other
visibilidade,2,other
feminism letters,2,other
296,2,other
virtuous custom,2,other
nation women,2,other
2nd edition,2,other
feminism liberalism,2,other
feminism libertarian,2,other
30 years,2,other
virtually,2,other
virtual reality,2,other
enlarged,2,other
304,2,other
nightingale uma,2,other
visibility intersectional,2,other
visibility new,2,other
293 46,2,other
visible real,2,other
feminism learn,2,other
feminism led,2,other
visual representation,2,other
feminism leftist,2,other
nigerian drama,2,other
nigerian literature,2,other
enlightenment britain,2,other
vistas,2,other
feminism legality,2,other
visions new,2,other
feminism legalization,2,other
visions motherhood,2,other
visions feminist,2,other
feminism legislative,2,other
feminism leisure,2,other
visionary feminism,2,other
confucian care,2,other
vision difference,2,other
293,2,other
feminism lilongwean,2,other
nightmare,2,other
306,2,other
nation gender,2,other
nation feminist,2,other
feminism lynne,2,other
feminism mahogany,2,other
confronting imperialism,2,other
nike primal,2,other
feminism malaysia,2,other
feminism malaysian,2,other
english women,2,other
322 pp,2,other
feminism man,2,other
feminism management,2,other
325 pp,2,other
feminism manon,2,other
english translation,2,other
feminism marginalisation,2,other
nikki,2,other
333 transnational,2,other
nation feminism,2,other
nilai nilai,2,other
feminism lost,2,other
englishwomen,2,other
virginia phiri,2,other
feminism logic,2,other
308,2,other
31,2,other
feminism line,2,other
virago 1987,2,other
feminism lite,2,other
violência gênero,2,other
feminism literacy,2,other
enjeux,2,other
violette leduc,2,other
violette,2,other
enhancing women,2,other
violent crime,2,other
violent contexts,2,other
feminism literatures,2,other
feminism little,2,other
violencia contra,2,other
315,2,other
nightwood,2,other
feminism living,2,other
visualizations,2,other
vita,2,other
conhecimento,2,other
feminism intersection,2,other
feminism internet,2,other
national heritage,2,other
248 pages,2,other
feminism interrogating,2,other
wahl rabine,2,other
feminism interrupted,2,other
wages whiteness,2,other
wages war,2,other
wages housework,2,other
nicaraguan women,2,other
feminism laura,2,other
wafa,2,other
wadud analisis,2,other
feminism interspecies,2,other
wade,2,other
entitled,2,other
2519,2,other
national health,2,other
věra chytilová,2,other
věra,2,other
waking,2,other
walby,2,other
feminism internationalism,2,other
entrepreneurship internationalization,2,other
239,2,other
feminism instagram,2,other
wang,2,other
wanderer,2,other
walsh,2,other
wallin janice,2,other
wallin,2,other
wallach scott,2,other
wallach,2,other
wallace eds,2,other
239 pp,2,other
national study,2,other
national politics,2,other
walking tightrope,2,other
240 pages,2,other
walker womanism,2,other
national liberation,2,other
242,2,other
244,2,other
2519 5476,2,other
feminism introductory,2,other
feminism ir,2,other
voices lens,2,other
voices contemporary,2,other
feminism kidd,2,other
voicelessness visibility,2,other
feminism kinship,2,other
feminism kuwait,2,other
nietzschean,2,other
entangled dreams,2,other
confusion,2,other
feminism ladies,2,other
vogel,2,other
voet feminism,2,other
ensino,2,other
enrollment,2,other
vocational education,2,other
vocational,2,other
vocation,2,other
enquiry,2,other
viv,2,other
vitality,2,other
entangled feminisms,2,other
feminism julia,2,other
feminism irish,2,other
national action,2,other
enters,2,other
enterprises,2,other
feminism isn,2,other
national council,2,other
feminism israeli,2,other
national context,2,other
feminism issues,2,other
national coalition,2,other
entanglements gender,2,other
feminism james,2,other
nicola slee,2,other
feminism janet,2,other
entanglements context,2,other
feminism javanese,2,other
feminism jean,2,other
nicolas,2,other
national analysis,2,other
feminism journal,2,other
feminism journalism,2,other
ontario farm,2,other
oppression black,2,other
société,2,other
intellectual disability,2,other
defensa la,2,other
interconnectedness,2,other
interconnecting,2,other
interconnections feminism,2,other
defensa,2,other
intercultural ethics,2,other
interculturalism,2,other
interdependent,2,other
defending liberal,2,other
defenders,2,other
interests state,2,other
phenomenology film,2,other
phenomenology reply,2,other
interfering,2,other
phenomenon nationalism,2,other
intermingling,2,other
criminology agenda,2,other
internalized,2,other
deepfake,2,other
defense feminism,2,other
interactionist bridge,2,other
interactionism,2,other
criminalising,2,other
defining wave,2,other
intellectual tradition,2,other
intellectual traditions,2,other
defines,2,other
intelligentsia,2,other
intended,2,other
intense,2,other
intensity,2,other
criminality,2,other
interaction feminism,2,other
intent,2,other
criminalizing,2,other
defined revolutionary,2,other
intentions women,2,other
defined,2,other
phenomenological approach,2,other
interact,2,other
defense transracialism,2,other
international crimes,2,other
international democratic,2,other
international environmental,2,other
interpret,2,other
internet mediated,2,other
crisis austerity,2,other
decolonizing universalism,2,other
interpersonal power,2,other
interpersonal relationships,2,other
decolonizing theory,2,other
interplay feminism,2,other
philippines legacy,2,other
interpretation genealogy,2,other
internet discourse,2,other
interpretations feminism,2,other
interpreters,2,other
decolonization afro,2,other
queer identity,2,other
queer history,2,other
decolonising global,2,other
decolonising development,2,other
interrogating gender,2,other
crisis 21st,2,other
internet age,2,other
deep learning,2,other
philanthropic,2,other
crip theory,2,other
international feminist,2,other
international handbook,2,other
international history,2,other
decriminalizing,2,other
philanthrocapitalist framing,2,other
deconstruction reconstruction,2,other
international organizations,2,other
international social,2,other
philanthropy women,2,other
international struggle,2,other
international struggles,2,other
cripping,2,other
international welfare,2,other
deconstruction history,2,other
internationalen,2,other
deconstruction bible,2,other
deconstructing gender,2,other
intellectual freedom,2,other
defining women,2,other
reassessing significance,2,other
intellect renaissance,2,other
inspectors,2,other
real knockouts,2,other
inspiration,2,other
reagan,2,other
inspired,2,other
dekada,2,other
reads,2,other
readings politics,2,other
readings feminism,2,other
instinct,2,other
deities,2,other
reading women,2,other
reading social,2,other
reading second,2,other
reading popular,2,other
reading materials,2,other
institutes,2,other
reading images,2,other
reading history,2,other
insights challenges,2,other
dekada 70,2,other
realism contested,2,other
del discurso,2,other
del rey,2,other
del post,2,other
reasoning race,2,other
injury power,2,other
reasonable,2,other
reason passion,2,other
created woman,2,other
rearticulations,2,other
really need,2,other
dekonstruksi,2,other
innocence feminism,2,other
del cuerpo,2,other
creating space,2,other
creative process,2,other
realist perspective,2,other
realisms,2,other
realism universalism,2,other
insecurities,2,other
reading gender,2,other
reading feminist,2,other
degrees,2,other
integral feminism,2,other
creek,2,other
instruction,2,other
degeneration,2,other
instrumental,2,other
creepy,2,other
cressida,2,other
crime punishment,2,other
crime sexuality,2,other
criminal court,2,other
institutioning commoning,2,other
defy,2,other
integrating feminist,2,other
deforestation,2,other
integration feminism,2,other
integration united,2,other
integrativa da,2,other
definitive,2,other
definitional,2,other
razack,2,other
institutioning,2,other
reading esther,2,other
reader feminism,2,other
reading discussion,2,other
reading diffractively,2,other
reading culture,2,other
reading black,2,other
reading amp,2,other
institutional contexts,2,other
readership,2,other
readers writing,2,other
institutional feminism,2,other
raíces,2,other
institutional politics,2,other
reactions gender,2,other
degree master,2,other
institutionalism idiom,2,other
reaction feminism,2,other
institutionalist,2,other
institutionalized feminism,2,other
reach,2,other
queer families,2,other
queer color,2,other
interrogating patriarchy,2,other
interrupting,2,other
public discourse,2,other
public debt,2,other
public attitudes,2,other
public attention,2,other
public agenda,2,other
intimate scholarship,2,other
intimate violence,2,other
puberty,2,other
intoxicated,2,other
psychosomatic feminism,2,other
psychosomatic,2,other
philosophy ella,2,other
psychosexual,2,other
psychopolitics,2,other
psychopharmacology,2,other
psychometric,2,other
intrapartum,2,other
psychology undergraduate,2,other
psychology transition,2,other
public education,2,other
public environment,2,other
decadence sara,2,other
public scholarship,2,other
publications 1998,2,other
interview study,2,other
philosophy comparative,2,other
public spaces,2,other
philosophy economics,2,other
public service,2,other
public secrets,2,other
interwar feminism,2,other
interwar france,2,other
intimate images,2,other
interwar years,2,other
interweaving,2,other
december,2,other
decay,2,other
decades feminism,2,other
intimate connection,2,other
public law,2,other
intimate feminism,2,other
psychology social,2,other
debra,2,other
psychology resistance,2,other
debate female,2,other
crisis authority,2,other
psychoanalysis second,2,other
psychoanalysis resolution,2,other
introduction theories,2,other
introduction volume,2,other
psychoanalysis new,2,other
psychoanalysis maternal,2,other
introduction western,2,other
introductory courses,2,other
philosophy methodology,2,other
psychoanalysis early,2,other
psychoanalysis critical,2,other
introductory essay,2,other
intuitive,2,other
invaders,2,other
psycho social,2,other
invasion,2,other
psychical,2,other
psychoanalyst,2,other
introduction philosophy,2,other
psychology religion,2,other
debates theories,2,other
deborah cameron,2,other
debating kemalism,2,other
psychology political,2,other
introducing critical,2,other
psychology missing,2,other
introducing redemption,2,other
psychology contemporary,2,other
psychology anorexia,2,other
philosophy history,2,other
psychoanalytic perspectives,2,other
introduction history,2,other
introduction ideas,2,other
introduction interrogating,2,other
introduction intersectional,2,other
psychological distress,2,other
introduction mapping,2,other
introduction mary,2,other
philosophy law,2,other
publicness,2,other
interview jane,2,other
interview iris,2,other
qing,2,other
qualitative content,2,other
intersectional models,2,other
intersectional music,2,other
qualified defense,2,other
qualified,2,other
quakers,2,other
quaker women,2,other
intersectional oppression,2,other
qin liangyu,2,other
intersectional framework,2,other
qin,2,other
qatar,2,other
intersectional refraction,2,other
intersectional solidarity,2,other
intersectional standpoint,2,other
intersectional thought,2,other
puzzle,2,other
intersectional turn,2,other
philosophical essays,2,other
qualitative inquiry,2,other
puts,2,other
quantifying,2,other
decolonising curriculum,2,other
phillis,2,other
interseccionalidades,2,other
intersect,2,other
quddus,2,other
intersecting feminism,2,other
phillis wheatley,2,other
quantitative methods,2,other
quality television,2,other
qualitative investigation,2,other
decolonial resistance,2,other
decolonial reflections,2,other
decolonial insights,2,other
intersectional critique,2,other
philosophical approaches,2,other
qualitative quantitative,2,other
qualitative psychological,2,other
philosophical assessment,2,other
decolonial black,2,other
intersectionality education,2,other
interview elizabeth,2,other
puisi aku,2,other
punitive state,2,other
intervenciones,2,other
decertification,2,other
punishing,2,other
pumps,2,other
pulpit,2,other
pulling devil,2,other
intervention disruption,2,other
intervention gender,2,other
punjab pakistan,2,other
interventionen,2,other
interventions domestic,2,other
puente,2,other
pueblo cultures,2,other
interventions reflections,2,other
publishing publishing,2,other
decentering whiteness,2,other
publishing feminism,2,other
intertwining,2,other
intertwined,2,other
decolonial analysis,2,other
philosophical study,2,other
intersectionality gender,2,other
intersectionality research,2,other
pursuit public,2,other
pursuit feminism,2,other
pursuit equality,2,other
philosophical reflections,2,other
intersectionality transnational,2,other
pursue magic,2,other
purposes,2,other
philosophizing,2,other
intersections postcolonialism,2,other
intersections race,2,other
purnomo study,2,other
intersections science,2,other
intersektionalitet,2,other
puritanism,2,other
intersektionalität,2,other
philosophies science,2,other
reassessing feminist,2,other
initiation,2,other
gbv,2,other
relax,2,other
inclusión,2,other
income feminism,2,other
relational understanding,2,other
relational ontologies,2,other
relational feminist,2,other
income welfare,2,other
relational approaches,2,other
relational approach,2,other
incommensurability,2,other
relation gender,2,other
incompatibility,2,other
relating feminisms,2,other
incorporating feminist,2,other
related sexual,2,other
related quality,2,other
related beliefs,2,other
related attitudes,2,other
incorporating intersectionality,2,other
relasi kuasa,2,other
relations community,2,other
relations conversations,2,other
inclusive teaching,2,other
relationship satisfaction,2,other
include,2,other
relatives,2,other
democratic state,2,other
relationships women,2,other
relationships gender,2,other
relationships feminist,2,other
inclusion black,2,other
inclusion exclusion,2,other
relationship mother,2,other
relations feminist,2,other
relationship male,2,other
inclusion trans,2,other
relations women,2,other
democratic practice,2,other
inclusive identities,2,other
relations post,2,other
relations politics,2,other
relations perspective,2,other
relasi gender,2,other
increasingly,2,other
relaciones internacionales,2,other
indianapolis,2,other
registers,2,other
indian feminist,2,other
indian kitchen,2,other
coy,2,other
democracy education,2,other
democracy assistance,2,other
regiment,2,other
regime case,2,other
indianapolis indiana,2,other
regressive,2,other
regency,2,other
regarding female,2,other
indians,2,other
refusing man,2,other
indie television,2,other
refusals,2,other
indigenizing,2,other
refuges,2,other
registration,2,other
cowboy,2,other
incubation,2,other
reimagining feminism,2,other
democratic equality,2,other
democratic confederalism,2,other
reinvention political,2,other
reinventing wheel,2,other
democratic backsliding,2,other
index 30,2,other
reintegration,2,other
index isbn,2,other
indexicality,2,other
regulation resistance,2,other
reimaging,2,other
covid scp,2,other
india caste,2,other
reilly,2,other
rehman,2,other
india margaret,2,other
india perspective,2,other
regulation theory,2,other
cousins sexual,2,other
incidents,2,other
reassessment scott,2,other
relevansinya,2,other
imperialist feminism,2,other
implants,2,other
implementation gender,2,other
demokrasi,2,other
implications adult,2,other
implications contemporary,2,other
implications digital,2,other
implications family,2,other
courses international,2,other
implications political,2,other
implications research,2,other
implications south,2,other
implications women,2,other
implied,2,other
implikasinya,2,other
implosion,2,other
demography rise,2,other
importance feminism,2,other
court human,2,other
imperialisms ireland,2,other
imperialism orientalism,2,other
demos,2,other
representation parliament,2,other
dengan bibir,2,other
representations female,2,other
impact western,2,other
den dilemmas,2,other
impact work,2,other
representation woman,2,other
representation wave,2,other
representation turn,2,other
representation pakistani,2,other
imperial wars,2,other
den critical,2,other
representation liberal,2,other
representation knowledge,2,other
impacts feminist,2,other
impacts women,2,other
impartial,2,other
demystifying,2,other
demos neoliberalism,2,other
imported feminism,2,other
imposition,2,other
demographics,2,other
religion feminist,2,other
incarcerated women,2,other
religion social,2,other
religion security,2,other
religion psychology,2,other
religion price,2,other
religion north,2,other
religion modern,2,other
incarcérées,2,other
courtivron,2,other
inadequacy choice,2,other
courtship,2,other
religion contemporary,2,other
democratization politics,2,other
religion 21st,2,other
democratic transition,2,other
reliability,2,other
relevant task,2,other
relevansinya dengan,2,other
inappropriate,2,other
religious attitudes,2,other
imprisonment,2,other
religious history,2,other
improper,2,other
relocating,2,other
reloaded,2,other
religión,2,other
religious women,2,other
democrática radical,2,other
religious movements,2,other
religious hypocrisy,2,other
religious gender,2,other
improving women,2,other
religious feminist,2,other
religious feminisms,2,other
improved,2,other
religious education,2,other
religious dissent,2,other
religious discourses,2,other
courting,2,other
religious cultural,2,other
refugees asylum,2,other
dementia,2,other
indigenous australians,2,other
refugee self,2,other
influence film,2,other
reconciliation commission,2,other
influenced contemporary,2,other
reconcilable differences,2,other
reconcilable,2,other
reconceptualization,2,other
crafts,2,other
influences québec,2,other
deleuzian feminism,2,other
influential,2,other
deleuzian approach,2,other
recognising,2,other
reclamation renewal,2,other
informal institutions,2,other
informal stem,2,other
reclaiming european,2,other
reclaiming cultural,2,other
informatics,2,other
reclaiming archive,2,other
reconciling feminism,2,other
influence feminist,2,other
reconfigurations,2,other
craftivism,2,other
red mansions,2,other
inequality talk,2,other
inequality workplace,2,other
inequitable,2,other
inertia,2,other
inevitable,2,other
inez,2,other
infamous,2,other
infants,2,other
deliberate,2,other
infected,2,other
infected planet,2,other
infertile,2,other
infidelity,2,other
infinite,2,other
reconsideration cultural,2,other
influence construction,2,other
reconhecimento,2,other
deleuze ruin,2,other
crake,2,other
reclaim,2,other
inherited,2,other
ingeborg,2,other
rebooting franchise,2,other
ingeborg bachmann,2,other
crazy rich,2,other
inggris s1,2,other
del sexismo,2,other
rebellious body,2,other
inheritances,2,other
rebel rise,2,other
recapturing,2,other
rebel girl,2,other
inheriting,2,other
cream,2,other
rebecca munford,2,other
rebecca karl,2,other
rebecca goldstein,2,other
del secolo,2,other
initial teacher,2,other
rebuttal,2,other
del siglo,2,other
information intersectional,2,other
recently,2,other
crawford,2,other
recientes,2,other
deleuze key,2,other
receptions,2,other
crazier,2,other
reception feminist,2,other
reception analysis,2,other
informing,2,other
recentering,2,other
delany,2,other
informs,2,other
informática,2,other
infrapolitics,2,other
infrastructural,2,other
deleuze dictionary,2,other
infrastructuring,2,other
receiving,2,other
infusing,2,other
crafting feminist,2,other
red representation,2,other
reddit,2,other
coy mistress,2,other
reflexivity quantitative,2,other
reflexivity qualitative,2,other
reflexivity positionality,2,other
individual cause,2,other
reflexive politics,2,other
individualised,2,other
dels feminismes,2,other
reflective practice,2,other
individualism liberalism,2,other
reflexión,2,other
reflections theory,2,other
reflections theme,2,other
reflections teaching,2,other
reflections south,2,other
reflections radical,2,other
reflections politics,2,other
reflections margaret,2,other
reflections living,2,other
reflexivity research,2,other
indissociable,2,other
individualist,2,other
refraction abolition,2,other
refugee girls,2,other
refugee crisis,2,other
refugee asylum,2,other
indigenous black,2,other
indigenous ecological,2,other
demands immigrants,2,other
reframe,2,other
refrains,2,other
refraction,2,other
refocusing,2,other
demanding equality,2,other
reformist,2,other
reformation,2,other
indigenous research,2,other
reform revolution,2,other
indigenous roots,2,other
indigenous woman,2,other
indigenous womens,2,other
reflections journey,2,other
reflections history,2,other
rede,2,other
industrial relations,2,other
delivered,2,other
industrial locale,2,other
redressing,2,other
redress,2,other
redoing feminism,2,other
cracks,2,other
redneck,2,other
redistribution recognition,2,other
redirecting,2,other
induction,2,other
redesigning,2,other
industrial work,2,other
delinquent,2,other
industry clients,2,other
redefining french,2,other
inequalities gender,2,other
redefining black,2,other
delilah,2,other
redux,2,other
cracking,2,other
reflections global,2,other
indonesia dalam,2,other
dels,2,other
reflections black,2,other
delphy,2,other
della donna,2,other
reflection liberal,2,other
della,2,other
indonesia case,2,other
reflecting years,2,other
indonesian female,2,other
referee,2,other
indonesian feminist,2,other
indonesian folktales,2,other
indonesian muslim,2,other
indonesian muslims,2,other
refiguring,2,other
indonesian novel,2,other
reference sources,2,other
delivered australian,2,other
death physician,2,other
inventing women,2,other
death female,2,other
current situation,2,other
policy case,2,other
critique collusion,2,other
policy elizabeth,2,other
cultures gender,2,other
policy joni,2,other
postfeminist trends,2,other
postfeminist times,2,other
policy preferences,2,other
cultures feminisms,2,other
postfeminist era,2,other
cultures 1879,2,other
postfeminist contradictions,2,other
postfeminist beauty,2,other
postfeminist age,2,other
policy research,2,other
postfeminism women,2,other
postfeminism popular,2,other
postfeminism neoliberalism,2,other
postfeminism contemporary,2,other
postimperial,2,other
postimperial nation,2,other
postindustrial,2,other
postmodern post,2,other
criticism feminist,2,other
postmodernism lesbian,2,other
criticism gender,2,other
postmodernism gender,2,other
criticism literary,2,other
postmodernism critique,2,other
postmodernism central,2,other
policing visible,2,other
postmodern legal,2,other
postkoloniale,2,other
cuomo feminism,2,other
cuomo,2,other
postmodern culture,2,other
postmodern age,2,other
criticisms,2,other
criticizing,2,other
cultures technologics,2,other
postkolonialen,2,other
culture subjectivity,2,other
poster,2,other
culture study,2,other
post modernismo,2,other
culture postfeminist,2,other
politely advancing,2,other
culture political,2,other
culture poetry,2,other
post postfeminism,2,other
critique lisa,2,other
culture new,2,other
post neoliberal,2,other
politic technology,2,other
post suffrage,2,other
critique mandatory,2,other
political actors,2,other
critique modernity,2,other
culture marriage,2,other
culture making,2,other
critique patriarchy,2,other
post critical,2,other
culture life,2,other
politely,2,other
post transition,2,other
culture studies,2,other
culture radical,2,other
culture sophia,2,other
policy responses,2,other
critique et,2,other
culture sex,2,other
culture series,2,other
policy social,2,other
culture reading,2,other
policy studies,2,other
policy women,2,other
post trump,2,other
policymaking,2,other
critique experience,2,other
culture race,2,other
culture queer,2,other
post women,2,other
poligami dalam,2,other
polina,2,other
polina mackay,2,other
police violence,2,other
postnatal depression,2,other
philosophy new,2,other
postnational feminism,2,other
power reading,2,other
power prostitution,2,other
cyber harassment,2,other
power possibilities,2,other
power popular,2,other
critical response,2,other
power political,2,other
plus ça,2,other
power pedagogy,2,other
power memory,2,other
power love,2,other
power limits,2,other
power leela,2,other
podcasting,2,other
power language,2,other
podcasting feminism,2,other
power influence,2,other
power ideology,2,other
critical sociology,2,other
pluriversal,2,other
cyberbullying,2,other
cyberfeminists,2,other
critical realist,2,other
critical praxis,2,other
plaza,2,other
da literatura,2,other
plaza mayo,2,other
critical qualitative,2,other
pleasure consuming,2,other
czech feminism,2,other
czech cinema,2,other
pleasures feminism,2,other
cybernetics,2,other
cynthia crysdale,2,other
plotinus,2,other
cyclone,2,other
cycles,2,other
cyborgs science,2,other
pluralist feminism,2,other
critical research,2,other
cybernetics feminism,2,other
power global,2,other
critical spaces,2,other
poehler,2,other
postsocialist china,2,other
postwar japanese,2,other
poetry reading,2,other
curse,2,other
posture,2,other
point feminism,2,other
poststructural feminist,2,other
poststructural feminism,2,other
poststructural discourse,2,other
critical writing,2,other
curtain,2,other
poison,2,other
curriculum studies,2,other
postsecular feminism,2,other
postscript,2,other
postracial,2,other
postpositivist,2,other
postpartum period,2,other
pole dancing,2,other
postwar reconstruction,2,other
poetry china,2,other
critical systems,2,other
pour les,2,other
power dynamics,2,other
poems feminism,2,other
customary,2,other
power body,2,other
poems sylvia,2,other
power age,2,other
poverty gender,2,other
poetess,2,other
potter books,2,other
potency,2,other
poetics politics,2,other
potentially,2,other
curtis,2,other
potentialities,2,other
potential feminism,2,other
potential contemporary,2,other
critical traditions,2,other
poetry adrienne,2,other
culture investigating,2,other
post 1989,2,other
culture home,2,other
possible critiques,2,other
politics visible,2,other
politics turkey,2,other
politics trinh,2,other
crossing borders,2,other
cultural affective,2,other
politics transition,2,other
cultura popular,2,other
politically engaged,2,other
cultivating ethical,2,other
politics smart,2,other
politics sisterhood,2,other
politics sexuality,2,other
crossing boundaries,2,other
politicising,2,other
cultivate,2,other
politics science,2,other
politics schooling,2,other
politics rise,2,other
cult ure,2,other
politics vulnerability,2,other
politics water,2,other
political young,2,other
cultural citizenship,2,other
cultural contradictions,2,other
cultural context,2,other
polskim,2,other
pollution,2,other
pollock,2,other
political theoretical,2,other
cultural competence,2,other
politischen den,2,other
politiques,2,other
politics western,2,other
cultural challenges,2,other
crossing border,2,other
politics world,2,other
cultural boundaries,2,other
politics work,2,other
political whiteness,2,other
politics woman,2,other
politics witnessing,2,other
cuidados,2,other
cui yingying,2,other
cui,2,other
politics making,2,other
politics movement,2,other
politics motherhood,2,other
cuando,2,other
ct yale,2,other
politics medicine,2,other
politics mass,2,other
politics masculinity,2,other
politics mary,2,other
crossroad 1989,2,other
politics naming,2,other
crítica para,2,other
crítica del,2,other
crossroads gender,2,other
création,2,other
crown,2,other
crysdale,2,other
crt,2,other
crying,2,other
politics muslim,2,other
crossover,2,other
crossing divide,2,other
cuerpos,2,other
cuestión del,2,other
politicking politely,2,other
cuestiones,2,other
politics reading,2,other
politics radical,2,other
politics protection,2,other
politics prose,2,other
politics predators,2,other
cuerpo territorio,2,other
politics ordinary,2,other
cuerpo en,2,other
politics popular,2,other
crossings feminist,2,other
politics 1970s,2,other
politics pleasure,2,other
politics aesthetics,2,other
politics performance,2,other
politics paradoxes,2,other
polygynous,2,other
polygyny,2,other
political subjectivity,2,other
political movement,2,other
portugal spain,2,other
portrayals women,2,other
culture analysis,2,other
culture africa,2,other
portrayal female,2,other
portrayal black,2,other
culture academic,2,other
culturally sustaining,2,other
portia,2,other
posibilidades,2,other
portals enacting,2,other
portals audiences,2,other
cultural wealth,2,other
portal,2,other
portable,2,other
political opportunity,2,other
porous,2,other
cultural transfer,2,other
croatia,2,other
posisi,2,other
pornography future,2,other
possessed,2,other
culture entangled,2,other
possibilities writing,2,other
possibilities social,2,other
possibilities resistance,2,other
possibilities limits,2,other
critique virtuous,2,other
culture cultural,2,other
possessing,2,other
critique western,2,other
posisi perempuan,2,other
critiques knowing,2,other
political gender,2,other
political geography,2,other
culture celebrity,2,other
critiques work,2,other
culture case,2,other
culture britain,2,other
culture boredom,2,other
pornography movement,2,other
cultural study,2,other
política en,2,other
cultural encounters,2,other
popular misogyny,2,other
popular media,2,other
cultural geographies,2,other
cultural feminist,2,other
popular discourse,2,other
cultural factors,2,other
cultural environments,2,other
pop idol,2,other
political rights,2,other
popular novel,2,other
cross ideological,2,other
cultural difference,2,other
cross purposes,2,other
political social,2,other
políticos,2,other
cultural demands,2,other
political spaces,2,other
political strategies,2,other
cross generations,2,other
cultural identities,2,other
political orientation,2,other
political perspective,2,other
pornographies,2,other
porno,2,other
political party,2,other
political perception,2,other
cultural readings,2,other
cultural products,2,other
populist radical,2,other
populist discourse,2,other
cross fertilization,2,other
popular romance,2,other
populism feminist,2,other
political potential,2,other
political practices,2,other
cultural perspectives,2,other
cultural meaning,2,other
cultural marxism,2,other
cultural intelligence,2,other
popular television,2,other
da produção,2,other
plays women,2,other
da tradução,2,other
issue doctoral,2,other
davis mary,2,other
programs women,2,other
programs girls,2,other
isha,2,other
isherwood,2,other
isis,2,other
isixhosa,2,other
davis durham,2,other
islam family,2,other
davina cooper,2,other
islam feminisms,2,other
islam gender,2,other
crisis masculinity,2,other
professor māori,2,other
physical activities,2,other
islam women,2,other
davina,2,other
islamic context,2,other
david richards,2,other
phyllis schlafly,2,other
progress species,2,other
isbn 8147,2,other
projections,2,other
promised,2,other
irresolution,2,other
promiscuity,2,other
prominence,2,other
prologomena future,2,other
prologomena,2,other
proliferation,2,other
crisis feminist,2,other
photovoice study,2,other
progression south,2,other
isabelle courtivron,2,other
dawi,2,other
isbn 252,2,other
progressives,2,other
isbn 4039,2,other
progressive text,2,other
progressive era,2,other
isbn 8047,2,other
david lloyd,2,other
professionalism feminism,2,other
islamic fundamentalism,2,other
procedure,2,other
prodigal,2,other
processo,2,other
crisis social,2,other
daughters 1968,2,other
isn just,2,other
process perspective,2,other
isn professor,2,other
procesos,2,other
procedural,2,other
producciones narrativas,2,other
problems translation,2,other
problems prospects,2,other
problems gender,2,other
problems feminist,2,other
isolation teacher,2,other
problems facing,2,other
problems boys,2,other
israel palestine,2,other
daughters bootblacks,2,other
islander,2,other
professional socialization,2,other
daughters women,2,other
professional middle,2,other
professional agency,2,other
physical appearance,2,other
profesi,2,other
islamic values,2,other
produção acadêmica,2,other
david henry,2,other
islamisms,2,other
production truth,2,other
daughters feminism,2,other
production knowledge,2,other
production critical,2,other
islamization,2,other
product review,2,other
product attributes,2,other
daughters jefferson,2,other
producing knowledge,2,other
crisis psychoanalysis,2,other
promised land,2,other
irresistible,2,other
promises feminism,2,other
ira,2,other
invited,2,other
invoking feminism,2,other
involuntary celibacy,2,other
crisis centres,2,other
involved fatherhood,2,other
philosophy review,2,other
crisis contemporary,2,other
ir feminisms,2,other
protestant women,2,other
deaf women,2,other
deadline july,2,other
philosophy technology,2,other
iranian case,2,other
iranian cinema,2,other
protective legislation,2,other
protection racket,2,other
dead long,2,other
protecting women,2,other
providing,2,other
province sri,2,other
iranian metoo,2,other
prática,2,other
invenção,2,other
psikoanalisis,2,other
inversion,2,other
investigaciones,2,other
death author,2,other
investigación en,2,other
présentation,2,other
philosophy philosophy,2,other
philosophy race,2,other
invisible visible,2,other
dearest,2,other
proyectos,2,other
investigating postfeminist,2,other
investigation relationship,2,other
deals,2,other
invisibility postcolonial,2,other
invisible mistress,2,other
provincializing,2,other
protecting privileges,2,other
iranian social,2,other
promising,2,other
iron lady,2,other
proposal political,2,other
irish literature,2,other
prophetic,2,other
prophesy,2,other
irish studies,2,other
irish theatre,2,other
day china,2,other
iron jawed,2,other
prone,2,other
propostas,2,other
prompts,2,other
ironic,2,other
ironing,2,other
promotion protection,2,other
dawn wallin,2,other
promoting feminism,2,other
promote social,2,other
irreducible,2,other
irish feminism,2,other
day day,2,other
protagonists,2,other
prostitute client,2,other
dead end,2,other
prostitution trafficking,2,other
prostitution sexual,2,other
prostitution sex,2,other
phiri,2,other
prostitution female,2,other
ireland india,2,other
prostitutes,2,other
ireland spain,2,other
prose fiction,2,other
prosthetic,2,other
prospects feminism,2,other
day shadow,2,other
prospective cohort,2,other
day feminism,2,other
prospect,2,other
prosecuting,2,other
prose performativity,2,other
daughter relationship,2,other
problematising,2,other
da vinci,2,other
dating shows,2,other
dan kekerasan,2,other
dan islam,2,other
place power,2,other
dan implikasinya,2,other
presidential address,2,other
place region,2,other
place woman,2,other
place women,2,other
preservice,2,other
critical discursive,2,other
presents futures,2,other
presents,2,other
dan aliran,2,other
damsels distress,2,other
plague,2,other
dampak,2,other
damono,2,other
damn,2,other
critical engagement,2,other
press 1979,2,other
dan laki,2,other
dan pendidikan,2,other
place character,2,other
pittsburgh,2,other
pity,2,other
pizan feminism,2,other
dangdut,2,other
critical dictionary,2,other
critical disability,2,other
dangarembga nervous,2,other
place black,2,other
dancing native,2,other
place like,2,other
dance music,2,other
place feminist,2,other
dana,2,other
place gender,2,other
dan sosiologi,2,other
dan perempuan,2,other
press 1988,2,other
place health,2,other
plain view,2,other
dames,2,other
dame,2,other
dalam al,2,other
dalam kumpulan,2,other
critical ir,2,other
dalam islam,2,other
plato feminism,2,other
critical mass,2,other
dalam gerakan,2,other
play play,2,other
dalam gelas,2,other
dakwah,2,other
dalam mimpi,2,other
play study,2,other
critical methodologies,2,other
dahlia,2,other
dahl crossley,2,other
playing games,2,other
critical postcolonial,2,other
dads,2,other
daddies,2,other
dalam masyarakat,2,other
platform vernacular,2,other
critical engagements,2,other
plant,2,other
critical essays,2,other
dallas,2,other
planned events,2,other
planners,2,other
critical gender,2,other
planning services,2,other
dalla,2,other
dalit literature,2,other
dalam video,2,other
dalam pembelajaran,2,other
plantation,2,other
critical human,2,other
dalam tiga,2,other
dalam serat,2,other
dalam rumah,2,other
critical intellectual,2,other
platform capitalism,2,other
dalam pemberdayaan,2,other
dangerous ideas,2,other
dangerous times,2,other
critical development,2,other
private governance,2,other
privilege digital,2,other
privilege building,2,other
pie,2,other
piece,2,other
private sphere,2,other
private sector,2,other
crisis women,2,other
private life,2,other
private feminism,2,other
picture world,2,other
private divide,2,other
piercy woman,2,other
privacy law,2,other
privacy feminism,2,other
data oceno,2,other
criteria,2,other
data collection,2,other
prism,2,other
picturing woman,2,other
crisis woman,2,other
pietrangeli director,2,other
problem domination,2,other
problemas,2,other
problema,2,other
physicality,2,other
problem solving,2,other
problem pornography,2,other
problem knowledge,2,other
problem heterosexuality,2,other
datasets,2,other
physician assisted,2,other
pro anti,2,other
problem breastfeeding,2,other
problem based,2,other
physiotherapy,2,other
probe,2,other
pro sex,2,other
datafication,2,other
pickup,2,other
pro family,2,other
priorities,2,other
print electronic,2,other
dangerously,2,other
press florida,2,other
daoist,2,other
pink chaddi,2,other
preterm infants,2,other
preterm,2,other
pink collar,2,other
pinky,2,other
press wave,2,other
press new,2,other
press 2024,2,other
prevention sexual,2,other
pioneer islamic,2,other
daniels,2,other
critical consciousness,2,other
pipelines,2,other
dangers,2,other
dangerously feminisms,2,other
piper,2,other
pirates,2,other
prevent,2,other
daring bad,2,other
das poetry,2,other
pillars,2,other
prinsip,2,other
principles social,2,other
principles research,2,other
piety afrikaans,2,other
das ciências,2,other
critic,2,other
pigs dig,2,other
critical agency,2,other
dark times,2,other
price holding,2,other
critical articulation,2,other
dark continent,2,other
pilots,2,other
daring care,2,other
primal,2,other
priests,2,other
priestesses,2,other
pingkan,2,other
impact science,2,other
impact formation,2,other
representations rape,2,other
shapers,2,other
genussystemet,2,other
anthology edited,2,other
geo political,2,other
complexities nuances,2,other
anthology vanished,2,other
shades grey,2,other
complexities feminist,2,other
shade,2,other
original sin,2,other
señoras ladies,2,other
señoras,2,other
geography childhood,2,other
geography gender,2,other
geography practice,2,other
sexually objectifying,2,other
anthropocene assessing,2,other
geography space,2,other
sexualization feminism,2,other
sexualization culture,2,other
contextualized,2,other
gentileschi drama,2,other
oriented research,2,other
shange colored,2,other
shape online,2,other
ante el,2,other
genius clémence,2,other
shannon sullivan,2,other
genocide palestinian,2,other
genomics,2,other
complexity theory,2,other
contextuality,2,other
genre female,2,other
anthologizing,2,other
shane phelan,2,other
genre feminism,2,other
antecedents consequences,2,other
shameless,2,other
shamed,2,other
shame visibility,2,other
genre la,2,other
shame nation,2,other
anthropocene feminism,2,other
geography spatial,2,other
anthropocene feminisms,2,other
origins uses,2,other
geospatial technologies,2,other
contextualizing feminism,2,other
gerhard,2,other
sexual subjectivity,2,other
sexual slavery,2,other
origins second,2,other
sexual selection,2,other
sexual scripts,2,other
sexual satisfaction,2,other
george sand,2,other
german cultural,2,other
sexual revolutions,2,other
anti essentialist,2,other
german democratic,2,other
sexual relations,2,other
sexual practices,2,other
sexual power,2,other
anti fat,2,other
geospatial,2,other
george routledge,2,other
sexuality social,2,other
sexuality male,2,other
sexuality scp,2,other
sexuality rhetoric,2,other
sexuality research,2,other
sexuality power,2,other
anthropological theory,2,other
sexuality politics,2,other
sexuality motherhood,2,other
origins american,2,other
geopolitics feminism,2,other
sexualities feminism,2,other
sexuality identity,2,other
anthros,2,other
complex feminism,2,other
george bernard,2,other
sexuality essays,2,other
complex analysis,2,other
george gissing,2,other
george herbert,2,other
orientation product,2,other
geni jora,2,other
compelling engagements,2,other
antagonisms,2,other
annie besant,2,other
generation lahore,2,other
shop,2,other
orgasms,2,other
shock practicing,2,other
generational change,2,other
shobha,2,other
shiva,2,other
shireen roshanravan,2,other
shireen,2,other
shire,2,other
shirazy,2,other
shira tarrant,2,other
shira,2,other
generational differences,2,other
shin,2,other
shildrick 1997,2,other
generational dynamics,2,other
annotation,2,other
short fiction,2,other
short form,2,other
generation feminist,2,other
anne bronte,2,other
anne boittin,2,other
siege,2,other
organizing case,2,other
organizing feminism,2,other
sideways,2,other
sick,2,other
organizing human,2,other
shrinking,2,other
organizing second,2,other
anne logan,2,other
showalter,2,other
shouldn,2,other
shoulders,2,other
organs,2,other
shorter notice,2,other
shorter,2,other
generating feminisms,2,other
short surprising,2,other
generational feminism,2,other
generational indigenous,2,other
shifting gender,2,other
contextual study,2,other
genes,2,other
orientalism challenge,2,other
sharp,2,other
sharon meagher,2,other
genesis ecology,2,other
sharma,2,other
ant,2,other
shariah,2,other
genetics feminism,2,other
shatta,2,other
shari ah,2,other
orientalist,2,other
contextualism,2,other
geni,2,other
shaping identity,2,other
shaping gender,2,other
shaping feminist,2,other
shaping american,2,other
anouilh,2,other
shatta music,2,other
annotations,2,other
shell,2,other
annual meeting,2,other
sheryl sandberg,2,other
sheryl,2,other
sherene,2,other
contextual embeddedness,2,other
generative spaces,2,other
shelter,2,other
generativity,2,other
shekhinah,2,other
anos,2,other
genere,2,other
sheep,2,other
sheds australia,2,other
generic,2,other
generous,2,other
shayne,2,other
shaw mrs,2,other
shaw feminisms,2,other
german digital,2,other
origins wave,2,other
sexual minority,2,other
sexual minorities,2,other
serisier speaking,2,other
serisier,2,other
otome game,2,other
series vol,2,other
series lt,2,other
otoritas,2,other
girls development,2,other
serene khader,2,other
serene,2,other
serena mayeri,2,other
girls educational,2,other
girls experiences,2,other
girls explanations,2,other
girls ghostbusters,2,other
september 11th,2,other
girls home,2,other
separatist,2,other
girls online,2,other
girls post,2,other
sermon,2,other
servant leadership,2,other
girlhood feminism,2,other
girard,2,other
gilman herland,2,other
gilman reassessing,2,other
setting new,2,other
giménez,2,other
othered,2,other
competing feminist,2,other
setiyadi kajian,2,other
setiyadi,2,other
girish,2,other
servants,2,other
girl club,2,other
girl dragon,2,other
girl feminism,2,other
contingency,2,other
girl rock,2,other
service teachers,2,other
girl social,2,other
girlband,2,other
separating,2,other
girls social,2,other
seorang,2,other
semiotika feminisme,2,other
glaspell trifles,2,other
sensations,2,other
sensationalism,2,other
ottoman feminism,2,other
senegal,2,other
glass half,2,other
semusim,2,other
semitism,2,other
glenn,2,other
glamour women,2,other
contingentes,2,other
global 1930s,2,other
semiotic analysis,2,other
global activism,2,other
seminar,2,other
outcome,2,other
global arena,2,other
global capitalism,2,other
sense digital,2,other
sense gender,2,other
sentiments,2,other
sensory,2,other
girls success,2,other
girls young,2,other
sentiment social,2,other
sentiment analysis,2,other
girly,2,other
sentences,2,other
sentenced everyday,2,other
sentenced,2,other
gisela,2,other
sense new,2,other
sensitive research,2,other
gisela kaplan,2,other
sensing,2,other
sensible antiporn,2,other
gissing odd,2,other
sensibility pride,2,other
glamorous,2,other
sense sensibility,2,other
gillian dow,2,other
gill,2,other
gilgamesh,2,other
complaints,2,other
sexting,2,other
sexo raça,2,other
sexist language,2,other
gestación,2,other
gestational,2,other
gestational surrogacy,2,other
sexism misogyny,2,other
sexism gender,2,other
orthodox haredi,2,other
ort des,2,other
sexism advertising,2,other
sexgender,2,other
getting personal,2,other
competitiveness,2,other
sexbots,2,other
ghazali,2,other
anticarceral feminism,2,other
sex woman,2,other
anti semitism,2,other
sexual appeals,2,other
sex war,2,other
anti oedipus,2,other
german identity,2,other
german social,2,other
sexual identities,2,other
anti immigration,2,other
orleans,2,other
anti militarism,2,other
orr,2,other
sexual experiences,2,other
sexual equality,2,other
ort,2,other
germany today,2,other
anti oppression,2,other
anti oppressive,2,other
sexual conflict,2,other
sexual citizenship,2,other
sexual behaviour,2,other
germany united,2,other
sexual asymmetry,2,other
ghosh,2,other
anticipatory,2,other
gilbert reviewed,2,other
oryx,2,other
sex freedom,2,other
sex feminist,2,other
gibson,2,other
sex fear,2,other
sex extinction,2,other
sex existence,2,other
gift,2,other
sex drugs,2,other
gig,2,other
sex hormones,2,other
sex couples,2,other
sex conversation,2,other
gig economy,2,other
sex character,2,other
sex beauvoir,2,other
sex american,2,other
oryx crake,2,other
sewing,2,other
giant,2,other
orthodoxy feminism,2,other
sex toy,2,other
anticolonial feminism,2,other
sex tourism,2,other
sex therapy,2,other
sex talk,2,other
sex study,2,other
orthodoxy challenge,2,other
sex self,2,other
ghost girls,2,other
ghost machine,2,other
sex relationships,2,other
sex integration,2,other
sex radicals,2,other
anticolonialism,2,other
ghostbusters,2,other
ghostbusters popular,2,other
sex parented,2,other
sex money,2,other
ghostly,2,other
sex love,2,other
gendering working,2,other
siglo xxi,2,other
annals,2,other
cruising,2,other
operational,2,other
concepción,2,other
gender disability,2,other
operations feminism,2,other
social model,2,other
comunitaria,2,other
gender disparity,2,other
gender division,2,other
social la,2,other
gender dysphoria,2,other
social interaction,2,other
comunidad,2,other
social inequities,2,other
gender employment,2,other
gender empowerment,2,other
gender english,2,other
social identities,2,other
opportunities limitations,2,other
social health,2,other
operate,2,other
social ontology,2,other
social organization,2,other
social production,2,other
social representations,2,other
concept intersectionality,2,other
opening doors,2,other
social reality,2,other
social purity,2,other
openings,2,other
social protest,2,other
social protection,2,other
social problems,2,other
operas,2,other
contemporâneos sobre,2,other
social practices,2,other
gender debate,2,other
social position,2,other
social politics,2,other
gender decolonial,2,other
gender di,2,other
social participation,2,other
social gospel,2,other
social geography,2,other
social gender,2,other
social attitudes,2,other
social constructionism,2,other
comrades sisters,2,other
social connectedness,2,other
gender far,2,other
social citizenship,2,other
gender financial,2,other
gender fluid,2,other
opposition feminism,2,other
social aspects,2,other
social context,2,other
oppositional imagination,2,other
gender global,2,other
gender hate,2,other
sobriety,2,other
sobre tráfico,2,other
gender higher,2,other
comrade,2,other
computing,2,other
social constructivism,2,other
social criticism,2,other
social forum,2,other
social economics,2,other
gender environmental,2,other
gender equal,2,other
opportunities women,2,other
social environmental,2,other
social entrepreneurship,2,other
comtemporary,2,other
social en,2,other
social egg,2,other
oppose,2,other
gender everyday,2,other
social discourse,2,other
opposing,2,other
opposites,2,other
social departure,2,other
social democrats,2,other
social democratic,2,other
gender european,2,other
social del,2,other
gender contribution,2,other
gender contemporary,2,other
analysis research,2,other
society reflected,2,other
sociobiology feminism,2,other
gender american,2,other
concept self,2,other
analysis misogyny,2,other
analysis modern,2,other
analysis narratives,2,other
society young,2,other
society study,2,other
society organizations,2,other
gender affect,2,other
gender anthropology,2,other
analysis new,2,other
gender artificial,2,other
society case,2,other
society 1920s,2,other
analysis novel,2,other
analysis online,2,other
societal level,2,other
gender aging,2,other
socioeconomic factors,2,other
sociedad,2,other
sociology critical,2,other
sociopolitical development,2,other
analysis legal,2,other
sociomaterial,2,other
sociology sport,2,other
gd,2,other
geetanjali,2,other
gelas,2,other
sociology education,2,other
ontario works,2,other
gender advertising,2,other
sociologists,2,other
conception civil,2,other
sociologically,2,other
sociological research,2,other
sociological reflections,2,other
sociological imagination,2,other
sociological analysis,2,other
analysis meaning,2,other
analysis pakistani,2,other
gender asian,2,other
contemporâneos,2,other
gender capital,2,other
sociala underordning,2,other
sociala,2,other
social workers,2,other
social worker,2,other
analysis protest,2,other
social welfare,2,other
social transformations,2,other
analysis qur,2,other
analysis radical,2,other
gender budgeting,2,other
concept patriarchy,2,other
contemporânea,2,other
gender challenge,2,other
gender city,2,other
social service,2,other
social security,2,other
open source,2,other
analysis representative,2,other
gender campaigns,2,other
socialism china,2,other
ontology reflections,2,other
socialist feminists,2,other
socially responsible,2,other
gender autobiography,2,other
analysis participant,2,other
analysis participatory,2,other
gender awareness,2,other
ontology sex,2,other
gender biased,2,other
socialist strategies,2,other
analysis perspective,2,other
socialism europe,2,other
analysis policy,2,other
gender blindness,2,other
socialism wave,2,other
socialism socialist,2,other
socialism pacifism,2,other
gender body,2,other
onwueme,2,other
analysis portrayals,2,other
sobre el,2,other
gender imagining,2,other
significado,2,other
oppression individual,2,other
sir,2,other
sinn,2,other
gendered education,2,other
singular,2,other
organizational change,2,other
organizational commitment,2,other
single women,2,other
gendered hierarchies,2,other
organizational communication,2,other
single mother,2,other
single girl,2,other
organizational culture,2,other
gendered impacts,2,other
gendered implications,2,other
singaporean women,2,other
singaporean,2,other
gendered islamophobia,2,other
sinetron,2,other
sindicato,2,other
gendered economy,2,other
sista hood,2,other
sistema,2,other
sisterly,2,other
site feminist,2,other
context german,2,other
compromise,2,other
organization feminism,2,other
sit,2,other
gendered assumptions,2,other
animal advocacy,2,other
gendered body,2,other
sisterhood western,2,other
animal rights,2,other
organization theory,2,other
sisterhood racism,2,other
gendered difference,2,other
sisterhood feminism,2,other
gendered dimensions,2,other
sister outsider,2,other
composing,2,other
gendered discourses,2,other
sinclair feminism,2,other
gendered norms,2,other
sina weibo,2,other
signs women,2,other
silencing sexual,2,other
gendering environmental,2,other
anita nair,2,other
organized feminism,2,other
organizers,2,other
ann doane,2,other
sikh diasporic,2,other
complications,2,other
anna doyle,2,other
contexts politics,2,other
gendering state,2,other
signification,2,other
anna karenina,2,other
gendering union,2,other
significance comparable,2,other
significance affinity,2,other
anna lesznai,2,other
significados,2,other
anindita thayf,2,other
silicon,2,other
sina,2,other
similarity victim,2,other
gendered organizations,2,other
gendered perceptions,2,other
gendered perspective,2,other
gendered play,2,other
context psychoanalytic,2,other
animated movie,2,other
gendered practices,2,other
gendered racialized,2,other
gendered racism,2,other
gendered roles,2,other
similarities differences,2,other
gendered religious,2,other
simbólico,2,other
silvia stoller,2,other
silvia federici,2,other
anindita,2,other
gendered resistance,2,other
silko,2,other
ania,2,other
siti,2,other
angry women,2,other
computers,2,other
smart london,2,other
smart girls,2,other
smart feminism,2,other
smart economics,2,other
oppressive practice,2,other
angelina,2,other
small things,2,other
small scale,2,other
optation feminism,2,other
smash,2,other
optimal,2,other
sma,2,other
slutwalks,2,other
slutwalk feminism,2,other
contestations challenges,2,other
contested histories,2,other
slut shaming,2,other
option poor,2,other
smarter,2,other
smash patriarchy,2,other
slowly,2,other
snapshot,2,other
sob,2,other
soaps,2,other
soap operas,2,other
gender india,2,other
oppression social,2,other
angel tess,2,other
snapshots,2,other
snapshot academic,2,other
snakish lt,2,other
smedley,2,other
snakish,2,other
gender inequity,2,other
smyth,2,other
smooth,2,other
smoking,2,other
smith feminism,2,other
angela bowen,2,other
smiling,2,other
contested relationship,2,other
slovakia,2,other
compromised,2,other
compte,2,other
skill,2,other
sketching,2,other
sketches,2,other
sketch,2,other
skepticism,2,other
skeptical,2,other
skateboarding,2,other
siècle feminism,2,other
size fits,2,other
angle feminism,2,other
org digital,2,other
compromises,2,other
situational,2,other
situation women,2,other
anglophone african,2,other
situating theory,2,other
organisational,2,other
organisational factors,2,other
angle lens,2,other
contests,2,other
slote impossibility,2,other
anger conciliation,2,other
oral health,2,other
computation,2,other
slit,2,other
slipping,2,other
oral tradition,2,other
orang,2,other
compulsory heterosexuality,2,other
slayer contemporary,2,other
slavery racism,2,other
skins transactional,2,other
slavery feminism,2,other
anger patriarchy,2,other
slang,2,other
slacktivism,2,other
order taiwan,2,other
contested visions,2,other
contesting core,2,other
compte rendu,2,other
global citizen,2,other
selling women,2,other
representations social,2,other
review exploring,2,other
des mouvements,2,other
revaluing french,2,other
revaluing,2,other
rev,2,other
returns,2,other
identities analysis,2,other
returnees,2,other
returnee,2,other
identities estonia,2,other
return home,2,other
return feminist,2,other
identities ethico,2,other
retrieving experience,2,other
identities higher,2,other
identities resistance,2,other
identities social,2,other
identities study,2,other
rethinking women,2,other
rethinking translation,2,other
identiteit,2,other
identitas gender,2,other
comment majid,2,other
identification feminists,2,other
review diversity,2,other
review diane,2,other
review data,2,other
review contemporary,2,other
review christian,2,other
review chicana,2,other
review catherine,2,other
review capitalist,2,other
des sexes,2,other
revenge cycle,2,other
review application,2,other
review alice,2,other
review aftermath,2,other
review activist,2,other
identified feminists,2,other
identify,2,other
reverberations,2,other
des politischen,2,other
rethinking subjectivity,2,other
rethinking science,2,other
rethinking race,2,other
identity political,2,other
counter resistance,2,other
identity embodiment,2,other
identity entrepreneurial,2,other
identity era,2,other
restoration eighteenth,2,other
identity formation,2,other
restitution,2,other
rest,2,other
responsibility feminism,2,other
result,2,other
identity practices,2,other
responsibilities covid,2,other
identity question,2,other
identity religious,2,other
responses sexism,2,other
responses rape,2,other
responses gender,2,other
counter stereotypes,2,other
restructuring relations,2,other
identity community,2,other
rethinking philosophy,2,other
rethinking domestic,2,other
rethinking motherhood,2,other
des genres,2,other
identity action,2,other
rethinking global,2,other
identity activism,2,other
identity approach,2,other
rethinking ethics,2,other
rethinking ethical,2,other
rethinking disability,2,other
identity categories,2,other
identity attitudes,2,other
identity based,2,other
rethink,2,other
retheorizing,2,other
retelling tale,2,other
identity belonging,2,other
counter discourse,2,other
resurrection,2,other
identidade,2,other
ideas movements,2,other
selling feminism,2,other
review feminist,2,other
revisiting girlhood,2,other
revisiting gender,2,other
hyde,2,other
hypatia,2,other
hypermasculinity,2,other
revisited overview,2,other
revisited hybridized,2,other
revisited feminism,2,other
hysteria feminism,2,other
revisitando,2,other
revisit,2,other
revisions,2,other
hyun,2,other
revisioned,2,other
hätte,2,other
ian,2,other
revised,2,other
reviews sex,2,other
described,2,other
revisiting intersectionality,2,other
hybridized confucian,2,other
hybridized,2,other
husserlian,2,other
revolution question,2,other
revolution public,2,other
desde las,2,other
revolution new,2,other
revolution contemporary,2,other
revolution century,2,other
revolution alison,2,other
counseling women,2,other
husserlian phenomenology,2,other
descriptive representation,2,other
revolting,2,other
comments philosophy,2,other
revived,2,other
revitalizing,2,other
revitalization women,2,other
revitalization,2,other
revitalising,2,other
revisão,2,other
ibn,2,other
desconstrução,2,other
reviewer,2,other
ideas debates,2,other
desai novels,2,other
review making,2,other
idealism pragmatism,2,other
idealized,2,other
desafios,2,other
review lesbians,2,other
review legacy,2,other
review laura,2,other
review janet,2,other
review pin,2,other
review jane,2,other
review heart,2,other
review hay,2,other
review gyn,2,other
ideas ideals,2,other
ideas modern,2,other
review future,2,other
review finding,2,other
review paul,2,other
review politics,2,other
reviewed cheryl,2,other
review studies,2,other
iceland,2,other
ichiyo,2,other
descolonizar,2,other
icon awakens,2,other
review theoretical,2,other
review symposium,2,other
review susan,2,other
review surrogacy,2,other
review sojourning,2,other
review pre,2,other
review sexual,2,other
review science,2,other
review reviews,2,other
desarrollo,2,other
review recommendations,2,other
review recent,2,other
review psychosomatic,2,other
review producing,2,other
identity review,2,other
response women,2,other
response woman,2,other
identity safety,2,other
research feminist,2,other
illustrative cases,2,other
research female,2,other
illustrator,2,other
research elizabeth,2,other
ilmu,2,other
research development,2,other
research critical,2,other
research challenges,2,other
research centre,2,other
research canadian,2,other
countryside,2,other
research analysis,2,other
counts,2,other
research academic,2,other
im spiegel,2,other
rereading women,2,other
image god,2,other
image woman,2,other
illustration,2,other
research guide,2,other
illustrated,2,other
illuminate,2,other
research research,2,other
research relationship,2,other
research rationale,2,other
country town,2,other
research process,2,other
depoliticised feminism,2,other
research practical,2,other
ills,2,other
research online,2,other
research innovation,2,other
research note,2,other
research music,2,other
illus 24,2,other
depoliticised,2,other
depoliticisation repoliticisation,2,other
research method,2,other
research justice,2,other
research interview,2,other
depictions,2,other
images chinese,2,other
couple family,2,other
representing women,2,other
immigrants minority,2,other
immigration feminism,2,other
reproducción,2,other
reprint,2,other
immigration policy,2,other
denigration,2,other
repressed feminism,2,other
couple therapy,2,other
representing feminism,2,other
reproduction feminisms,2,other
represented jeanette,2,other
impact covid,2,other
representações,2,other
impact emotional,2,other
representatives,2,other
representativeness,2,other
impact female,2,other
representations young,2,other
dent,2,other
departments,2,other
depiction feminism,2,other
imaginative,2,other
depicted,2,other
republican feminism,2,other
imaginario,2,other
republic turkey,2,other
dependency care,2,other
dependence unfreedom,2,other
imagination essays,2,other
imaginations,2,other
imagine,2,other
immersion,2,other
imagined communities,2,other
imagining queer,2,other
imagining women,2,other
imam,2,other
reproductive control,2,other
immanence,2,other
reproductive aging,2,other
immaterial,2,other
research resources,2,other
depression african,2,other
research study,2,other
resisting veil,2,other
ideological feminist,2,other
ideological travelings,2,other
derecho,2,other
resolve,2,other
resolutions,2,other
resolution husserlian,2,other
resolution debate,2,other
ideology consumer,2,other
ideology empowerment,2,other
counterpoint,2,other
resisting female,2,other
derby grrrls,2,other
ideology practice,2,other
idiom,2,other
idiom failure,2,other
resistance theory,2,other
resistance resilience,2,other
resistance politics,2,other
resource development,2,other
resources feminism,2,other
counterpractice,2,other
respected contested,2,other
identity seventeenth,2,other
response able,2,other
counter trafficking,2,other
identity sexuality,2,other
identity social,2,other
respond sexism,2,other
identity south,2,other
respecto,2,other
respected,2,other
resources home,2,other
identity transformation,2,other
countercultural,2,other
respect feminism,2,other
identity work,2,other
resourcing,2,other
counternarratives,2,other
resources social,2,other
resources reading,2,other
resistance patriarchy,2,other
resistance neoliberalism,2,other
research systematic,2,other
resets,2,other
ika,2,other
resident,2,other
residence,2,other
iklan televisi,2,other
reshape,2,other
reseña,2,other
resettlement,2,other
resets chronology,2,other
researching gender,2,other
resignifications,2,other
countries world,2,other
researcher identity,2,other
ilana dann,2,other
research young,2,other
ilene,2,other
research theory,2,other
research theoretical,2,other
illiberal,2,other
residential care,2,other
depression lois,2,other
resistance metoo,2,other
resistance empowerment,2,other
der ort,2,other
resistance intersectionality,2,other
idoloclasm,2,other
idoloclasm task,2,other
resistance gender,2,other
ifying,2,other
counterpractice psychoanalysis,2,other
resistance everyday,2,other
resistance education,2,other
ii new,2,other
resistance creativity,2,other
resistance counter,2,other
depth psychology,2,other
igualdad género,2,other
resistance anti,2,other
ihsan,2,other
resist black,2,other
ihsan abdul,2,other
revolution women,2,other
hurston eyes,2,other
councils,2,other
palgrave handbook,2,other
grain,2,other
grammar feminism,2,other
grammars,2,other
gramsci,2,other
gramsci feminism,2,other
gran,2,other
ownership discussion,2,other
grant allen,2,other
contradictions anti,2,other
graphic design,2,other
graphic novel,2,other
graphing,2,other
grass roots,2,other
compass,2,other
oxford readings,2,other
grassroots organizing,2,other
great come,2,other
oxford univ,2,other
comparison traditional,2,other
owned,2,other
grafton,2,other
grafting medical,2,other
governments,2,other
gould,2,other
overview current,2,other
governance feminist,2,other
governance global,2,other
governance violent,2,other
governing global,2,other
governmental,2,other
contract pregnancy,2,other
gowaty,2,other
grafting,2,other
grabbing,2,other
overview literature,2,other
grace frankie,2,other
grade,2,other
ovid,2,other
graduate student,2,other
graduates,2,other
graffiteras,2,other
oxfordshire,2,other
oxymoronic,2,other
oz,2,other
contributions feminist,2,other
contributes,2,other
painter,2,other
contribution postcolonial,2,other
paintings,2,other
contributions challenges,2,other
pakistan 1981,2,other
pakistan analysis,2,other
pakistan aurat,2,other
comparative law,2,other
paham,2,other
pakistani feminism,2,other
pakistani media,2,other
contributions transnational,2,other
comparative historical,2,other
palace torah,2,other
comparative education,2,other
comparable worth,2,other
palestinian feminist,2,other
comparative politics,2,other
contributed,2,other
pa temple,2,other
pada tahun,2,other
comparison generation,2,other
pacific american,2,other
contrast,2,other
pacifism europe,2,other
pacifism feminism,2,other
comparative transnational,2,other
pada lirik,2,other
pada novel,2,other
padang bulan,2,other
pages 74,2,other
padmanabhan,2,other
pagan revival,2,other
page stage,2,other
contribuciones feministas,2,other
contribuições,2,other
pages 16,2,other
pages 17,2,other
pages 40,2,other
gothic film,2,other
compatibility feminism,2,other
got write,2,other
contra la,2,other
global trends,2,other
global village,2,other
global wave,2,other
global women,2,other
global world,2,other
continuous,2,other
globalisation studies,2,other
globalising,2,other
globalization feminism,2,other
global muslim,2,other
globalization human,2,other
globalized world,2,other
globalizing women,2,other
globe,2,other
outlook,2,other
gnosticism,2,other
outrage,2,other
goals future,2,other
continue,2,other
contingentes el,2,other
god holy,2,other
global digital,2,other
global city,2,other
global climate,2,other
global constitutionalism,2,other
global context,2,other
global contexts,2,other
global corporate,2,other
global cross,2,other
global development,2,other
global economic,2,other
global modernity,2,other
outcomes systematic,2,other
global fight,2,other
global higher,2,other
outdoor education,2,other
global intersections,2,other
outer,2,other
global market,2,other
global mission,2,other
god created,2,other
outrage order,2,other
overseas students,2,other
good motherhood,2,other
gonzalez,2,other
gonzález,2,other
good bad,2,other
good birth,2,other
good feminism,2,other
good little,2,other
good living,2,other
good mother,2,other
good natured,2,other
gone girl,2,other
good teaching,2,other
goodman review,2,other
goods,2,other
overlooked,2,other
gordimer,2,other
gordon,2,other
gospel women,2,other
goswami,2,other
gone teaching,2,other
gone far,2,other
god small,2,other
going gaga,2,other
godard,2,other
outrageous,2,other
goddess feminism,2,other
outreach,2,other
goddesses,2,other
godmother,2,other
outro,2,other
compelling,2,other
going global,2,other
compatible care,2,other
going life,2,other
going way,2,other
gold,2,other
goldberg moses,2,other
outside academia,2,other
contra mulheres,2,other
outside looking,2,other
goll,2,other
comparable,2,other
companionship,2,other
revolutionary desires,2,other
negativity,2,other
housekeeping,2,other
desire differently,2,other
desirable futures,2,other
housing community,2,other
howard government,2,other
howland,2,other
hsiu,2,other
commerce,2,other
hubertine,2,other
hubertine auclert,2,other
hudson,2,other
huellas,2,other
huffer,2,other
huffer lips,2,other
hugh,2,other
hugh kenner,2,other
hui,2,other
designing feminist,2,other
hukum islam,2,other
commercial surrogacy,2,other
household bargaining,2,other
desire perspective,2,other
hospitalized,2,other
destination,2,other
desperately seeking,2,other
desperately,2,other
costs benefits,2,other
hos,2,other
despair,2,other
desiring,2,other
hospitality industry,2,other
hospitals,2,other
house mango,2,other
hostel,2,other
cotera,2,other
hotbed,2,other
hotel room,2,other
houellebecq wreckage,2,other
hour feminism,2,other
hours,2,other
desire politics,2,other
hull,2,other
human ai,2,other
human beings,2,other
desde los,2,other
rhetoric american,2,other
humanos,2,other
humans,2,other
deseo,2,other
rewritten,2,other
humor gender,2,other
rewrites,2,other
cott grounding,2,other
hunger games,2,other
rhetoric post,2,other
hungry,2,other
revolutionizing feminism,2,other
hunt,2,other
revolutionary womanhood,2,other
cott new,2,other
revolutionary iran,2,other
revolutionary feminisms,2,other
huo,2,other
rhetoric negotiations,2,other
humanization disrupt,2,other
human bonds,2,other
design practice,2,other
human diversity,2,other
human feminism,2,other
designer,2,other
human human,2,other
designed,2,other
cotera maylei,2,other
human reproduction,2,other
human science,2,other
humanisation,2,other
rhetoric reaction,2,other
design new,2,other
humanism feminism,2,other
humanist perspective,2,other
humanist sociology,2,other
design experiments,2,other
design designers,2,other
humanities social,2,other
humanization,2,other
costa rica,2,other
destroying joint,2,other
costa,2,other
cop,2,other
community care,2,other
conversations introduction,2,other
community advocates,2,other
community activist,2,other
communities online,2,other
conversations past,2,other
communitas,2,other
conway,2,other
communion,2,other
conversations generations,2,other
cope,2,other
copenhagen,2,other
coping strategies,2,other
communication living,2,other
communication culture,2,other
cornelia,2,other
corner,2,other
communication approaches,2,other
community cohesion,2,other
community cultural,2,other
communalism,2,other
community studies,2,other
control feminism,2,other
control regimes,2,other
controls,2,other
companion media,2,other
controversy feminist,2,other
community women,2,other
community values,2,other
community theory,2,other
community service,2,other
conversation sexuality,2,other
community members,2,other
community learning,2,other
converging,2,other
converging realities,2,other
conversaciones,2,other
community feminism,2,other
community disagreement,2,other
conversation black,2,other
corner gender,2,other
development critique,2,other
destruction,2,other
cosmologies,2,other
commodified,2,other
deutschen,2,other
commodification art,2,other
detoxifying,2,other
determined,2,other
determination perspective,2,other
committees,2,other
cosmofeminism,2,other
detention feminist,2,other
deutschland,2,other
cosmopolitan feminism,2,other
cosmopolitics,2,other
detective fiction,2,other
commitment ending,2,other
details,2,other
commission status,2,other
destructive,2,other
commission human,2,other
cosmo,2,other
devaluing,2,other
commonwealth higher,2,other
commonly,2,other
development critical,2,other
development contradictions,2,other
development contemporary,2,other
corporeal subjectivity,2,other
development case,2,other
development brazil,2,other
development black,2,other
development agenda,2,other
development africa,2,other
cosmetics,2,other
correct,2,other
commonalities,2,other
development 21st,2,other
developing world,2,other
developing intersectional,2,other
common grounds,2,other
corruption,2,other
developed,2,other
occupational therapy,2,other
