word,count
feminism,10741
women,3926
feminist,2528
gender,2306
politics,1069
social,1047
new,931
feminisms,915
theory,820
review,682
study,628
research,610
critical,605
black,596
analysis,591
studies,579
education,548
political,535
female,523
woman,486
history,481
american,461
movement,455
work,444
culture,443
sexual,434
sex,427
contemporary,417
university,414
identity,411
media,403
press,398
post,397
violence,395
perspective,375
rights,369
power,368
global,366
science,359
cultural,359
la,358
men,340
transnational,337
case,335
century,332
race,331
introduction,330
book,323
pp,323
law,318
activism,317
wave,316
development,310
practice,305
world,298
health,298
discourse,298
family,293
african,286
international,285
justice,283
anti,282
literature,281
equality,280
state,277
art,276
modern,274
body,265
life,262
self,258
making,254
south,253
perspectives,252
radical,246
digital,246
ethics,246
philosophy,245
change,245
care,238
public,232
book review,232
human,226
writing,224
film,223
gendered,220
difference,219
queer,213
resistance,209
university press,208
policy,208
representation,208
en,207
sexuality,207
community,206
future,203
young,198
class,196
war,195
95,193
exploring,192
approach,192
wave feminism,191
islamic,190
age,189
liberal,187
critique,187
chinese,185
girls,185
popular,185
role,181
knowledge,181
early,179
intersectionality,178
reading,178
york,177
white,176
french,176
new york,175
scp,175
africa,174
amp,174
novel,173
intersectional,171
learning,171
teaching,170
experiences,169
second,168
reflections,168
religion,167
feminism women,167
america,166
relations,165
society,165
bodies,163
fiction,163
impact,162
movements,161
psychology,161
domestic,157
practices,156
western,155
china,155
context,155
black feminism,154
based,153
india,153
united,151
right,151
male,150
dalam,150
feminists,145
gender equality,145
muslim,145
literary,144
legal,144
postcolonial,144
time,141
online,141
question,141
lesbian,140
understanding,140
indigenous,140
identities,139
language,139
feminism gender,138
revolution,137
british,137
empowerment,134
neoliberal,134
psychoanalysis,133
love,133
working,133
action,131
space,131
el,131
agency,130
isbn,130
rethinking,130
states,130
masculinity,129
patriarchy,129
qualitative,129
discourses,129
children,129
challenges,129
trans,128
narratives,127
motherhood,126
freedom,126
era,126
mary,126
women feminism,125
lt,125
women movement,124
home,123
historical,123
leadership,123
people,123
students,123
gt,122
feminist theory,122
rape,122
00,121
diversity,121
attitudes,120
higher,119
experience,119
data,119
islam,119
liberation,119
democracy,119
narrative,118
thinking,117
pedagogy,117
issues,117
australian,116
construction,116
paper,115
spaces,114
london,113
thought,113
translation,113
crisis,113
second wave,113
perempuan,112
united states,111
europe,111
performance,111
struggle,110
higher education,110
feminism politics,109
sport,108
citizenship,108
socialist,108
academic,108
black women,107
feminisme,107
guides,107
case study,107
technology,107
transnational feminism,107
using,107
religious,105
theories,105
english,104
european,104
comparative,103
women rights,103
indian,103
decolonial,102
problem,102
disability,102
girl,102
marriage,101
times,101
strategies,101
latin,101
liberal feminism,101
stories,100
19,99
nationalism,99
femininity,98
place,98
national,97
islamic feminism,97
music,97
environmental,97
mothers,97
voices,97
mother,97
implications,97
social media,96
representations,96
personal,95
eco,95
britain,94
rise,94
subject,93
ideology,93
years,93
labor,93
response,92
gender feminism,92
solidarity,92
nature,92
jewish,91
approaches,91
cinema,91
women studies,91
peace,91
asian,91
conflict,91
criticism,90
postmodern,90
school,89
participation,89
socialism,89
christian,89
view,89
colonial,88
twentieth,88
dan,87
challenge,87
man,87
building,87
non,87
edited,86
television,86
reproduction,86
lives,86
theoretical,86
cloth,86
nation,86
novels,85
cross,85
story,85
racism,85
canadian,85
1970s,85
postmodernism,85
influence,84
negotiating,84
does,84
human rights,83
like,83
everyday,83
labour,83
moral,83
child,83
concept,83
debate,83
abortion,83
scholarship,82
transformation,82
relationship,82
rhetoric,82
chapter,81
doing,81
reviews,81
feminism social,81
twentieth century,81
economy,80
limits,80
use,80
capitalism,80
reform,80
reproductive,80
radical feminism,79
changing,79
agenda,79
equity,79
poetry,79
indonesia,79
del,78
urban,78
differences,78
essays,78
communication,78
city,78
west,78
subjectivity,77
research guides,77
art feminism,77
maternal,77
feminine,77
works,77
sociology,76
present,76
canada,76
just,76
france,76
post feminism,76
middle,76
covid,75
marxism,75
feminismo,75
management,74
roles,74
rural,74
state feminism,74
foucault,74
margaret,74
social work,73
security,73
theology,73
collective,73
las,73
arab,73
marxist,72
praxis,72
beauvoir,72
color,72
england,72
los,72
eco feminism,72
image,71
need,71
communities,71
left,71
victorian,70
process,70
popular culture,70
feminism new,70
ethical,70
discourse analysis,70
nineteenth,70
east,69
lt gt,69
youth,69
embodied,69
good,69
sexism,69
design,69
south africa,69
routledge,69
north,69
australia,69
social justice,69
uk,69
modernity,69
sup,68
covid 19,68
di,68
american women,68
intimate,68
cambridge,68
climate,68
social change,68
production,68
consciousness,68
civil,68
conversation,67
masculinities,67
histories,67
ecological,67
perspective feminism,67
interview,67
turn,67
elizabeth,67
local,67
et,67
gay,66
muslim women,66
possibilities,66
international relations,66
globalization,66
theorizing,66
living,66
geography,65
sexual violence,65
writers,65
status,65
978,65
methodology,65
reader,65
jane,65
alternative,65
50,64
voice,64
abuse,64
books,64
neoliberalism,64
al,64
metoo,63
technologies,63
american feminism,63
pornography,63
critical race,63
nursing,63
way,63
futures,63
lens,63
relationships,63
dialogue,63
teacher,62
model,62
career,62
oxford,62
suffrage,62
italian,62
evolution,62
gender studies,62
economic,62
issue,62
gendering,61
past,61
beauty,61
governance,61
95 paper,61
images,61
origins,60
end,60
anti feminism,60
1970,60
challenging,60
special,60
choice,60
ed,60
educational,59
domestic violence,59
values,59
problems,59
patriarchal,59
exploration,59
today,59
nineteenth century,59
late,59
tradition,59
aesthetics,59
framework,59
memory,58
women gender,58
engagement,58
inequality,58
project,58
workers,58
woolf,58
methods,58
dynamics,58
feminism feminist,58
german,57
mapping,57
cultures,57
isbn 978,57
libguides,57
democratic,57
visual,57
mental,57
talk,57
socialist feminism,57
free,56
field,56
revisited,56
matters,56
old,56
spain,56
inclusion,56
ecology,56
postfeminist,56
support,56
therapy,56
perceptions,56
feminista,56
karya,56
activists,56
multiculturalism,56
encounters,56
business,56
notes,55
effects,55
classroom,55
debates,55
liberalism,55
method,55
interpretation,55
college,55
revolutionary,55
postfeminism,55
academy,55
young women,54
fashion,54
boundaries,54
japan,54
ecofeminism,54
germany,54
empire,54
feminist politics,54
finding,54
welfare,53
short,53
economics,53
constructing,53
theatre,53
intersections,53
relational,53
oppression,53
search,53
contemporary feminism,53
affective,53
waves,52
turkey,52
whiteness,52
latin america,52
autonomy,52
eds,52
em,52
women movements,52
feminism political,51
género,51
birth,51
harassment,51
taking,51
entrepreneurship,51
brazil,51
student,51
revisiting,51
borders,51
participatory,51
social movements,51
book reviews,51
anthropology,50
una,50
drama,50
black feminist,50
transition,50
migration,50
japanese,50
concepts,50
neo,50
discrimination,50
performing,50
truth,50
activist,50
desire,50
sisters,50
organizations,50
women liberation,50
ai,50
intellectual,49
party,49
make,49
italy,49
transnational feminisms,49
theory practice,49
discursive,49
reflection,49
inclusive,48
policies,48
childhood,48
internet,48
great,48
deconstruction,48
different,48
real,48
physical,48
transgender,48
african american,48
1920,48
women writers,48
legacy,48
latin american,48
faith,48
myth,48
material,48
sisterhood,48
contexts,48
modernism,48
da,48
virginia,48
scp scp,48
speaking,47
sweden,47
feminism postmodernism,47
wollstonecraft,47
market,47
vulnerability,47
en la,47
des,47
meaning,47
series,47
stereotypes,47
meets,47
western feminism,47
race feminism,47
women writing,47
fourth,47
union,47
medical,47
21st,46
institutional,46
reclaiming,46
academia,46
korean,46
epistemology,46
examining,46
gender politics,46
evidence,46
feminism post,46
french feminism,46
pakistan,46
control,46
trafficking,46
feminism psychoanalysis,46
responses,46
news,46
2000,46
lessons,46
group,46
iran,46
word,46
feminism critical,46
don,45
essay,45
developing,45
feminism family,45
environment,45
social reproduction,45
shifting,45
recent,45
embodiment,45
global feminism,45
framing,45
1914,45
adult,45
generation,45
teachers,45
victims,45
2020,45
judith,45
curriculum,45
consumer,45
pandemic,45
trends,45
south african,44
misogyny,44
new zealand,44
food,44
red,44
racial,44
guide,44
service,44
1990s,44
traditional,44
politics feminism,44
bad,44
zealand,44
philosophical,44
chicana,44
subjects,44
directions,44
2018,44
modern feminism,43
matter,43
partner,43
movie,43
simone,43
resources,43
feminism film,43
crime,43
capital,43
advertising,43
protest,43
imperial,43
women color,43
journey,43
selected,43
susan,43
mental health,43
medicine,43
21st century,43
le,42
handbook,42
gender sexuality,42
navigating,42
texts,42
films,42
value,42
boys,42
emancipation,42
sex gender,42
political theory,42
hip,42
systematic,42
prostitution,42
history feminism,42
sphere,42
identity politics,42
gender based,42
house,42
video,42
hop,42
families,42
ideas,42
popular feminism,42
women empowerment,42
trauma,42
charlotte,42
paradigm,42
advocacy,42
realism,41
recognition,41
character,41
feminism art,41
feminist perspective,41
conversations,41
ethnography,41
violence women,41
emergence,41
current,41
resisting,41
2019,41
spanish,41
hip hop,41
tale,41
women history,41
mujeres,41
1945,41
les,41
russian,41
sustainable,41
conference,40
wife,40
text,40
behavior,40
land,40
para,40
literacy,40
qualitative research,40
feminist perspectives,40
multicultural,40
struggles,40
sustainability,40
information,40
catholic,40
pro,40
high,40
epistemic,40
psychoanalysis feminism,40
engaging,40
psychological,40
creating,40
bias,40
journal,40
questions,40
geographies,40
employment,40
discussion,40
race gender,40
emerging,40
john,40
virginia woolf,39
ethnicity,39
sports,39
long,39
multiple,39
feminist movement,39
simone beauvoir,39
mass,39
critical discourse,39
russia,39
materialist,39
review feminism,39
industry,39
intersection,39
pragmatism,39
inquiry,39
twitter,39
green,39
populism,39
caribbean,39
daughters,39
dalit,38
pedagogies,38
1900,38
feminism science,38
foreign,38
1980s,38
gap,38
new feminism,38
feminism contemporary,38
northern,38
looking,38
look,38
argentina,38
working class,38
want,38
arts,38
perception,38
little,38
play,38
minority,38
survey,38
transformative,38
2016,38
shakespeare,38
affect,38
related,38
factors,38
death,38
corporate,38
sobre,38
marxist feminism,38
mary wollstonecraft,37
decolonizing,37
southern,37
materialism,37
needs,37
moving,37
mothering,37
political economy,37
dalam novel,37
queer theory,37
feminist analysis,37
silence,37
sarah,37
transforming,37
cultural studies,37
terhadap,37
10,37
responsibility,37
99,37
latina,37
counter,37
focus,37
1990,37
equal,37
roots,36
lt em,36
writings,36
sexual harassment,36
irish,36
contribution,36
2015,36
room,36
criminology,36
imagination,36
methodological,36
animal,36
private,36
korea,36
genre,36
feminism philosophy,36
paperback,36
victim,36
systems,36
contested,36
1997,36
overview,36
socio,36
indonesian,36
alice,36
und,36
hope,36
new woman,36
wikipedia,36
2010,36
feminist thought,36
thoughts,36
planning,36
god,36
spirituality,36
risk,36
constructions,36
contributions,36
common,35
ideological,35
visibility,35
ii,35
republic,35
campaign,35
conservative,35
feminism law,35
psychoanalytic,35
wing,35
celebrity,35
em gt,35
double,35
african women,35
church,35
feminist activism,35
far,35
ireland,35
groups,35
organizing,35
young people,35
breaking,35
intersectional feminism,35
things,35
11,34
countries,34
study feminism,34
imperialism,34
1975,34
speech,34
womanhood,34
identification,34
ethnic,34
ideologies,34
sex work,34
professional,34
eastern,34
effect,34
nigeria,34
backlash,34
egypt,34
romance,34
wars,34
fight,34
artists,34
feminist research,34
climate change,34
2021,34
pleasure,34
sense,34
qualitative study,34
marketing,34
margins,34
big,33
imagining,33
edit,33
organization,33
postcolonial feminism,33
examination,33
complex,33
posthuman,33
paradox,33
pages,33
conceptual,33
gender justice,33
networks,33
leaders,33
formation,33
potential,33
publishing,33
migrant,33
asia,33
schools,33
israel,33
military,33
emotional,33
native,33
feminism sexual,33
sexual politics,33
na,33
companion,33
comparison,33
white feminism,33
12,33
1968,33
training,33
versus,33
taylor,33
water,33
utopia,33
1991,33
visions,33
fourth wave,32
interaction,32
lady,32
face,32
order,32
progress,32
game,32
cancer,32
resilience,32
eating,32
magazine,32
comparative study,32
women politics,32
interrogating,32
promise,32
trouble,32
gender race,32
dance,32
dis,32
tool,32
racist,32
iranian,32
critical theory,32
norms,32
sciences,32
inequalities,32
vs,32
mexico,32
criminal,32
swedish,32
hidden,32
feminism socialism,32
exclusion,32
postmodern feminism,32
enlightenment,32
feminism global,31
14,31
ecofeminist,31
13,31
feminism nationalism,31
men feminism,31
angela,31
generational,31
reconstruction,31
coming,31
recovery,31
1989,31
shame,31
perempuan dalam,31
jennifer,31
interventions,31
reception,31
intimate partner,31
daughter,31
feminism case,31
reality,31
pada,31
services,31
phenomenology,31
fertility,31
institutions,31
women activism,31
defining,31
library,31
manifesto,31
secular,31
marxism feminism,31
right wing,31
evolutionary,31
rhetorical,31
based violence,31
workplace,31
leisure,31
help,31
freud,31
older,31
feminist identity,31
opportunities,31
1993,31
importance,31
1960s,31
tv,30
1995,30
soviet,30
possibility,30
butler,30
tourism,30
humanities,30
hashtag,30
15,30
sup sup,30
1980,30
creative,30
feministas,30
african feminism,30
authority,30
scientific,30
friendship,30
worlds,30
2017,30
du,30
gender equity,30
adolescent,30
feminism motherhood,30
border,30
das,30
anthropocene,30
multi,30
models,30
feminism study,29
die,29
feminist legal,29
feminist critique,29
feminism religion,29
heterosexual,29
feminismos,29
tensions,29
seeking,29
special issue,29
question feminism,29
trade,29
assessment,29
brazilian,29
sources,29
quest,29
getting,29
george,29
relation,29
protection,29
biology,29
feeling,29
sociological,29
return,29
speak,29
social theory,29
feminism amp,29
fighting,29
social science,29
pre,29
colonialism,29
post feminist,29
evaluation,29
nancy,29
organizational,29
poetics,29
conflicts,29
defense,29
critical analysis,29
light,29
crossroads,29
transnational feminist,29
live,29
2007,29
mind,29
transformations,29
kajian,29
lost,29
cold war,28
day,28
breast,28
open,28
structural,28
cold,28
durham,28
2013,28
gothic,28
thon,28
content,28
2002,28
orientalism,28
key,28
sex feminism,28
reason,28
collaboration,28
think,28
feminism united,28
conditions,28
strategy,28
2011,28
jewish feminism,28
feminism race,28
gaze,28
legal theory,28
gênero,28
feminism early,28
privilege,28
world war,28
single,28
science fiction,28
aids,28
low,28
accounting,28
hiv,28
critiques,28
feminism modern,28
views,28
carceral,28
invisible,28
york routledge,28
healthcare,28
letters,28
hate,28
public sphere,28
instagram,28
intervention,28
consumption,28
country,28
feminism wikipedia,27
form,27
feminism cultural,27
scale,27
know,27
edit thon,27
network,27
pakistani,27
cross cultural,27
editorial,27
connections,27
lesbian feminism,27
talking,27
changes,27
contradictions,27
intimacy,27
decision,27
means,27
christianity,27
virtual,27
00 cloth,27
middle east,27
brief,27
industrial,27
feminism media,27
center,27
entre,27
poverty,27
access,27
stigma,27
1998,27
breastfeeding,27
comedy,27
partner violence,27
analysis feminism,27
gender roles,27
disney,27
judaism,27
feminism queer,27
mainstreaming,27
james,27
feminism popular,27
addressing,27
really,27
mixed,26
anne,26
vision,26
en el,26
anna,26
ve,26
nations,26
von,26
archives,26
archive,26
feminism men,26
natural,26
architecture,26
der,26
mainstream,26
dialogues,26
point,26
insights,26
política,26
deleuze,26
influences,26
primary,26
translating,26
2005,26
heterosexuality,26
chicago,26
cases,26
characters,26
feminism international,26
impact feminism,26
1996,26
reflecting,26
networked,26
editor,26
consent,26
atwood,26
words,26
egyptian,26
foundations,26
libraries,26
universities,26
patterns,26
games,26
early modern,26
gender identity,26
gender inequality,26
duke university,26
duke,26
bibliography,26
1960,26
spiritual,26
structure,26
systematic review,26
evangelical,26
feminism china,26
analisis,26
16,26
fantasy,26
progressive,25
studies feminism,25
patricia,25
international law,25
perspektif,25
representation women,25
failure,25
spirit,25
redefining,25
stage,25
diaspora,25
medieval,25
smart,25
aging,25
course,25
dilemmas,25
perkins,25
performativity,25
jean,25
epistemologies,25
chile,25
personal political,25
subjectivities,25
future feminism,25
engineering,25
linda,25
2009,25
interdisciplinary,25
gilman,25
feminism power,25
karen,25
feminism public,25
caring,25
women work,25
24,25
feminism sexuality,25
feminism analysis,25
turkish,25
women suffrage,25
missing,25
style,25
asian american,25
readings,25
immigrant,25
knowing,25
19 pandemic,25
feminism anti,25
got,25
feminism theory,25
menstrual,25
sexual difference,24
feminism transnational,24
reconstructing,24
normative,24
beliefs,24
perkins gilman,24
nordic,24
integration,24
main,24
carol,24
magazines,24
collaborative,24
interwar,24
barbara,24
abolition,24
new directions,24
bridge,24
editors,24
literature review,24
barriers,24
decolonising,24
woman question,24
civil society,24
sexualities,24
masculine,24
injustice,24
going,24
exploitation,24
processes,24
central,24
postcolonialism,24
renaissance,24
kenya,24
charlotte perkins,24
refugee,24
imaginaries,24
association,24
slavery,24
theory feminism,24
transatlantic,24
essentialism,24
2023,24
ideal,24
telling,24
social movement,24
mediated,24
feminism history,24
lgbt,24
standpoint,24
uma,24
investigating,24
heart,24
activity,24
possible,24
pedagogical,24
contemporary feminist,24
mulheres,24
global south,23
forms,23
feminist approach,23
analyzing,23
emotions,23
ghana,23
2008,23
orthodox,23
profession,23
dilemma,23
capitalist,23
epistemological,23
ethic,23
feminism education,23
lesbians,23
thomas,23
glass,23
feminist political,23
path,23
20th,23
action research,23
realities,23
health care,23
focusing,23
feminism sex,23
fall,23
decolonial feminism,23
animals,23
contesting,23
bringing,23
queering,23
economies,23
maria,23
myths,23
stanford,23
reframing,23
biography,23
chinese feminism,23
creation,23
feminism islam,23
reflexivity,23
populist,23
alliance,23
porn,23
portrayal,23
bridging,23
indigenous feminism,23
biblical,23
pregnancy,23
better,23
generations,23
fear,23
mean,23
1850,23
account,23
morality,23
clinical,23
mexican,23
ageing,23
practicing,23
historiography,23
race theory,23
womanism,23
utopian,23
tools,23
race class,23
25,23
bisexual,23
adaptation,23
illness,23
genital,23
regulation,22
black feminisms,22
orientation,22
reimagining,22
centered,22
practical,22
act,22
outcomes,22
im,22
south asian,22
articles,22
oxford university,22
index,22
income,22
program,22
bioethics,22
challenge feminism,22
1920s,22
ethnographic,22
reply,22
investigation,22
prejudice,22
femininity feminism,22
storytelling,22
deconstructing,22
force,22
fundamentalism,22
awakening,22
universalism,22
awareness,22
plays,22
platform,22
ir,22
foucault feminism,22
terror,22
frances,22
riot,22
introduction feminism,22
eighteenth,22
christian feminism,22
reference,22
film theory,22
commentary,22
earth,22
feminism culture,22
gender culture,22
17,22
population,22
coloniality,22
2003,22
women political,22
hegemonic,22
ix,22
fat,22
hegemony,22
intelligence,22
ambivalence,22
privacy,22
ways,22
locating,22
harm,22
critical review,22
oral,22
linguistic,22
women health,22
symbolic,22
smith,22
empowering,22
margaret atwood,22
lived,22
entrepreneurial,22
shaping,22
object,22
feminism perspective,22
engendering,22
discipline,22
marx,22
toronto,22
pursuit,22
xi,22
adults,21
william,21
feminism development,21
dictionary,21
feminist theology,21
print,21
austerity,21
expression,21
far right,21
secret,21
accountability,21
conclusion,21
brown,21
street,21
joyce,21
fictions,21
1994,21
grassroots,21
feminism black,21
attitudes feminism,21
journalism,21
treatment,21
work feminism,21
spring,21
corporeal,21
women artists,21
empirical,21
allen,21
early twentieth,21
feminism literature,21
early childhood,21
women experiences,21
rights movement,21
small,21
decision making,21
positive,21
1986,21
philosophy feminism,21
coalition,21
forum,21
materialist feminism,21
road,21
position,21
females,21
foreign policy,21
macmillan,21
significance,21
civic,21
surveillance,21
lisa,21
archaeology,21
citizen,21
individualism,21
dangerous,21
tales,21
cyborg,21
postwar,21
kingdom,21
95 cloth,21
social policy,21
feminism female,21
feminist scholarship,21
palgrave,21
divide,21
tracing,21
palestine,21
1880,21
feminism india,21
methodologies,21
reflected,21
bell,21
laura,21
2022,21
zimbabwe,21
feminism deconstruction,21
researching,21
ing,21
museum,21
century feminism,21
oriented,21
illinois,21
staging,21
south korea,21
women leadership,21
second sex,21
energy,21
assessing,21
legacies,21
communism,21
kate,21
healing,21
feminist theories,20
pacific,20
facebook,20
safe,20
theorising,20
phenomenon,20
claims,20
contradiction,20
integrating,20
best,20
2012,20
1940,20
indigenous women,20
00 paper,20
binary,20
individual,20
faith feminism,20
quot,20
feminism activism,20
baby,20
1939,20
traditions,20
stem,20
family therapy,20
millennium,20
feminism review,20
sister,20
pop,20
introducing,20
bible,20
grounded,20
feminist criticism,20
gender class,20
psychoanalytic feminism,20
year,20
march,20
gender violence,20
feminism chinese,20
meeting,20
inter,20
forward,20
justice feminism,20
fathers,20
autobiography,20
wikipedia edit,20
unpacking,20
rose,20
eighteenth century,20
austen,20
feminism world,20
intergenerational,20
hall,20
janet,20
amp quot,20
dark,20
seen,20
feminism multiculturalism,20
teacher education,20
polish,20
weight,20
1992,20
depression,20
sexual abuse,20
anti racist,20
princeton,20
veil,20
eugenics,20
sara,20
web,20
1890,20
survivors,20
cultural feminism,20
anti feminist,20
digital media,20
public policy,20
period,20
como,20
sylvia,20
body image,20
confronting,20
female body,20
power feminism,20
shape,20
fin,20
thing,20
imperial feminism,20
situated,20
gender differences,20
class feminism,19
review essay,19
father,19
negative,19
managing,19
fraser,19
machine,19
mad,19
1918,19
constitutional,19
resource,19
choices,19
hong,19
feminism future,19
innovation,19
manosphere,19
visible,19
informed,19
scoping,19
vietnam,19
sector,19
yang,19
radicalism,19
dalit feminism,19
section,19
regimes,19
principles,19
writer,19
league,19
ancient,19
genealogy,19
20th century,19
39,19
biopolitics,19
emotion,19
changed,19
raising,19
film feminism,19
pp isbn,19
sustainable development,19
world women,19
tell,19
california,19
later,19
dream,19
outside,19
saudi,19
cyber,19
feminist approaches,19
programs,19
faculty,19
ellen,19
kind,19
2006,19
transnationalism,19
new media,19
soul,19
st,19
crossing,19
wives,19
survival,19
feminism woman,19
phenomenological,19
report,19
feminism disability,19
literary criticism,19
terms,19
dead,19
postcolonial feminist,19
growing,19
considerations,19
horror,19
colombia,19
ann,19
pride,19
aboriginal,19
meanings,19
islamophobia,19
feminism digital,19
30,18
middle class,18
indian women,18
35,18
acts,18
humanism,18
minneapolis,18
experimental,18
metaphor,18
1977,18
entrepreneurs,18
silences,18
anger,18
impacts,18
feminism intersectionality,18
ecological feminism,18
mobility,18
feminism islamic,18
gender stereotypes,18
women bodies,18
song,18
gender issues,18
women men,18
men women,18
guides art,18
characteristics,18
setting,18
crítica,18
feminism approach,18
feminis,18
girlhood,18
promotion,18
election,18
rebecca,18
femmes,18
nurses,18
spatial,18
feminism century,18
seeing,18
data feminism,18
african feminisms,18
normal,18
1870,18
prevention,18
disabled,18
application,18
term,18
islam feminism,18
paris,18
gone,18
kekerasan,18
diverse,18
emancipatory,18
western europe,18
feminist discourse,18
complexities,18
laki,18
activism feminism,18
argument,18
world feminism,18
global feminisms,18
golden,18
arendt,18
knowledges,18
afro,18
palestinian,18
disrupting,18
laws,18
feminist pedagogy,18
feminist philosophy,18
government,18
pragmatism feminism,18
feminism psychology,18
troubling,18
constitution,18
nexus,18
poems,18
citizens,18
uses,18
friends,18
decolonization,18
nc,18
1999,18
frameworks,18
féminisme,18
civil rights,18
walking,18
xii,18
american feminist,18
racialized,18
turning,18
consequences,18
family law,18
hard,18
domination,18
french feminisms,18
logic,18
ground,18
women women,18
risks,18
belonging,18
studying,18
true,18
women sport,18
heritage,17
feminism identity,17
feminism age,17
female genital,17
goddess,17
producing,17
carter,17
canon,17
does feminism,17
quality,17
sound,17
hardback,17
helen,17
femininities,17
did,17
adolescents,17
breast cancer,17
donna,17
1930s,17
growth,17
grounded theory,17
administration,17
radical feminist,17
americas,17
press 2000,17
determination,17
grrrl,17
region,17
objects,17
feminism femininity,17
ontology,17
studi,17
feminisms women,17
opportunity,17
las mujeres,17
scoping review,17
everyday life,17
science technology,17
feminist epistemology,17
surrogacy,17
science education,17
feminist ethics,17
kong,17
artificial,17
comparative analysis,17
unions,17
palgrave macmillan,17
pan,17
designing,17
aspects,17
2014,17
sandra,17
understandings,17
elements,17
pathways,17
julia,17
analytic,17
comment,17
och,17
note,17
comics,17
empathy,17
situation,17
exercise,17
menstruation,17
expanding,17
violent,17
content analysis,17
feminism meets,17
29,17
master,17
creativity,17
married,17
van,17
sexuality feminism,17
manhood,17
malaysia,17
critical feminism,17
nationalism feminism,17
nationalist,17
neoliberal feminism,17
antiracism,17
antiracist,17
example,17
loss,17
wanita,17
conservatism,17
new feminist,17
ni,17
liberation movement,17
liberating,17
dancing,17
paradoxes,17
femme,17
thematic,17
irigaray,17
rights feminism,17
20,17
afraid,17
rhetorics,17
pink,17
class gender,17
femvertising,17
trump,17
pluralism,17
poland,17
internationalism,17
societies,17
chinese women,17
witches,17
eu,17
informal,17
gender development,17
1988,17
indiana,17
representation feminism,17
women american,17
1985,17
york university,17
durham nc,17
biological,17
academics,17
gender relations,17
british feminism,17
fan,17
audience,17
israeli,17
perceived,17
australian women,17
analysis women,17
african feminist,17
fairy,17
2004,17
witch,17
performances,17
1987,16
jane austen,16
50 cloth,16
undoing,16
past present,16
strike,16
marie,16
incorporating,16
parties,16
1972,16
usa,16
critical feminist,16
cyberspace,16
jurisprudence,16
quantitative,16
desde,16
queen,16
suffrage movement,16
pragmatist,16
mobilization,16
cornell,16
1978,16
victorian feminism,16
women feminist,16
federal,16
immigration,16
success,16
carceral feminism,16
40,16
movement feminism,16
princess,16
hannah,16
une,16
dalam perspektif,16
computer,16
decisions,16
czech,16
spheres,16
digital feminism,16
woman feminism,16
careers,16
twilight,16
leave,16
united kingdom,16
david,16
cambridge companion,16
cambridge university,16
cognitive,16
2001,16
projects,16
culture feminism,16
travel,16
nigerian,16
kristeva,16
international women,16
dimensions,16
connection,16
ngos,16
parents,16
limitations,16
eyes,16
interpretations,16
parenting,16
liberalism feminism,16
claiming,16
objectification,16
eye,16
skin,16
1969,16
dreams,16
rereading,16
environmentalism,16
short stories,16
relevance,16
songs,16
address,16
self determination,16
feminism french,16
theological,16
religion gender,16
aotearoa,16
fiction feminism,16
feminism discourse,16
feminism work,16
afghanistan,16
blood,16
1860,16
fitness,16
authorship,16
adult education,16
feminism marxism,16
applied,16
reporting,16
representasi,16
advancing,16
rebellion,16
esteem,16
1930,16
applying,16
globalisation,16
source,16
beyoncé,16
anthology,16
feminism legal,16
working women,16
1800,16
shadow,16
gender bias,16
gender dalam,16
symposium,16
feminisme dalam,16
xiv,16
rural women,16
socialism feminism,16
regime,16
siècle,16
anglo,16
anarchism,16
york oxford,16
edge,16
blackness,16
athletes,16
textual,16
black female,16
romanticism,15
findings,15
1973,15
women participation,15
subversion,15
study women,15
sub,15
ladies,15
95 paperback,15
essential,15
island,15
negro,15
volume,15
pp xi,15
centre,15
review women,15
rich,15
textbooks,15
aspirations,15
satisfaction,15
feminism time,15
kim,15
encounter,15
gender perspective,15
gender mainstreaming,15
mujer,15
gender women,15
sri,15
constraints,15
affects,15
opposition,15
debating,15
negotiations,15
agents,15
feminist consciousness,15
precarity,15
football,15
feminism ethics,15
press 1996,15
london routledge,15
45,15
feminism revisited,15
invisibility,15
platforms,15
poststructuralist,15
hong kong,15
feminism foucault,15
terrain,15
catherine,15
dorothy,15
article,15
club,15
hollywood,15
1979,15
physical education,15
marital,15
martin,15
dominant,15
nc duke,15
kritik,15
feminist media,15
feminism theatre,15
gender role,15
reflexive,15
playing,15
embodying,15
pain,15
written,15
development feminism,15
hijab,15
criminal justice,15
ict,15
mystique,15
accounts,15
turn century,15
decade,15
respect,15
contemporary women,15
prospects,15
village,15
happened,15
sacred,15
secondary,15
brave,15
governing,15
por,15
kajian feminisme,15
feminist study,15
existentialism,15
harriet,15
watching,15
promoting,15
algorithmic,15
emergent,15
self esteem,15
entanglements,15
state university,15
researchers,15
gaga,15
called,15
disciplining,15
queer feminist,15
lenses,15
que,15
amy,15
fascism,15
secularism,15
grounds,15
emily,15
militarism,15
women international,15
lesbian gay,15
comments,15
concerns,15
midwifery,15
theater,15
journals,15
view feminism,15
public private,15
columbia,15
olive,15
figures,15
indiana university,15
strategic,15
campus,15
dissent,15
essays feminism,15
worker,15
morocco,15
women peace,15
hashtag feminism,15
gender feminist,15
socialization,15
selves,15
financial,15
ethics feminism,15
feminism translation,15
media studies,15
appraisal,15
portugal,15
read,15
goals,15
digital age,15
police,15
maternity,15
roundtable,15
cities,14
synthesis,14
idea,14
societal,14
york new,14
lines,14
behaviour,14
theory politics,14
political participation,14
frontiers,14
bangladesh,14
interests,14
fandom,14
implementation,14
unsettling,14
political science,14
translation theory,14
night,14
walker,14
eastern europe,14
used,14
eyre,14
politics difference,14
revenge,14
semiotics,14
travelling,14
gender representation,14
law reform,14
dress,14
relevant,14
levinas,14
republican,14
aesthetic,14
gender critical,14
aotearoa new,14
law feminism,14
plath,14
select,14
american feminisms,14
stand,14
representing,14
feminist art,14
alliances,14
research agenda,14
positions,14
organisation,14
derrida,14
appropriation,14
inside,14
benefits,14
legal feminism,14
lgbtq,14
independence,14
dengan,14
aftermath,14
line,14
tunisia,14
conceptualizing,14
barbie,14
edition,14
syndrome,14
north american,14
positionality,14
controversy,14
richard,14
contextual,14
feminism literary,14
feminism limits,14
measure,14
counseling,14
money,14
council,14
mediating,14
active,14
feminist social,14
strong,14
radical right,14
el feminismo,14
mobilizing,14
feminism home,14
adichie,14
hbk,14
continuity,14
wonder,14
bonds,14
italian feminism,14
materiality,14
motivations,14
thirty,14
difference feminism,14
court,14
communist,14
universal,14
elite,14
katherine,14
vis,14
eliot,14
jane eyre,14
passion,14
silencing,14
sastra,14
sovereignty,14
feminism american,14
judith butler,14
disciplinary,14
punk,14
guides gender,14
qur,14
journeys,14
public relations,14
questioning,14
pb,14
1950,14
peacebuilding,14
tokoh,14
british women,14
sylvia plath,14
bridges,14
protests,14
jones,14
sage,14
silent,14
come,14
coping,14
threat,14
job,14
feminism indian,14
minnesota,14
vii,14
ruth,14
18,14
psychotherapy,14
mid,14
undergraduate,14
girl power,14
speaking feminism,14
hiv aids,14
1967,14
makes,14
heroine,14
say,14
cutting,14
autoethnography,14
board,14
muslims,14
making sense,14
blind,14
farm,14
educators,14
wolf,14
bloomington,14
away,14
pacifism,14
naomi,14
anthropological,14
kinship,14
women entrepreneurship,14
hop feminism,14
social sciences,14
thesis,14
ms,14
negotiation,14
youtube,14
pride prejudice,14
romantic,14
household,14
failed,13
science question,13
united nations,13
19th,13
conceptualising,13
feminist translation,13
articulating,13
commitment,13
feminist history,13
teen,13
introductory,13
waves feminism,13
philosophy education,13
safety,13
os,13
rights women,13
la mujer,13
international feminism,13
political feminism,13
science feminism,13
otherness,13
physics,13
lanka,13
philosophy science,13
legitimacy,13
paul,13
attitude,13
complexity,13
overcoming,13
status women,13
university minnesota,13
revival,13
sea,13
participatory action,13
feminist movements,13
fairness,13
fin siècle,13
papers,13
strange,13
social political,13
pleasures,13
weibo,13
assault,13
troubled,13
person,13
conceptions,13
social feminism,13
learned,13
dating,13
se,13
fans,13
women sexual,13
davis,13
philadelphia,13
river,13
searching,13
artificial intelligence,13
peru,13
partnerships,13
freedom feminism,13
wild,13
structures,13
scholars,13
university illinois,13
areas,13
scholarly,13
socially,13
lee,13
white women,13
asylum,13
sri lanka,13
24 95,13
couple,13
courses,13
general,13
sex trafficking,13
ethics care,13
teaching feminism,13
reimagined,13
women culture,13
feminism religious,13
feminism research,13
neoliberal times,13
ideals,13
trans feminism,13
morrison,13
anorexia,13
mathematics,13
identifying,13
gender theory,13
women cinema,13
engagements,13
anxiety,13
short story,13
conservation,13
london new,13
andrea,13
modernist,13
new materialism,13
boy,13
little women,13
adoption,13
realist,13
unveiling,13
naming,13
feminism nineteenth,13
muslim feminism,13
explanation,13
high school,13
28,13
hill,13
feminism movement,13
feminism nursing,13
caste,13
henry,13
supporting,13
mulher,13
mulan,13
doing feminism,13
subaltern,13
environmental justice,13
manchester,13
women emancipation,13
feminism practice,13
movies,13
determinants,13
anti racism,13
29 95,13
health research,13
presence,13
feminism citizenship,13
censorship,13
south asia,13
harvard,13
subordination,13
feminism italian,13
haraway,13
cultivating,13
study gender,13
gender diversity,13
feminism white,13
portrait,13
proposal,13
22,13
mirror,13
translations,13
public health,13
norway,13
liberal feminist,13
women power,13
minnesota press,13
initiatives,13
feminism democracy,13
buddhist,13
migrants,13
lewis,13
level,13
purple,13
pussy,13
women representation,13
putting,13
seduction,13
politics feminist,13
discourse feminism,13
grand,13
libguides feminism,13
gender power,13
ca,13
graduate,13
appearance,13
disorder,13
feminism america,13
task,13
1983,13
impossible,13
remaking,13
listening,13
1984,13
academic feminism,13
sensitive,13
gender gap,13
solidarities,13
visual culture,12
feminist studies,12
paradigms,12
modes,12
exchange,12
mass media,12
existence,12
millennial,12
sexualization,12
maría,12
commodification,12
king,12
mujeres en,12
williams,12
miller,12
paths,12
measurement,12
angela carter,12
victoria,12
singapore,12
parliament,12
shaw,12
unfinished,12
matrix,12
kathy,12
viii,12
expertise,12
contra,12
suicide,12
sharing,12
metaphors,12
exclusionary,12
community based,12
feminist resistance,12
angeles,12
subversive,12
feminist science,12
conversation analysis,12
feminism iran,12
judy,12
emma,12
national identity,12
martha,12
ontario,12
cuban,12
selling,12
literacies,12
empowered,12
electoral,12
learn,12
wright,12
leading,12
literary studies,12
literary theory,12
literature feminism,12
new women,12
23,12
allies,12
feminism state,12
teaching learning,12
urbana,12
social construction,12
zone,12
feminism france,12
zines,12
obstacles,12
lesbian feminist,12
cultural politics,12
occupation,12
let,12
letter,12
arab spring,12
evolutionary psychology,12
social democracy,12
cultural identity,12
feminism writing,12
legislation,12
arabic,12
li,12
feminisms feminist,12
weaving,12
selective,12
networking,12
scott,12
musical,12
technological,12
sexual assault,12
oxford handbook,12
vampire,12
narrating,12
explorations,12
enduring,12
comparing,12
engaged,12
45 00,12
feminist identities,12
feminism novels,12
artistic,12
feminism novel,12
cyborgs,12
temporality,12
markets,12
tension,12
sexist,12
alison,12
feminist critical,12
schooling,12
netherlands,12
faces,12
complicity,12
surgery,12
explore,12
enacting,12
feminist epistemologies,12
users,12
madness,12
sex workers,12
equality feminism,12
main character,12
feminism radical,12
critical pedagogy,12
major,12
othering,12
subject feminism,12
pbk,12
grrrls,12
commission,12
prison,12
bloomington indiana,12
press 1989,12
categories,12
plato,12
historical perspective,12
catharine,12
history women,12
catholicism,12
reviewed,12
genesis,12
present future,12
american studies,12
feminism difference,12
intersectional analysis,12
citra,12
intersecting,12
precarious,12
policing,12
absence,12
14 95,12
press 1997,12
places,12
foucauldian,12
witness,12
robert,12
reasoning,12
care ethics,12
documentary,12
doesn,12
family feminism,12
edwardian,12
women lives,12
case studies,12
fox,12
invention,12
introduction special,12
frame,12
press 2011,12
decades,12
suzanne,12
rewriting,12
dr,12
policy practice,12
1974,12
posthumanist,12
dependency,12
berkeley,12
1917,12
immigrant women,12
reproductive justice,12
1982,12
rutgers,12
gender discrimination,12
posthumanism,12
federation,12
impact women,12
childbirth,12
1919,12
demands,12
betty,12
theoretical perspectives,12
gender history,12
post modern,12
illusion,12
illinois press,12
interplay,12
hybridity,12
drawing,12
beautiful,12
housing,12
deep,12
pragmatic,12
beauvoir second,12
humor,12
christine,12
travels,12
relations theory,12
gaming,12
politics gender,12
definition,12
feelings,12
resolution,12
identity women,12
poststructural,12
beijing,12
analyses,12
women struggle,12
displacement,12
california press,12
ambivalent,12
japanese feminism,12
break,12
brasil,12
propaganda,12
film television,12
performative,12
calling,12
perspectiva,12
authenticity,12
boston,12
camp,12
toxic,12
authoritarian,12
finding feminism,12
readers,12
psychiatry,12
hands,12
handmaid tale,12
handmaid,12
toni,12
eve,12
commercial,12
gt lt,12
discontents,12
wilson,12
quotas,12
género en,12
publications,12
public space,12
rules,12
rule,12
hair,12
joan,12
half,12
collective action,12
independent,12
divine,12
feminism domestic,12
19 95,12
feminism body,12
reading feminism,12
tracking,12
islamism,12
borderlands,12
auto,12
head,12
product,12
divorce,12
focused,12
split,11
bitch,11
wall,11
professionals,11
site,11
couples,11
ignorance,11
iii,11
seriously,11
amp psychology,11
gerakan,11
contract,11
los angeles,11
feminism human,11
ethics politics,11
relationship feminism,11
gender social,11
powerful,11
relating,11
louise,11
considering,11
critics,11
icon,11
feminism americas,11
cerpen,11
women literature,11
war terror,11
race ethnicity,11
michael,11
doctoral,11
feminism modernism,11
nicaragua,11
feminism critique,11
women art,11
postcolonial theory,11
hearing,11
feminism criminology,11
connecting,11
disaster,11
gut,11
mrs,11
literature film,11
analysis female,11
ghost,11
greek,11
disability studies,11
sixties,11
separate,11
department,11
veiled,11
feminism representation,11
relativism,11
acceptance,11
feminism south,11
alice walker,11
bodily,11
metaphysics,11
dialectics,11
sur,11
feminism globalization,11
honor,11
female characters,11
expectations,11
utopias,11
presentation,11
women magazines,11
1935,11
reactions,11
exploratory,11
women leaders,11
products,11
heroines,11
disruption,11
feminism pedagogy,11
di indonesia,11
press 1991,11
1965,11
haven,11
press 1998,11
bloomsbury,11
having,11
press 2005,11
vote,11
sexuality gender,11
domesticity,11
chicana feminism,11
modernization,11
geopolitics,11
black girls,11
user,11
hb,11
george eliot,11
wake,11
multiplicity,11
gender work,11
human trafficking,11
proto,11
regional,11
su,11
antifeminism,11
mackinnon,11
thousand,11
feminism reimagined,11
brand,11
sub saharan,11
explaining,11
speculative,11
feminism reflected,11
signs,11
agriculture,11
rage,11
feminism labor,11
modern women,11
centuries,11
victorian england,11
predictors,11
blame,11
preferences,11
print media,11
religions,11
confucianism,11
family planning,11
interviews,11
scientists,11
intimacies,11
family life,11
origin,11
tactics,11
frames,11
piety,11
fragments,11
orthodoxy,11
balance,11
temple,11
cloth isbn,11
founding,11
schreiner,11
feminist film,11
involvement,11
philippines,11
code,11
stein,11
planet,11
iris,11
revolutionary feminism,11
fundamental,11
battle,11
poetic,11
sebagai,11
friend,11
operations,11
opinion,11
freud feminism,11
systematic literature,11
decolonial feminisms,11
basic,11
university california,11
claire,11
reviews feminism,11
affirmative,11
women social,11
oral history,11
screen,11
feminist attitudes,11
forging,11
egalitarian,11
cinta,11
said,11
audiences,11
dans,11
jewish women,11
es,11
passions,11
understand,11
saharan,11
comes,11
comfort,11
patient,11
feminizm,11
jung,11
streets,11
wind,11
feminization,11
rutgers university,11
joy,11
strengthening,11
tentang,11
feminism edited,11
fair,11
knowledge production,11
strangers,11
perspectives women,11
feminist knowledge,11
scholar,11
feminist literary,11
roman,11
feminism epistemology,11
paper isbn,11
perspective eco,11
isn,11
college women,11
author,11
feminist praxis,11
periodical,11
feminism ecology,11
park,11
kate chopin,11
ukraine,11
woolf feminism,11
structuralism,11
olive schreiner,11
education research,11
cinematic,11
offenders,11
women public,11
editing,11
university students,11
chopin,11
theme,11
lesbianism,11
extreme,11
zine,11
21,11
traveling,11
start,11
intentions,11
beginning,11
political philosophy,11
occupational,11
researcher,11
research practice,11
themes,11
indigenous feminisms,11
post colonial,11
early feminism,11
translated,11
nineties,11
cultura,11
study religion,11
exposure,11
standing,11
conflicting,11
norm,11
anderson,11
individuals,11
chilean,11
technical,11
concerning,11
uganda,11
concern,11
trend,11
women resistance,11
affairs,11
arab women,11
final,10
memes,10
harvard university,10
imaginary,10
wonder woman,10
memories,10
violência,10
filmmaking,10
feminism language,10
influence feminism,10
men masculinities,10
feminist psychology,10
digital humanities,10
yugoslav,10
feminist reading,10
lived experiences,10
feminism theology,10
women higher,10
map,10
violencia,10
witchcraft,10
feminism question,10
feminism materialism,10
difficult,10
enhancing,10
wages,10
lois,10
envisioning,10
finnish,10
media feminism,10
cross sectional,10
wide,10
gaga feminism,10
killing,10
women fiction,10
evans,10
erotic,10
digital activism,10
fatherhood,10
influencers,10
doris,10
dignity,10
joanna,10
michelle,10
feminism confronts,10
led,10
existential,10
1958,10
work life,10
den,10
feminism ideology,10
young adult,10
washington,10
incel,10
feministic,10
convention,10
hot,10
magic,10
feminism reflections,10
feminism trans,10
hooks,10
critical perspectives,10
word feminism,10
feminisms gender,10
kitchen,10
kartini,10
harding,10
dimension,10
decolonial feminist,10
feminism interpretation,10
women agency,10
indo,10
deconstruction feminism,10
literatures,10
feminism theoretical,10
environmental ethics,10
hood,10
jo,10
graphic,10
greece,10
metropolitan,10
feminism gendering,10
hci,10
feminism postcolonial,10
drinking,10
developments,10
edinburgh,10
dominance,10
xv,10
wendy,10
donna haraway,10
heteronormativity,10
dressing,10
critical thinking,10
differently,10
landscape,10
facing,10
heroes,10
investigación,10
male female,10
27,10
feminism rhetoric,10
feminism problem,10
developmental,10
democracy feminism,10
women entrepreneurs,10
hillary,10
feminism generation,10
wacana,10
lynn,10
francophone,10
humanity,10
vulnerable,10
latina feminism,10
historicizing,10
marginalized,10
lynne,10
hindu,10
culturally,10
yale,10
luce,10
welfare state,10
defence,10
criminal law,10
voices feminism,10
hermeneutics,10
examples,10
events,10
following,10
efforts,10
materials,10
garde,10
eugenic,10
estudios,10
event,10
cycle,10
garden,10
economics feminism,10
division,10
feminism historical,10
il,10
feminist lens,10
feminism matters,10
drug,10
flesh,10
detection,10
heard,10
women development,10
feminism moral,10
diary,10
domestic labour,10
feminism young,10
international human,10
deal,10
integrated,10
doll,10
hegel,10
european feminisms,10
feminist foreign,10
legislative,10
feminist geography,10
critical study,10
feminism self,10
feel,10
material feminism,10
coverage,10
forced,10
exile,10
ubuntu,10
tess,10
test,10
press 1993,10
takes,10
press 1994,10
testing,10
caryl churchill,10
caryl,10
confronts,10
carolina,10
anarchist,10
press 2017,10
press 2018,10
press 2020,10
press 2021,10
new millennium,10
65,10
nostalgia,10
multimodal,10
skills,10
rock,10
ordinary,10
avant,10
opera,10
opening,10
avant garde,10
75,10
background,10
century america,10
office,10
riot grrrl,10
sin,10
terrorism,10
sites,10
notions,10
princeton university,10
social responsibility,10
new brunswick,10
social studies,10
américa latina,10
américa,10
amp lt,10
amp gt,10
buffy,10
nancy fraser,10
brunswick,10
repression,10
contemporary art,10
toni morrison,10
quebec,10
tolerance,10
mutual,10
representasi feminisme,10
bibliography index,10
southeast,10
constructivist,10
topic,10
campaigns,10
socialist feminist,10
socio cultural,10
thailand,10
responsibilities,10
conservative women,10
professions,10
nepal,10
49,10
neoliberal university,10
conspiracy,10
negotiating gender,10
sosial,10
activism social,10
necessary,10
role gender,10
orientations,10
poststructuralist feminism,10
sale,10
articulation,10
political thought,10
perspectives feminism,10
politics contemporary,10
scene,10
collection,10
persons,10
personality,10
saving,10
politics new,10
save,10
perils,10
politics women,10
sensibility,10
separate spheres,10
abolitionist,10
clothing,10
photography,10
classical,10
civil war,10
trust,10
truths,10
plus,10
classic,10
point view,10
aboriginal women,10
technoscience,10
classrooms,10
clinton,10
sectional,10
close,10
churchill,10
closet,10
apartheid,10
poor,10
poststructuralism,10
serving,10
postcolonialism feminism,10
anti gender,10
charles,10
transdisciplinary,10
panic,10
unionism,10
australian feminism,10
sexual revolution,10
ageism,10
exhibitions,10
transcending,10
postmodernism feminism,10
postpartum,10
terhadap perempuan,10
autobiographical,10
transitional,10
post war,10
teori,10
assumptions,10
settler,10
assisted,10
pendekatan,10
peer,10
chimamanda,10
antiracist feminism,10
commodity,10
partial,10
commons,10
atlantic,10
partnership,10
post modernism,10
post soviet,10
uneasy,10
stanford university,10
testimony,10
area,10
albany,10
moroccan,10
stone,10
adolescent girls,10
stop,10
continental,10
alternatives,10
statement,10
minneapolis university,10
supremacy,10
35 00,10
ain,10
brain,10
step,10
strength,10
alt,10
straight,10
alcohol,10
sue,10
reflections feminism,10
styles,10
service learning,9
análisis,9
peran,9
dari,9
fact,9
tanzania,9
bosnia,9
talk feminism,9
columbia university,9
objectivity,9
pregnant,9
apart,9
leslie,9
celebrity feminism,9
colour,9
divided,9
september,9
modest,9
condition,9
global justice,9
left feminism,9
lebanon,9
forgotten,9
ritual,9
black male,9
entangled,9
women activists,9
copyright,9
housewife,9
servant,9
bio,9
danish,9
zhang,9
feminism italy,9
annotated,9
situating,9
perceptions feminism,9
feminism liberal,9
hospital,9
rise fall,9
horizon,9
reimagined intersectionality,9
feminism impact,9
feminism teaching,9
holy,9
applications,9
ambiguities,9
feminism transition,9
reaction,9
life work,9
jan,9
feminism freedom,9
lighthouse,9
monogamy,9
semiotic,9
lily,9
liminal,9
1780,9
taiwan,9
epistemic injustice,9
women experience,9
feminism foreign,9
chicano,9
miss,9
press 2006,9
wish,9
substantive,9
frontier,9
historia,9
unmodified,9
institution,9
bank,9
hungary,9
elisabeth,9
moment,9
environmental education,9
68,9
sky,9
stress,9
wave feminist,9
body politics,9
norwegian,9
explanations,9
press 1987,9
innocence,9
history feminist,9
trajectories,9
mission,9
liberatory,9
feminism today,9
1991 pp,9
press 1986,9
category,9
soap,9
peoples,9
pp xiv,9
feminist self,9
cosmetic,9
charter,9
postdigital,9
xx,9
june,9
teach,9
feminism performance,9
rousseau,9
posthuman feminism,9
para la,9
feminism peace,9
95 isbn,9
transfer,9
filipino,9
klein,9
menopause,9
doctor,9
feminism pakistan,9
portrayals,9
portrayal women,9
paid,9
sadomasochism,9
mernissi,9
meta,9
sexual orientation,9
enemy,9
reflective,9
reassessing,9
indian feminism,9
feminism realism,9
women media,9
chick,9
rebel,9
corporate social,9
sexes,9
reassessment,9
study feminist,9
stylistic,9
running,9
sexual identity,9
run,9
patients,9
just like,9
athens,9
parental,9
royal,9
au,9
kenyan,9
feminism resistance,9
feminism pornography,9
associations,9
children literature,9
wedding,9
ghosts,9
english canada,9
english feminism,9
feminism masculinity,9
english language,9
flourishing,9
composition,9
shift,9
80,9
born,9
en las,9
feminism making,9
latinx,9
culture social,9
settings,9
mobile,9
cfp,9
comic,9
ibsen,9
efficacy,9
comfort women,9
college students,9
oppressed,9
hybrid,9
language gender,9
curating,9
memoirs,9
autobiographies,9
yale university,9
outsider,9
feminism neoliberalism,9
kurdish,9
illustrations,9
competing,9
en torno,9
36,9
postsocialism,9
dramas,9
1820,9
women chinese,9
western feminist,9
alt right,9
associated,9
unity,9
origins feminism,9
laki laki,9
blogging,9
pour,9
1800 1914,9
landscapes,9
writing history,9
post conflict,9
fun,9
steps,9
army,9
motherhood germany,9
arms,9
feminisme dan,9
viewing,9
inventing,9
picture,9
male feminism,9
public administration,9
reproductive health,9
feminism action,9
religiosity,9
pin,9
theologies,9
eat,9
speaks,9
gut feminism,9
adventure,9
feminist critiques,9
intro feminism,9
intro,9
research gender,9
psychology feminism,9
disorders,9
young men,9
critical realism,9
goes,9
torno,9
invitation,9
1928,9
feminism canada,9
art history,9
feminism brazil,9
nawal,9
feminist discourses,9
political ecology,9
south korean,9
domestic abuse,9
majority,9
hannah arendt,9
critical legal,9
nietzsche,9
feminism australian,9
nationalisms,9
making bodies,9
european feminism,9
contact,9
disciplines,9
micro,9
governmentality,9
grosz,9
gender ideology,9
renewal,9
varieties,9
reconsidering,9
standard,9
marvel,9
murder,9
multispecies,9
standards,9
feminist agenda,9
fashioning,9
vegan,9
280,9
intersectional approach,9
exist,9
plural,9
masculinity feminism,9
yugoslavia,9
multicultural feminism,9
star,9
feminist anti,9
reconciling,9
marginalisation,9
mining,9
disclosure,9
1950s,9
crises,9
governance feminism,9
represented,9
guattari,9
māori,9
americans,9
fantasies,9
broken,9
fantastic,9
actors,9
queer feminism,9
female images,9
sustaining,9
interpreting,9
representations women,9
yu,9
pioneer,9
teenage,9
mutilation,9
coaches,9
burden,9
philosophers,9
zero,9
prime,9
funny,9
social psychology,9
feminism visual,9
location,9
consciousness raising,9
future directions,9
principle,9
achieving,9
montreal,9
feminism wave,9
experiment,9
feminist interpretations,9
social transformation,9
feminism western,9
virtuous,9
selection,9
responsible,9
gloria,9
feminism elizabeth,9
dickinson,9
losing,9
recognizing,9
metoo movement,9
ngozi adichie,9
lit,9
ngozi,9
feminism unmodified,9
amendment,9
dialectic,9
integrative,9
tafsir,9
distress,9
feminism vietnam,9
fairy tales,9
educación,9
meat,9
evangelical feminism,9
17 95,9
diana,9
feminism view,9
successful,9
los feminismos,9
moore,9
reconciliation,9
sons,9
programme,9
1936,9
rational,9
prose,9
defending,9
dissident,9
philanthropy,9
phenomenology feminism,9
bourdieu,9
protecting,9
articulations,9
feminism changed,9
feminism cold,9
distance,9
digital feminist,9
respond,9
ecuador,9
md,9
political representation,9
advertisements,9
deadline,9
needs feminism,9
town,9
lucy,9
respectability,9
workshop,9
interactive,9
geographical,8
poder,8
deleuze guattari,8
1925,8
doing gender,8
positioning,8
electronic,8
temple university,8
feminist aesthetics,8
arte,8
asian women,8
indigeneity,8
genetics,8
embracing,8
feminist women,8
dominated,8
feminist futures,8
recovering,8
domestic workers,8
elizabeth grosz,8
political ideologies,8
scripts,8
definitions,8
decoloniality,8
politics post,8
political correctness,8
tendencies,8
aristotle,8
deleuzian,8
chimamanda ngozi,8
trial,8
inequities,8
1989 pp,8
doris lessing,8
feminist ideology,8
politik,8
recent trends,8
inheritance,8
interactions,8
women make,8
politic,8
artist,8
políticas,8
georgia,8
feminist solidarity,8
feminist issue,8
ashgate,8
academe,8
arena,8
influencing,8
political action,8
scottish,8
feminist thinking,8
feminist practice,8
genital mutilation,8
interpersonal,8
saharan africa,8
genetic,8
pornography feminism,8
theory praxis,8
genocide,8
blue,8
industries,8
transnational women,8
degree,8
biographical,8
reboot,8
drugs,8
gaps,8
cambridge cambridge,8
resist,8
gay men,8
property,8
harper,8
belief,8
tough,8
believe,8
proto feminism,8
bell hooks,8
torture,8
residential,8
gender analysis,8
belle,8
dual,8
women poetry,8
religion feminism,8
happiness,8
profit,8
advice,8
women self,8
canadian feminism,8
educating,8
carmen,8
hero,8
press 2022,8
diasporic,8
dichotomy,8
fundamentalism feminism,8
price,8
achievement,8
heartland,8
princeton princeton,8
theory feminist,8
textiles,8
editor introduction,8
trade union,8
capitalism feminism,8
edith,8
globalizing,8
future women,8
research methods,8
diplomacy,8
1915,8
bentuk,8
women identity,8
grounding,8
brief history,8
big data,8
binaries,8
women oppression,8
women intellectual,8
dynamic,8
bind,8
title,8
discussions,8
durham duke,8
disease,8
tiktok,8
gender matters,8
gender media,8
tiger,8
ties,8
dutch,8
remembering,8
theories gender,8
1947,8
ebook,8
adversarial,8
women issues,8
radicals,8
reproductive technologies,8
eco feminist,8
bulan,8
reproductive rights,8
echoes,8
eating disorder,8
queer feminisms,8
buddhism,8
mills,8
east west,8
gender education,8
punishment,8
biomedical,8
women perceptions,8
branding,8
dialectical,8
press 2013,8
post socialist,8
thirty years,8
depiction,8
postmodernity,8
authoritarianism,8
finland,8
terf,8
florence,8
women children,8
womens,8
divine feminine,8
women citizenship,8
egalitarianism,8
efl,8
robots,8
divides,8
desai,8
folk,8
pp 95,8
pp vii,8
hysteria,8
finance,8
roots modern,8
retrospective,8
rosa,8
work family,8
transitional justice,8
post structuralism,8
inclusive feminism,8
democratization,8
incels,8
postcolonial feminisms,8
improving,8
reasons,8
routes,8
blackwell,8
refugees,8
chapter feminism,8
immigrants,8
dragon,8
genealogies,8
genealogical,8
divisions,8
postmodern feminist,8
husband,8
humour,8
practice feminism,8
glitch,8
revolutions,8
bargaining,8
press 1978,8
histories feminism,8
gender trouble,8
adrienne rich,8
district,8
press 1995,8
women sports,8
feminist activists,8
french revolution,8
education feminism,8
development studies,8
friedan,8
women narratives,8
basis,8
press 2010,8
carrie,8
carolyn,8
adrienne,8
presidential,8
divergent,8
destiny,8
robot,8
effective,8
housewives,8
rising,8
century american,8
desires,8
centred,8
centers,8
women voices,8
caught,8
honour,8
preliminary,8
ceiling,8
balancing,8
black left,8
presented,8
causes,8
cause,8
century science,8
therapeutic,8
lifestyle,8
spivak,8
oh,8
contemporary china,8
crimes,8
university new,8
sight,8
shrew,8
feminism labour,8
muslim woman,8
voluntary,8
marriage feminism,8
feminism late,8
marriages,8
american politics,8
older women,8
ontologies,8
concept feminism,8
feminism life,8
sign,8
anita,8
american literature,8
contemporary british,8
marginalization,8
angry,8
feminism imperialism,8
novelists,8
contemporary american,8
nuclear,8
wave women,8
lessing,8
cultural production,8
conduct,8
marion,8
nussbaum,8
criminalization,8
ny,8
obesity,8
feminism intersectional,8
female male,8
music education,8
optation,8
unit,8
neo liberal,8
massey,8
veiling,8
farming,8
labor feminism,8
verbal,8
feminism muslim,8
materialisms,8
feminism narrative,8
feminism need,8
1830,8
feminism news,8
motion,8
cyberfeminism,8
white supremacy,8
maternal feminism,8
family politics,8
staying,8
feminism methodology,8
sharon,8
lawrence,8
western feminisms,8
option,8
mundo,8
computational,8
annual,8
lauren,8
multiracial,8
feminism long,8
marxist feminist,8
crazy,8
mary daly,8
welcome,8
organisations,8
comprehensive,8
feminism market,8
multiculturalism feminism,8
english literature,8
fashion feminism,8
northern ireland,8
angels,8
feminine mystique,8
necessity,8
248,8
lonely,8
loneliness,8
feminism ecological,8
social research,8
wanted,8
mainstream feminism,8
cross national,8
native american,8
analytical,8
makers,8
erasure,8
crossings,8
constructivism,8
analytics,8
critical examination,8
social networks,8
esl,8
feminism discontents,8
north carolina,8
feminism canadian,8
luce irigaray,8
wales,8
estado,8
feminism community,8
loyalty,8
loving,8
ma,8
analysing,8
negotiate,8
networked feminism,8
analysis gender,8
feminism context,8
madame,8
soft,8
49 95,8
feminism capitalism,8
socialism french,8
new social,8
feminism evolution,8
feminism evolutionary,8
feminism exploring,8
epilogue,8
15 95,8
consumers,8
life law,8
feminism gendered,8
sobre la,8
life feminism,8
mansfield,8
library guides,8
amina,8
consuming,8
feminism got,8
north africa,8
specific,8
liberty,8
names,8
feminism health,8
agricultural,8
cuerpo,8
social class,8
16 95,8
ana,8
news media,8
25 00,8
feminism fashion,8
equal rights,8
warren,8
warrior,8
feminism feminism,8
feminism academy,8
feminism africa,8
feminism fiction,8
feminism fight,8
ling,8
ct,8
critical approaches,8
ethical feminism,8
aku,8
craft,8
feminism television,8
color feminism,8
extended,8
expressed,8
continuing,8
coloniality gender,8
performance art,8
continuities,8
iv,8
feminism twentieth,8
persistence,8
mentoring,8
study social,8
type,8
exploring gender,8
feminism violence,8
abolition feminism,8
exploratory study,8
metaethics,8
corpus,8
perfect,8
subject guides,8
japanese women,8
peace security,8
uncovering,8
feminism right,8
journalists,8
pendidikan,8
coming age,8
en los,8
uncertainty,8
memoir,8
unbearable,8
wrong,8
evil,8
feminism taking,8
extremism,8
darwinian,8
studies intro,8
correctness,8
islamic feminist,8
exceptionalism,8
feminism revolution,8
suffering,8
existentialist,8
feminisms contemporary,8
superheroes,8
writ,8
existential feminism,8
intra,8
migrant women,8
videos,8
classification,8
34,8
feminisms politics,8
militant,8
feminisms transnational,8
tumblr,8
intersex,8
archival,8
clark,8
deborah,8
00 isbn,8
core,8
pill,8
witnessing,8
isabel,8
irony,8
feminism womanism,8
mixed methods,8
wittig,8
mitchell,8
exchanges,8
feminism works,8
mis,8
segal,8
photographs,8
dealing,8
ali,8
physician,8
mirada,8
write,8
seven,8
est,8
judge,8
keeping,8
antifeminist,8
monique,8
xiii,8
sex role,8
monitoring,8
encyclopedia,8
counselling,8
seventeenth,8
30 00,8
parity,8
kathleen,8
monstrous,8
alan,8
sexual ethics,8
dalam film,8
37,8
evaluating,8
feminism postfeminism,8
feminism postcolonialism,8
mead,8
daily,8
mcrobbie,8
community college,8
european women,8
khaled,8
1848,8
european union,8
kin,8
stigmatization,8
knitting,8
daly,8
feminism rape,8
patriarchy feminism,8
pay,8
melalui,8
julie,8
patriarki,8
july,8
feminism australia,7
bit,7
estonia,7
women new,7
survivor,7
gender sensitive,7
1923,7
feminism british,7
symbolism,7
research feminism,7
experiential,7
genius,7
struggle women,7
starting,7
estudos,7
faced,7
representation gender,7
reduction,7
experiments,7
research methodology,7
feminism architecture,7
gender construction,7
representative,7
women mental,7
alcott,7
false,7
gay rights,7
12 95,7
feminism cinema,7
sophie,7
gender religion,7
advance,7
stuart,7
belgium,7
gender related,7
sun,7
symptoms,7
relative,7
gender family,7
red feminism,7
analyse,7
familial,7
split decisions,7
spirit feminism,7
gender quotas,7
american communism,7
gender ethnicity,7
gender activism,7
summer,7
fanon,7
gender feminisms,7
surviving,7
alexander,7
spectacle,7
exploring women,7
swift,7
gender dynamics,7
femicide,7
evelyn,7
reproducing,7
evolution feminism,7
surrogacy feminism,7
ethos,7
advanced,7
struggle gender,7
everybody,7
east north,7
dynasty,7
refugee women,7
gender end,7
stance,7
sport feminism,7
reinvention,7
surfacing,7
drag,7
spheres intellectual,7
gender entrepreneurship,7
evolutionary biology,7
feminism 1850,7
aid,7
regarding,7
gendered politics,7
stanley,7
agrarian,7
gender sex,7
gender parity,7
gender norms,7
fabric,7
feminism african,7
refusing,7
subjection,7
spinoza,7
female self,7
stranger,7
betty friedan,7
exploring feminism,7
feminism aesthetics,7
dystopian,7
amp feminism,7
stanford stanford,7
dos,7
driven,7
feminism academic,7
gender identities,7
feminism 1970s,7
stereotype,7
worth,7
1911,7
attention,7
roy,7
ferguson,7
sexual gender,7
sexual exploitation,7
feminism progressive,7
sexo,7
end normal,7
feminism racism,7
aged,7
feminism reading,7
sex roles,7
africana,7
feminism secularism,7
encountering,7
sex differences,7
sex city,7
feminist voices,7
feminism reproductive,7
saadawi,7
teaching gender,7
enchanted,7
elementary,7
seventeenth century,7
feminism rise,7
elaine,7
work education,7
fields,7
anti imperialism,7
shaming,7
flat,7
tax,7
sexually,7
romani,7
feminism neoliberal,7
teresa,7
root,7
sexuality popular,7
anthropology feminism,7
rorty,7
taylor allen,7
agencies,7
sexual reproductive,7
aurat,7
audre lorde,7
audre,7
feminism online,7
feminism patriarchy,7
feminism patricia,7
taylor swift,7
feminism perspectives,7
figure,7
feminism second,7
anzaldúa,7
flexible,7
emily dickinson,7
writing feminism,7
seigfried,7
scholarship today,7
feminism working,7
segregated,7
writers feminism,7
science studies,7
security studies,7
arab american,7
feminist debates,7
sectional study,7
feminismo la,7
en américa,7
armed,7
arab world,7
scotland,7
feminist contributions,7
feminist community,7
script,7
archetypes,7
feminist anthropology,7
feminisms global,7
feminisms social,7
emergence feminism,7
technical communication,7
self help,7
feminist international,7
feminism west,7
salud,7
salvation,7
sample,7
san,7
feminist queer,7
apocalypse,7
sandra harding,7
team,7
assembling,7
assemblages,7
workforce,7
assemblage,7
senior,7
asking,7
feminism turn,7
self identity,7
feminist men,7
dominasi,7
asian feminisms,7
ella,7
feminism virginia,7
feminism war,7
tenant,7
feminism modernity,7
feminism metoo,7
feminism civil,7
social cultural,7
eds feminism,7
fundamental feminism,7
retirement,7
table,7
feminism faith,7
york palgrave,7
social determinants,7
epistolary,7
york columbia,7
textbook,7
basingstoke,7
york city,7
androgyny,7
review gender,7
french romanticism,7
feminism fourth,7
social activism,7
education gender,7
agama,7
reviewing,7
revising,7
feminism gay,7
feminism geography,7
frankenstein,7
rethinking feminism,7
women science,7
york press,7
feminism england,7
feminism class,7
feminism coalition,7
feminism comparative,7
feminism concept,7
solutions,7
bedfellows,7
solution,7
1910,7
agnes,7
féministe,7
women role,7
feminism curriculum,7
restoring,7
beast,7
results,7
resurgence,7
feminism edit,7
agendas,7
1907,7
erotics,7
eros,7
edna,7
feminism empire,7
environments,7
francisco,7
flight,7
available,7
shows,7
rituals,7
forest,7
roberta,7
feminism latin,7
anniversary,7
feminism liberation,7
annotated bibliography,7
feminism linguistic,7
shifts,7
food sovereignty,7
taste,7
franchise,7
folklore,7
feminism love,7
feminism male,7
feminism margaret,7
foe,7
feminism mary,7
shelley,7
sheila,7
florida,7
role models,7
autoethnographic,7
babies,7
forming,7
backgrounds,7
fortunes,7
feminism great,7
france united,7
feminism higher,7
women state,7
angela mcrobbie,7
slayer,7
anglo american,7
ban,7
feminism indigenous,7
fragmented,7
women transnational,7
feminism indonesia,7
rio,7
similarity,7
bad girls,7
feminism interview,7
feminism introduction,7
educational research,7
territory,7
ann taylor,7
feminism japan,7
foster,7
territories,7
milk,7
merleau ponty,7
bluestocking,7
ukrainian,7
patriotism,7
juana,7
pemikiran,7
pennsylvania,7
johnson,7
jill,7
combat,7
jewish feminist,7
dare,7
perempuan dan,7
javanese,7
recreational,7
darwinian feminism,7
wing populism,7
ability,7
understanding feminism,7
data science,7
persistent,7
collective biography,7
islands,7
islamist,7
islamic feminisms,7
cohort,7
persuasive,7
pessimism,7
irish women,7
iranian feminism,7
coalitions,7
closing,7
19th century,7
dalit women,7
kamala,7
debunking,7
85,7
oppositional,7
2024,7
compulsory,7
latino,7
late twentieth,7
late nineteenth,7
wellbeing,7
large,7
lanham,7
origins existentialism,7
orlando,7
lack,7
competence,7
kritis,7
korean women,7
passing,7
konsep,7
oxford oxford,7
comparative perspective,7
union women,7
pankhurst,7
paperback isbn,7
unhappy,7
ketidakadilan,7
kekerasan terhadap,7
parenthood,7
unfolding,7
communism making,7
participatory research,7
partners,7
debt,7
client,7
leaving,7
women australian,7
indo caribbean,7
child sexual,7
positivist,7
indicators,7
1986 pp,7
transitions,7
improve,7
demography,7
chaucer,7
postcolonialisms,7
immunity,7
transcultural,7
chapel hill,7
chapel,7
imagined,7
infertility,7
1981,7
1980s 1990s,7
posts,7
changed science,7
change women,7
change gender,7
idol,7
derby,7
postwork,7
trans women,7
pp 29,7
trans exclusionary,7
1976,7
humanitarian,7
abyss,7
delhi,7
decentering,7
politically,7
class women,7
plain,7
declaration,7
intersectionality social,7
playwrights,7
plurality,7
1996 pp,7
citra perempuan,7
interseccional,7
woman writer,7
circle,7
poligami,7
cine,7
international conference,7
politicians,7
ponty,7
define,7
politics american,7
politics case,7
defining feminism,7
intellectual roots,7
politics development,7
politics literature,7
institutionalism,7
politics representation,7
institute,7
politics reproduction,7
politics sex,7
politics social,7
del feminismo,7
university chicago,7
lecture,7
accommodation,7
version,7
media discourse,7
media culture,7
media activism,7
victimization,7
2nd,7
mormon,7
contestations,7
maya,7
matters feminism,7
mother work,7
39 95,7
vis vis,7
courts,7
40 00,7
mastery,7
monique wittig,7
masculinity studies,7
crafting,7
415,7
voices women,7
martial,7
married women,7
variations,7
market policy,7
26,7
mysticism,7
mark,7
marianne,7
nairobi,7
vs feminism,7
media representations,7
moments,7
consumer culture,7
meritocracy,7
militancy,7
midwives,7
conversations feminism,7
video games,7
miriam,7
mexicana,7
contradictory,7
mistress,7
vindication,7
contours,7
continuum,7
continuity change,7
messages,7
merleau,7
violence south,7
virtue,7
continued,7
mena,7
vida,7
men masculinity,7
modern china,7
modern political,7
cosmopolitan,7
modernities,7
members,7
member,7
melanie,7
costume,7
mediterranean,7
contextualising,7
marcuse,7
narrative review,7
wear,7
22 95,7
newspapers,7
literary cultural,7
ngo,7
confucian,7
csr,7
nightingale,7
60,7
warriors,7
unmodified discourses,7
lilith,7
like girl,7
nj,7
nomadic,7
waste,7
unlikely,7
new south,7
cultural differences,7
university toronto,7
novel perempuan,7
cultural memory,7
70,7
numbers,7
university north,7
21 95,7
lens feminism,7
obstetric,7
offer,7
ohio,7
legal reform,7
old age,7
unpaid,7
war women,7
critical approach,7
constance,7
man woman,7
25 years,7
males,7
male rape,7
vaginal,7
malala,7
making modern,7
construction gender,7
magical,7
maggie,7
construction female,7
machines,7
neil,7
neo liberalism,7
low income,7
lo,7
netflix,7
los estudios,7
uruguay,7
lorde,7
neuroscience,7
urbana university,7
longitudinal,7
longer,7
london sage,7
new deal,7
consensual,7
lockdown,7
new french,7
new haven,7
humanist,7
darwin,7
psychological research,7
gothic feminism,7
title ix,7
history philosophy,7
carolina press,7
bourgeois,7
actions,7
bronte,7
digital spaces,7
harmony,7
press 2015,7
women global,7
québec,7
realism feminism,7
race culture,7
diy,7
qualitative analysis,7
produced,7
história,7
women education,7
girls feminism,7
homes,7
radio,7
adjustment,7
homo,7
hermeneutika,7
homophobia,7
guides women,7
press 2019,7
diane,7
preference,7
promote,7
herstory,7
greenham,7
hillary clinton,7
quiet,7
profile,7
discovery,7
bridge called,7
discovering,7
hay,7
rationality,7
dissonance,7
press 2004,7
greenwich,7
press 2002,7
progression,7
progressivism,7
hierarchies,7
boulder,7
development women,7
global local,7
discourses life,7
press 2008,7
press 2009,7
discourses feminism,7
reactionary,7
women human,7
catharine mackinnon,7
discurso,7
dewey,7
1970 1990,7
1970s 1980s,7
radicalizing,7
tracks,7
documents,7
doing feminist,7
according,7
topics,7
primary school,7
century england,7
care work,7
germany 1800,7
1952,7
pro life,7
public opinion,7
trajectory,7
disability feminism,7
german feminism,7
century feminisms,7
habitus,7
break feminism,7
didn,7
directors,7
human geography,7
public life,7
women faculty,7
domestic feminism,7
dismantling,7
grace,7
racism feminism,7
1927,7
healthy,7
bodies feminism,7
hacia,7
haitian,7
acting,7
1958 1988,7
puerto,7
central eastern,7
women legal,7
henry james,7
disparities,7
disadvantaged,7
preface,7
gilbert,7
does mean,7
disinformation,7
pretty,7
recasting,7
quran,7
activities,7
houses,7
race origins,7
systemic,6
feminism comparison,6
feminism democratic,6
society feminism,6
madonna,6
walks,6
gray,6
grey,6
feminism corporate,6
new age,6
negotiating feminist,6
thousand splendid,6
grassroots feminism,6
long term,6
wallace,6
walk,6
repair,6
lt amp,6
need feminism,6
lonzi,6
nervosa,6
sociological theory,6
sojourning,6
solidarity feminism,6
sophia,6
lynne segal,6
luna,6
feminism charlotte,6
sociopolitical,6
negotiating feminism,6
gender international,6
socio economic,6
solomon,6
louisa,6
nelson,6
feminism christianity,6
socioeconomic,6
useful,6
neoliberal capitalism,6
uprisings,6
women novelists,6
newspaper,6
new feminisms,6
libguides women,6
slutwalk,6
smile,6
university women,6
north america,6
libertarian,6
libguides art,6
snow,6
libguides black,6
feminism girls,6
notebook,6
non binary,6
guineas,6
soap opera,6
guides wgs,6
life history,6
years feminism,6
noir,6
sociais,6
waters,6
notes bibliography,6
social relations,6
reproductive politics,6
official,6
women performance,6
significant,6
leisure studies,6
lena,6
occupation japan,6
lena dunham,6
silvia,6
target,6
lexington,6
les femmes,6
obama,6
sisters feminism,6
nurse,6
reproduction theory,6
gyn,6
levinas feminism,6
size,6
feminism friendship,6
taiwanese,6
nj rutgers,6
feminism entrepreneurship,6
untold,6
new world,6
qui,6
feminism everyday,6
feminism europe,6
new right,6
littlefield,6
new reproductive,6
new perspective,6
purity,6
feminism english,6
lived experience,6
new narratives,6
feminism emancipation,6
reports,6
war ii,6
upaya,6
women india,6
literature culture,6
warfare,6
feminism fantasy,6
feminism borders,6
pussy riot,6
limit,6
guidelines,6
lincoln,6
feminism food,6
feminism final,6
nike,6
grrrls feminism,6
tom,6
linguistics,6
feminism feminists,6
york london,6
linking,6
lips,6
nice,6
social identity,6
representations gender,6
nebraska,6
religious feminism,6
feminism border,6
men feminist,6
refusal,6
reading writing,6
media representation,6
giving,6
given,6
girls women,6
theory post,6
virgin,6
realizing,6
thinking feminism,6
surfing,6
students attitudes,6
membership,6
meme,6
face feminism,6
generational conflict,6
gillian,6
zimbabwean,6
studies critical,6
media communication,6
glass ceiling,6
fairy tale,6
maya angelou,6
verso,6
motherhood western,6
motherhood feminism,6
relaciones,6
women labour,6
mother daughter,6
global governance,6
women modern,6
fame,6
mechanisms,6
mazur,6
women law,6
gendered violence,6
victimhood,6
thomas hardy,6
surrounding,6
measures,6
measuring,6
modern times,6
studies history,6
stay,6
generative,6
substance,6
metoo era,6
metropolis,6
video feminism,6
suchland,6
reconceptualizing,6
genres,6
miranda,6
michel,6
experiencing,6
experiences women,6
zulu,6
viewpoint,6
reconsidered,6
minorities,6
minor,6
vietnam era,6
suns,6
mimpi,6
submission,6
reconceptualising,6
sublime,6
mental illness,6
men rights,6
extinction,6
extending,6
studies women,6
mode,6
study chinese,6
sur le,6
violence transnational,6
mentorship,6
recommendations,6
theosophy,6
reclamation,6
zones,6
super,6
stylistic analysis,6
gertrude,6
genital cutting,6
reducing,6
mothers daughters,6
zayas,6
sympathy,6
thought practice,6
legal studies,6
theorization,6
managed,6
validation,6
wage,6
wadud,6
management studies,6
feminism 1920s,6
radicals road,6
narrative analysis,6
naomi wolf,6
maori,6
special reference,6
species,6
naked,6
marginalised,6
gender revolution,6
feminicide,6
goethe,6
women islamic,6
narratives women,6
vagina,6
nation writ,6
using critical,6
nato,6
waiting,6
using participatory,6
making feminist,6
young adults,6
feminism asian,6
gender political,6
feminism arab,6
feminism agency,6
making space,6
making waves,6
feminism anthropology,6
making women,6
racisms,6
malawi,6
space time,6
swiss,6
femi,6
female students,6
survive,6
voting,6
raça,6
voices new,6
multiple identities,6
fashionable,6
relationality,6
reaching,6
global political,6
mukherjee,6
started,6
theory international,6
visioning,6
movimientos,6
ywca,6
global perspective,6
movement era,6
movement 1970,6
global north,6
mourning,6
motivation,6
standpoint theory,6
vol,6
muse,6
splendid suns,6
female representation,6
marina,6
marion young,6
vampire slayer,6
rape crisis,6
relationship gender,6
splendid,6
feels,6
marketplace,6
museums,6
gloria anzaldúa,6
globalized,6
music videos,6
sporting,6
fear feminism,6
women need,6
fatima,6
martineau,6
feminism japanese,6
road internationalism,6
feminism judaism,6
feminist issues,6
feminist interpretation,6
reviews books,6
french feminists,6
intercultural,6
interdisciplinary research,6
political parties,6
interface,6
temporal,6
political ideas,6
tragedy,6
international conflict,6
political history,6
science feminist,6
science research,6
international feminisms,6
travels borders,6
political discourse,6
feminist decolonial,6
international league,6
travelling theory,6
hill university,6
internationalism orientalism,6
scenes,6
injury,6
sand,6
feminist practices,6
politics sexual,6
frances power,6
historicism,6
women european,6
working feminism,6
saudi arabia,6
historians,6
instrument,6
feminist narratives,6
insurgent,6
revolt,6
politics identity,6
intellect,6
politics global,6
frauen,6
press 2001,6
womanist,6
highly,6
san francisco,6
feminisms neoliberalism,6
pioneering,6
intimate relationships,6
feminisms critical,6
function,6
feminisms american,6
feminisms 1958,6
writ small,6
pin grrrls,6
introduction feminisms,6
woman citizen,6
introduction women,6
feminismes,6
feminisme liberal,6
physical activity,6
phyllis,6
investments,6
seduction feminism,6
press 2023,6
iraq,6
sebuah,6
pitfalls,6
scientific knowledge,6
fulfilment,6
internationalist,6
women everyday,6
policy shape,6
hierarchy,6
review research,6
feminist bioethics,6
teens,6
screening,6
teenagers,6
policy analysis,6
interpretive,6
tribute,6
worlding,6
woman suffrage,6
heterosexuality feminism,6
intersectionality feminism,6
woman fiction,6
herzegovina,6
intersubjectivity,6
politique,6
initiative,6
philip,6
women challenge,6
hukum,6
transatlantic conversations,6
women canada,6
postsocialism politics,6
role women,6
postsecular,6
fix,6
fit,6
housework,6
fine,6
rise feminism,6
illusions,6
images women,6
postmodernist,6
fostering,6
hospitality,6
women want,6
rosenberg,6
rosi,6
ideology feminism,6
power cobbe,6
rosi braidotti,6
fluid,6
practicing feminism,6
forces,6
practitioner,6
robot interaction,6
human nature,6
husbands,6
pp xv,6
women writings,6
hyper,6
iberian,6
pp 39,6
idealism,6
formal,6
trans feminist,6
identified,6
power relations,6
role feminism,6
transactional,6
identity feminism,6
horizons,6
women economic,6
polity,6
rural areas,6
feminista en,6
riding,6
portuguese,6
indigenous feminist,6
translating feminism,6
portrayed,6
work women,6
presidential election,6
women america,6
indonesian women,6
reweaving,6
populism feminism,6
history politics,6
feminist strategies,6
framing feminism,6
transmission,6
pop culture,6
infrastructure,6
ing passions,6
russell,6
women amp,6
film criticism,6
post truth,6
impact social,6
transformational,6
transformative learning,6
postcoloniality,6
teoría,6
routledge 1993,6
fieldwork,6
implementing,6
words feminism,6
fictions feminisms,6
rowman,6
prefigurative,6
homosexual,6
festivals,6
impossibility,6
improvement,6
incest,6
transition democracy,6
teoria,6
philosopher,6
iris marion,6
feminism justice,6
palestinian women,6
harriet martineau,6
known,6
page,6
kollontai,6
feminism notes,6
white feminist,6
protestant,6
ownership,6
hardy,6
providers,6
kurdish women,6
feminism neo,6
province,6
sexuality studies,6
kurniawan,6
feminism nancy,6
la investigación,6
orthodox judaism,6
sexy,6
palace,6
women question,6
orthodox feminism,6
gay bisexual,6
keadilan,6
feminism postsocialism,6
feminism postmodern,6
keller,6
keluarga,6
kepemimpinan,6
xvi,6
kesetaraan,6
sexual health,6
gary,6
ketidakadilan gender,6
parent,6
key concepts,6
kids,6
kill,6
paradoxical,6
promises,6
paradise,6
unhappy marriage,6
la violencia,6
shape family,6
kathy davis,6
ordination,6
laughter,6
han,6
feminism london,6
gender cultural,6
law feminist,6
le féminisme,6
halley,6
operative,6
requirements,6
women perspectives,6
ontological,6
olympic,6
feminism left,6
task force,6
older adults,6
psychology women,6
old new,6
legal education,6
psychosocial,6
weinstein,6
psychologists,6
shaped,6
women world,6
wgs,6
shapes,6
shared,6
lacan,6
feminism mind,6
feminism millennial,6
psicología,6
women film,6
lake,6
shashi,6
shashi deshpande,6
gender attitudes,6
original,6
lane,6
research policy,6
lanham md,6
orientalism feminism,6
happy,6
wellness,6
sexual consent,6
xix,6
phallic,6
wing populist,6
restructuring,6
feminism traditional,6
women female,6
perempuan pada,6
jar,6
sensitivity,6
sentiment,6
writing women,6
perempuan di,6
java,6
future feminist,6
health professions,6
separatism,6
jazz,6
pro feminist,6
jeanne,6
teaching women,6
feminism simone,6
jessica,6
perfection,6
selfie,6
restorative,6
trade unions,6
techno,6
prevalence,6
perversion,6
self harm,6
tears,6
perspectives gender,6
primer,6
tv series,6
perspective feminist,6
hear,6
self identification,6
personas,6
feminism victorian,6
issue feminism,6
feminism university,6
future female,6
issues feminism,6
feminism understanding,6
perry,6
um,6
responsive,6
sexual behavior,6
underlying,6
sex discrimination,6
professor,6
feminism relation,6
hati,6
sex race,6
kang,6
kaplan,6
karachi,6
resistance feminism,6
karl,6
progress feminism,6
women religion,6
sexe,6
participatory democracy,6
parliamentary,6
katharine,6
teacher training,6
sexism feminism,6
hashtag activism,6
pasts,6
patriarchal society,6
jews,6
underground,6
feminism select,6
johns,6
penny,6
feminism russia,6
johnston,6
feminism rural,6
jordan,6
feminism role,6
pendekatan feminisme,6
productive,6
unconscious,6
professionalization,6
undang,6
judges,6
judgments,6
responding,6
feminism rethinking,6
feminism resisting,6
julia kristeva,6
publishers,6
initial,6
empowering women,6
basic income,6
basics,6
egyptian women,6
ethico,6
battered,6
beacon,6
des femmes,6
cover,6
eka,6
eka kurniawan,6
chick lit,6
alfred,6
eksistensialis,6
derechos,6
el saadawi,6
contextualizing,6
colonial feminism,6
colonial india,6
engage,6
aires,6
enfermagem,6
conformity,6
complete,6
ain woman,6
childhood education,6
collins,6
boundaries feminism,6
construção,6
amazon,6
amanda,6
conflict feminism,6
chinese social,6
detective,6
awkward,6
ayu,6
esther,6
1949,6
baker,6
create,6
chinese digital,6
1941,6
chinese characteristics,6
chinese american,6
collections,6
allyship,6
band,6
collective identity,6
chile uruguay,6
deshpande,6
1931,6
cultural theory,6
color purple,6
chicana feminisms,6
denmark,6
chicago press,6
74,6
demanding,6
demand,6
delivery,6
eugenic feminism,6
currents,6
aftermath feminism,6
bluestocking feminism,6
contingent,6
europe 1890,6
african literature,6
africa case,6
90,6
bond,6
90s,6
end feminism,6
cyber feminism,6
1896,6
1895,6
affecting,6
affected,6
boredom,6
bosnia herzegovina,6
black white,6
democracia,6
black trans,6
biology feminism,6
continental philosophy,6
bharati,6
bharati mukherjee,6
com,6
combahee,6
chen,6
55,6
demon,6
enemies,6
combahee river,6
culture wars,6
democracy social,6
1909,6
1908,6
combining,6
countering,6
1906,6
ending,6
charlene,6
ethnographic study,6
black liberation,6
democracy women,6
1960 1990,6
credibility,6
1960s 1970s,6
2002 pp,6
contemporary russia,6
equal opportunities,6
contemporary south,6
approach feminism,6
248 pp,6
duties,6
equality difference,6
contemporary fiction,6
angelou,6
chronic,6
dworkin,6
entertainment,6
distinctions,6
distinction,6
clash,6
equality policy,6
arab feminism,6
equitable,6
arabia,6
archaeological,6
architectural,6
anatomy,6
aren,6
epistolary feminism,6
dunham,6
drucilla cornell,6
critique feminism,6
donald,6
antara,6
anti colonial,6
domestic labor,6
citation,6
citizenship feminism,6
doll house,6
anti pornography,6
anti trafficking,6
critical studies,6
critical social,6
anglophone,6
anita desai,6
documenting,6
civilization,6
entry,6
animated,6
cinderella,6
ciências,6
231,6
drucilla,6
aportes,6
east european,6
anarcha,6
developing countries,6
ecocriticism,6
attack,6
difficulty,6
1978 pp,6
educated,6
cobbe,6
attractiveness,6
choose,6
34 95,6
crip,6
cult,6
contestation,6
audio,6
dialogic,6
1971,6
criminological,6
1970s feminism,6
aurat march,6
development goals,6
coercive,6
authentic,6
197,6
coetzee,6
education new,6
essay feminism,6
digital era,6
choosing,6
dirty,6
ecologies,6
arts based,6
ecology feminism,6
classes,6
chris,6
economies violence,6
disciplinarity,6
critical appraisal,6
aspect,6
disabilities,6
amy mazur,6
amid,6
edited mary,6
assistance,6
assistants,6
enhancement,6
conception,6
cuba,6
amnesia,6
amina wadud,6
astell,6
cuban feminism,6
boston beacon,6
becomings,6
brontë,6
das mulheres,6
enabling,6
days,6
adopting,6
abroad,6
evidence based,6
abortion care,6
consensus,6
buenos,6
exegesis,6
constitutionalism,6
common ground,6
activismo,6
community psychology,6
buenos aires,6
activisms,6
braidotti,6
embedded,6
1870 1920,6
evolving,6
decadence,6
commodity feminism,6
canons,6
capabilities,6
century britain,6
british columbia,6
convergence,6
console,6
conscious,6
abjection,6
adolescent literature,6
deconstruction law,6
catholic church,6
decisions break,6
accessibility,6
catholic feminism,6
catholic women,6
dan feminisme,6
brilliant,6
bridget,6
corporeal feminism,6
actually,6
1700,6
contraceptive,6
capitalist patriarchy,6
console ing,6
employees,6
compatible,6
camera,6
communitarianism,6
consideration,6
canadian women,6
adaptive,6
broadening,6
communist party,6
danger,6
caribbean feminism,6
advantage,6
campus sexual,6
1890 1970,6
adventures,6
cooperation,6
contribute,6
95 pbk,6
carla,6
carla lonzi,6
century france,6
controversies,6
construct,6
bountiful,6
cool,6
construcción,6
cambridge ma,6
1830 1914,6
advocates,6
1880s,6
everyday lives,6
celebration,6
committee,6
career mary,6
activism south,6
caregivers,6
burlesque,6
place feminism,5
socialism lily,5
analisis wacana,5
south east,5
sociology feminism,5
pierre,5
acceptable,5
mama,5
analysis political,5
placing,5
soldiers,5
anak,5
feminism whiteness,5
ecology metaethics,5
sor juana,5
mandatory,5
transform,5
son,5
mid twentieth,5
transfeminism,5
gay lesbian,5
male violence,5
sojourning freedom,5
academic women,5
manchester university,5
sor,5
socialist women,5
economic social,5
malaysian,5
gayatri,5
ecosystem,5
managerial,5
melancholia,5
southeast asia,5
participants,5
st martin,5
marginality,5
meyer,5
stance detection,5
american jewish,5
american history,5
marguerite,5
cook,5
participant,5
friendly,5
mariama,5
spot,5
philadelphia temple,5
state power,5
feminisms 1700,5
acker,5
frida,5
fricker,5
coercion,5
statements,5
cooking,5
french lieutenant,5
margin,5
fulfilment requirements,5
futurity,5
americas making,5
spare,5
community building,5
future illusion,5
spck,5
amp littlefield,5
conversion,5
accidental,5
accommodation ethical,5
communities ethic,5
fury,5
gender citizenship,5
fuller,5
parody,5
clubs,5
american political,5
feminisme eksistensialis,5
sport development,5
sport gender,5
margaret mead,5
michael slote,5
parsons,5
functions,5
philosophy sex,5
transgressions,5
gender civil,5
paradigm shift,5
empower,5
paper 14,5
singing,5
critical reflections,5
critical reflection,5
sister feminism,5
maesa,5
maesa ayu,5
sisters second,5
feminism travelling,5
drink,5
feminism travels,5
drive,5
plea,5
skins,5
du féminisme,5
angle,5
dubois,5
slave,5
transphobia,5
employment feminism,5
par,5
mai,5
slote,5
gender post,5
gender perspectives,5
transnational perspectives,5
traumatic,5
companion feminism,5
simple,5
poem,5
lugones,5
millennial activists,5
donald trump,5
donors,5
shari,5
lydia,5
anorexia nervosa,5
poets,5
critical theories,5
citizen social,5
shirley,5
traversing,5
abu,5
animation,5
macbeth,5
generating,5
machine learning,5
macho,5
siecle,5
genders,5
siglo,5
sikh,5
feminism tradition,5
city women,5
anime,5
panel,5
gender performativity,5
gender new,5
middle aged,5
gender nation,5
transit,5
andes,5
feminism voices,5
anarchy,5
social ecological,5
making black,5
social fabric,5
social history,5
making difference,5
transgressive,5
states knowledge,5
making feminism,5
gender empire,5
making history,5
making international,5
social life,5
gender diverse,5
eating disorders,5
social norms,5
social origins,5
planetary,5
ecocritical,5
gender dan,5
community development,5
ecological communities,5
making transnational,5
analysis social,5
early enlightenment,5
early career,5
gender gender,5
players,5
employed,5
transmedia,5
paradox feminism,5
small african,5
feminism utopian,5
critical overview,5
dying,5
translators,5
translator,5
gender lens,5
translation studies,5
gender law,5
gender intersectionality,5
middle eastern,5
empirical study,5
maintenance,5
angel,5
gender inequalities,5
gender inclusive,5
translation gender,5
gender ideologies,5
dystopia,5
gender identification,5
early 20th,5
abyss freedom,5
academic discourse,5
feminisms anthology,5
francis,5
statistical,5
tech,5
agents change,5
theory women,5
perception feminism,5
theory today,5
agenda feminist,5
taking feminism,5
perceive,5
taming,5
theory study,5
tangled,5
theory social,5
feminist therapy,5
people experience,5
feminist challenges,5
tanya,5
feminist theoretical,5
counterculture,5
tasks,5
medea,5
pensamiento,5
theory research,5
feminist stylistic,5
elements feminism,5
elena,5
men sex,5
penley,5
teaching feminist,5
ages,5
elections,5
syria,5
sweet,5
feminismus,5
mathematics education,5
performance feminism,5
menurut,5
emecheta,5
pastoral,5
matriarchy,5
feminist action,5
fenomena,5
perempuan yang,5
ah,5
swedish feminism,5
feminist activist,5
syracuse,5
corporeality,5
sydney,5
thinking women,5
agreement,5
feminists feminism,5
mayo,5
mena region,5
synergies,5
aggression,5
feministas en,5
therapist,5
theosophy feminism,5
feminist sex,5
coming lilith,5
maternalism,5
techniques,5
media women,5
temporalities,5
tenant wildfell,5
mediation,5
feminist organizations,5
cosmopolitanism,5
medical education,5
african fictions,5
pedagogy feminism,5
elizabeth wilson,5
terrains,5
elusive,5
terrorist,5
medusa,5
meet,5
mellor,5
costs,5
affordances,5
feminist jurisprudence,5
advertisement,5
feminist group,5
texas,5
melbourne,5
peace movement,5
advocate,5
thai,5
peace freedom,5
afrocentrism,5
feminist phenomenology,5
paula,5
pen,5
age globalization,5
feminist rhetorical,5
theory methodology,5
correlates,5
patriarchy case,5
age feminism,5
feminist responses,5
cosmetic surgery,5
theory critical,5
feminist response,5
feminist debate,5
technology medicine,5
commentary criticism,5
temperance,5
theory action,5
theorizing ngos,5
pemberdayaan,5
afterword,5
feminist publishing,5
feminist protest,5
eliza,5
television video,5
count,5
feminist economics,5
feminist poetry,5
emancipation england,5
addiction,5
albany state,5
cooper,5
personhood,5
fragile,5
fractured,5
alternative futures,5
marxism antiwork,5
partir,5
fourth world,5
students perceptions,5
students perspectives,5
toolkit,5
created,5
foundations feminism,5
foundation,5
educational reform,5
mary astell,5
activists unfinished,5
actor,5
studies gender,5
told,5
educator,5
studies post,5
fortunes feminism,5
fortress,5
perspectiva género,5
study eco,5
edwardian britain,5
passage,5
formations,5
fragmentation,5
education women,5
fragments feminism,5
frank,5
statistics,5
status quo,5
activism digital,5
activism feminist,5
freedom black,5
coercive control,5
free market,5
phase,5
feminisms development,5
phallus,5
stereotyping,5
activism politics,5
cognition,5
martin press,5
perverse,5
tort,5
story african,5
toronto press,5
ambiguous,5
strikes,5
perspektif islam,5
perspektif feminisme,5
stronger,5
torno la,5
martha nussbaum,5
structuralist,5
tips,5
allison,5
alchemy,5
collectivity,5
eileen,5
tide,5
suffragettes,5
suit,5
coronavirus,5
eine,5
eisenstein,5
tibetan,5
feminisms state,5
thriving,5
passions international,5
fin siecle,5
threats,5
filosofía,5
support feminism,5
gentileschi,5
support gender,5
filipina,5
suppression,5
aldershot,5
el género,5
fifth,5
addams,5
el salvador,5
performing feminisms,5
performing feminism,5
maternal dilemma,5
suffragette,5
fits,5
fiu,5
subjects feminism,5
forever,5
effect feminism,5
tinjauan,5
suatu,5
cornell university,5
effectiveness,5
met,5
collegiate,5
perpetrators,5
permanent,5
massachusetts,5
time feminism,5
messaging,5
fiu libraries,5
massey university,5
alien,5
masters,5
florence nightingale,5
alice doesn,5
feminisms queer,5
mastery nature,5
passages,5
message,5
algorithms,5
mate,5
suffrage wave,5
shall,5
neglected,5
geo,5
chang,5
change argentina,5
labour women,5
postsocialist,5
labour movement,5
inequity,5
labour market,5
bodies borders,5
changing gender,5
deliberative,5
infidel,5
infidel feminism,5
chambers,5
reconsideration,5
influenced,5
bloody,5
blogs,5
body politic,5
reinterpreting,5
relational feminism,5
black consciousness,5
increase,5
rejecting,5
inderpal,5
inderpal grewal,5
cunning,5
indonesian feminism,5
democracies,5
black woman,5
languages,5
reform feminism,5
curious,5
current state,5
postwork imaginaries,5
inform,5
relations feminism,5
rape revenge,5
rawls,5
cyborg feminism,5
challenges feminism,5
knowledge power,5
rapports,5
integral,5
knowledge ethics,5
degrowth,5
rape narrative,5
rape feminism,5
rape culture,5
pp 24,5
bourgeois feminism,5
intellectual history,5
ko,5
instances,5
la perspectiva,5
power knowledge,5
reckoning,5
potentials,5
bolivia,5
power feminist,5
kuhn,5
bolshevism,5
kritik sastra,5
ready,5
inner,5
realm,5
power politics,5
borders feminism,5
insider,5
insight,5
democratic politics,5
charlene haddock,5
pp 30,5
league peace,5
lear,5
beneath,5
illus,5
benefit,5
benevolent,5
illusion film,5
post human,5
research teaching,5
research education,5
lay,5
post september,5
dependence,5
berkeley university,5
bernard,5
research social,5
ill,5
law social,5
learning feminism,5
post 11,5
post apartheid,5
culture law,5
beginnings,5
behavioral,5
behaviors,5
post colonialism,5
research women,5
resilient,5
bell jar,5
iklan,5
reshaping,5
belong,5
beloved,5
reproduction feminism,5
beth,5
democratic republic,5
religion early,5
remapping,5
biomedicine,5
religious agency,5
biopolitical,5
religion women,5
birds,5
late medieval,5
remembered,5
relações,5
incl,5
birth control,5
including,5
birthing,5
bisexual transgender,5
important,5
remote,5
impact feminist,5
cheryl,5
post yugoslav,5
biases,5
law enforcement,5
biblical feminism,5
imperative,5
imperfect,5
representación,5
implicit,5
repositioning,5
imperialist,5
bibliometric,5
chemical,5
reparative,5
culture society,5
rainbow,5
box,5
shadows,5
programming,5
proper,5
iron,5
irreconcilable,5
isbn 415,5
judicial,5
cambridge uk,5
judgment,5
prospective,5
judging,5
judaism sexual,5
camps,5
islamic law,5
islamic perspective,5
producing feminism,5
propuesta,5
bye,5
isolation,5
proud,5
provision,5
burning,5
census,5
cell,5
involuntary,5
proverbs,5
deaf,5
iranian women,5
inward,5
protocol,5
premenstrual,5
protective,5
jung feminism,5
celebrating,5
journeys women,5
daughter relationships,5
justice movement,5
primary sources,5
janet halley,5
case socialist,5
care feminist,5
jawa,5
press 2003,5
prime time,5
joke,5
janeiro,5
primary care,5
career progression,5
daring,5
pressure,5
joanna russ,5
caroline,5
joni,5
data feminist,5
problematizing,5
italian women,5
problem work,5
istanbul,5
problem feminism,5
journalism feminism,5
italian cinema,5
capacity,5
pro feminism,5
jane addams,5
ithaca,5
jack,5
privatization,5
jakarta,5
press 1999,5
case women,5
dear,5
psyche,5
intention,5
interpretation feminism,5
bridget jones,5
bridging gap,5
quo,5
kerala,5
brien,5
internationalist feminism,5
kelly,5
century women,5
dalam cerpen,5
interrupted,5
queens,5
interseccionalidad,5
decolonisation,5
ke,5
international political,5
international development,5
intersection gender,5
braun,5
radical women,5
pp hb,5
radical sisters,5
inter war,5
radical black,5
pp ix,5
breaking silence,5
cerita,5
racialization,5
certain,5
rachel,5
intermediaries,5
khaled hosseini,5
internal,5
intersection feminism,5
kay,5
justice movements,5
buffy vampire,5
interspecies,5
bubble,5
puisi,5
interview dr,5
publics,5
interviewing,5
built,5
brunswick rutgers,5
kantianism,5
introduction feminist,5
psychoanalytic theory,5
bureaucratic,5
centering,5
psychiatric,5
century british,5
purnomo,5
intersectional feminist,5
katherine mansfield,5
katy,5
intersectional identities,5
qualitative data,5
practising,5
intersectional perspective,5
kathryn,5
pushing,5
brunswick nj,5
intersectionality theory,5
decline,5
intersections feminism,5
intersections feminisms,5
intersections gender,5
purple hibiscus,5
response feminism,5
culture gender,5
culture feminist,5
argumentation,5
lives feminism,5
search self,5
disorder recovery,5
christian ethics,5
argentina chile,5
live action,5
graffiti,5
politicizing,5
dislocating,5
grande,5
christabel,5
politics choice,5
art education,5
graphic novels,5
displaced,5
politicization,5
art politics,5
apps,5
logics,5
segregation,5
approaching,5
political power,5
disrupt,5
christianity feminism,5
localization,5
christian feminist,5
april,5
securing,5
goldstein,5
secrets,5
christian imperial,5
lloyd,5
grass,5
literary study,5
globally,5
liquid,5
guide feminism,5
guides feminism,5
list,5
asians,5
saudi women,5
ask,5
satire,5
gt feminism,5
politics knowledge,5
guys,5
sastra feminis,5
sartre,5
disadvantage,5
gyn ecology,5
scandal,5
discourse women,5
disentangling,5
greenham common,5
great britain,5
politics cultural,5
greater,5
discussing,5
artemisia,5
artemisia gentileschi,5
greenwich village,5
cruz,5
school students,5
literary history,5
literary feminism,5
grewal,5
christ,5
discrimination women,5
seizing,5
globalization women,5
left right,5
polish feminism,5
louisa alcott,5
anticolonial,5
sex industry,5
louis,5
sex equality,5
lou,5
seventies,5
sex wars,5
antiracism feminism,5
antiwork,5
antiwork politics,5
polish women,5
doctrine,5
girl boy,5
sex sexuality,5
getting started,5
antonio,5
circuits,5
geographical knowledge,5
critically,5
geography limits,5
sexuality education,5
anti carceral,5
sexualisation,5
domains,5
anti trans,5
gerakan feminisme,5
sexuales,5
sexual rights,5
sexual liberation,5
german literature,5
anti rape,5
ciencia,5
doctors,5
feminism theories,5
approach gender,5
global democracy,5
global economy,5
political feminist,5
global feminist,5
global gender,5
divakaruni,5
lonergan,5
applying feminist,5
self efficacy,5
political identity,5
global sisterhood,5
london university,5
political implications,5
political literary,5
longing,5
semantics,5
anxious,5
lord,5
doctoral students,5
ao,5
serial,5
djenar maesa,5
apartheid south,5
lords,5
djenar,5
glitch feminism,5
looks,5
djebar,5
dixon,5
glaspell,5
churchill girls,5
semiotics cinema,5
gynocriticism,5
sargasso sea,5
sargasso,5
howard,5
liberation feminism,5
hour,5
liberated,5
chinese female,5
rights law,5
liberal democracy,5
popular fiction,5
rio janeiro,5
popular music,5
lexington books,5
right sex,5
baltimore,5
levels,5
cultural perspective,5
bakhtin,5
hosseini,5
banerjee,5
roberts,5
libraries suffrage,5
avatars,5
hold,5
holistic,5
holocaust,5
determinants health,5
libguides gender,5
liberation washington,5
river collective,5
risky,5
cultural construction,5
polity press,5
polyamory,5
hormones,5
letting,5
populations,5
habermas,5
revealed,5
childcare,5
childbearing,5
identification feminism,5
identifications,5
reversal,5
revealing,5
child relations,5
legislating,5
bay,5
legal academy,5
beacon press,5
identity development,5
restoration,5
derrida feminism,5
identidad,5
desafíos,5
design research,5
reweaving social,5
human robot,5
lessons learned,5
rib,5
humanitarianism,5
lesbian studies,5
hungarian,5
cultural relativism,5
review literature,5
cultural revolution,5
descriptive,5
description,5
based analysis,5
portrait lady,5
review social,5
autonomous,5
automation,5
politics wave,5
politics recognition,5
sa,5
attachment,5
hate speech,5
russ,5
lily braun,5
attempt,5
lillian wald,5
harms,5
lillian,5
attitudes women,5
lilith essays,5
health policy,5
politics religion,5
choice feminism,5
politics postwork,5
digital technologies,5
history gender,5
salvador,5
haddock,5
linguistic theory,5
hak,5
director,5
sameness,5
politics memory,5
hand,5
limits geographical,5
dir,5
saint,5
dinner,5
chopin awakening,5
harassment law,5
hardbound,5
rowman amp,5
heaven,5
politics resistance,5
authors,5
hispanic,5
histoire,5
life death,5
lieutenant woman,5
lieutenant,5
romancing,5
roma,5
dictatorship,5
roller derby,5
roller,5
developing feminist,5
history american,5
history feminisms,5
develop,5
roots feminism,5
rosemary,5
high risk,5
hidden figures,5
devi,5
hibiscus,5
roth,5
heteronormative,5
heterogeneity,5
hester,5
politics self,5
dian,5
hermeneutic,5
dian purnomo,5
herbert,5
routledge handbook,5
dickinson poetry,5
globalism,5
press 2012,5
contemporary film,5
movements women,5
movidas,5
work practice,5
feminism print,5
new times,5
familiar,5
university nebraska,5
confidence,5
narration,5
72,5
women digital,5
votes,5
70s,5
work gender,5
new wave,5
79,5
1890s,5
feminism process,5
wa,5
1890 1940,5
endarkened,5
80s,5
new politics,5
nancy miller,5
evaluations,5
universe,5
confessions,5
feminism protest,5
ottoman,5
movimiento,5
wald,5
moderate,5
movements feminism,5
women domestic,5
nationalism women,5
27 50,5
feminism korean,5
feminism knowledge,5
olga,5
competitive,5
modern japan,5
feminism poetry,5
women words,5
feminism kate,5
endurance,5
feminism complex,5
feminism complexities,5
competition,5
voicing,5
1970 maternal,5
volatile,5
movement women,5
movement russia,5
essence,5
narayan,5
60 00,5
1899,5
unmarried,5
modern chinese,5
women early,5
woolf guineas,5
feminism postfeminist,5
65 00,5
unknown,5
feminism construction,5
work age,5
world making,5
native feminisms,5
new perspectives,5
wave feminisms,5
writing body,5
contemporary political,5
feminism humanism,5
offline,5
unfinished gender,5
new global,5
conferences,5
new generation,5
unequal,5
encounters feminism,5
everyday sexism,5
214,5
women academia,5
wrongs,5
wave feminists,5
new left,5
navigate,5
españa,5
feminism heartland,5
wave jewish,5
1993 pp,5
212,5
womanhood feminism,5
feminism discourses,5
1995 pp,5
evolution gender,5
underrepresentation,5
conservative feminism,5
enchanted feminism,5
mitigating,5
everyday feminism,5
women black,5
feminism criminal,5
unique,5
feminism publishing,5
native women,5
failures,5
feminism crisis,5
mr,5
failure feminism,5
feminism qualitative,5
essays gender,5
1880 1914,5
89,5
failing,5
war era,5
feminism crossroads,5
contained,5
war occupation,5
mobilities,5
new materialist,5
facts,5
factory,5
war peace,5
23 95,5
natural law,5
confession,5
feminism reboot,5
unintended,5
factor,5
conceptualization,5
ms magazine,5
warner,5
notes feminism,5
configuring,5
feminism philosophical,5
1850 1900,5
women physical,5
feminism antiracism,5
1933,5
veganism,5
female leadership,5
women playwrights,5
1932,5
women philosophy,5
voice feminism,5
feminism ancient,5
vengeance,5
nonhuman,5
orders,5
engineering education,5
opinions,5
female image,5
open data,5
42,5
nora,5
women language,5
vatican,5
women post,5
ethnic minority,5
feminism national,5
monster,5
female gaze,5
female empowerment,5
320,5
32,5
et al,5
nation building,5
nilai,5
vindication rights,5
women life,5
vernacular,5
feminine theosophy,5
feminism 21st,5
feminism 1970,5
computer science,5
feminism mastery,5
feminism 1780,5
feminisation,5
nash,5
feminism abyss,5
ethical issues,5
vienna,5
feminism method,5
ethics pedagogy,5
morals,5
feminism advertising,5
ethics power,5
veronica,5
1921,5
femi ni,5
contentious,5
femenino,5
women organizing,5
feminism migration,5
oppressions,5
192,5
women making,5
views feminism,5
vi,5
ethiopia,5
moral philosophy,5
moral panic,5
feminism awareness,5
feminism negotiating,5
feminism backlash,5
50 paper,5
280 pp,5
feminism orthodox,5
fate,5
feminism change,5
feminism changing,5
complicated,5
women spirituality,5
using feminist,5
feminism pacifism,5
28 00,5
modernism feminism,5
visual art,5
visual arts,5
enlightenment england,5
feminism christian,5
feminism challenge,5
uruguay 1890,5
women stories,5
feminism patriarchal,5
fascist,5
enforcement,5
feminism personal,5
women teachers,5
feminism classroom,5
women family,5
farm women,5
women trade,5
women equality,5
constructive,5
women uk,5
feminism challenges,5
usual,5
female academics,5
feminism britain,5
consultation,5
organization studies,5
norma,5
women implications,5
312,5
ethnicity race,5
contexto,5
valuing,5
feeding,5
contemporary western,5
mothers feminism,5
estudio,5
feminism brief,5
valley,5
women sexuality,5
utility,5
1905,5
1948,5
val,5
organizing women,5
faux,5
estonian,5
women society,5
1950 political,5
fatima mernissi,5
utopian feminism,5
online gender,5
mountain,5
mountains,5
modesty,5
contemporary america,5
feminism project,5
experts,5
western culture,5
excavating,5
zionism,5
pa,5
wildfell,5
nawal el,5
neoliberal age,5
west java,5
163,5
wildfell hall,5
feminism end,5
1998 pp,5
truly,5
feminism german,5
mirrors,5
novels feminism,5
negras,5
feminism technoscience,5
consolidation,5
una mirada,5
minority women,5
explicit,5
13 95,5
trials,5
mythology,5
music video,5
160,5
experiencias,5
existentialist feminism,5
environmental sustainability,5
trigger,5
abortion law,5
examine,5
feminism sport,5
pamela,5
mind career,5
weinstein feminism,5
constructing women,5
multilingual,5
1700 1950,5
weldon,5
construction masculinity,5
occupied,5
woke,5
woman child,5
pakistani women,5
experiences black,5
erica,5
multilevel,5
win,5
feminism struggle,5
feminism egypt,5
feminism generational,5
wisdom,5
feminism semiotics,5
tzu,5
executive,5
minds,5
yes,5
wittgenstein,5
twentieth centuries,5
neil gilbert,5
feminism european,5
1780 1980,5
contrasting,5
mindfulness,5
mind gap,5
west germany,5
2018 isbn,5
young children,5
contemporary feminisms,5
nuns,5
mit,5
weapon,5
tree,5
feminism essential,5
exclusions,5
xxi,5
conference television,5
object oriented,5
westview,5
constance penley,5
wiki,5
muslimah,5
wife mother,5
environmental movement,5
controversial,5
turn feminism,5
contradiction terms,5
tunisian,5
multicultural education,5
tráfico,5
woman nation,5
exclusionary radical,5
experimenting,5
expressive,5
woman rights,5
painting,5
wide sargasso,5
nebraska press,5
obstetric violence,5
feminism reweaving,5
más,5
apuntes,4
gone wind,4
treasure,4
winning,4
houellebecq,4
christian theology,4
política feminista,4
hobbes,4
estudiantes,4
1945 1952,4
hogan,4
consumer research,4
holding,4
hockey,4
second waves,4
women ict,4
determinism,4
history present,4
hrd,4
lives matter,4
china feminism,4
feminism based,4
feminism era,4
roe,4
balinese,4
desirable,4
rochester,4
golden cables,4
pop feminism,4
north south,4
desire freud,4
feminism bioethics,4
golden notebook,4
aux,4
avatar,4
chinese contemporary,4
feminism children,4
musicology,4
hosseini thousand,4
winter,4
estudios la,4
local global,4
local women,4
polygamy,4
chinese film,4
conflict recent,4
cultural capital,4
secularism religion,4
rise women,4
conducting,4
backlash feminism,4
narrative politics,4
hood feminism,4
risk feminism,4
robber,4
risking,4
normativity,4
architects,4
risky business,4
disposable,4
librarian,4
politischen,4
secondary school,4
award,4
rle,4
ll,4
women french,4
1955,4
2005 pp,4
rle feminist,4
archetype,4
second world,4
feminism ca,4
homeless,4
hopkins,4
hopkins university,4
politics writing,4
living feminist,4
homosexuality,4
gospel,4
bagi,4
rise corporate,4
bad feminism,4
arab feminisms,4
horses,4
horse,4
political violence,4
robins,4
despentes,4
hornsby,4
section feminism,4
rise neoliberal,4
libraries art,4
feminism challenging,4
cultural contexts,4
home economics,4
living skins,4
homeland,4
nursing research,4
desperate,4
desperate housewives,4
popular feminist,4
disagreement,4
rights contemporary,4
nonconforming,4
descartes,4
feminism aging,4
childhood studies,4
distinctive,4
music therapy,4
globalization social,4
christine pizan,4
childhood sexual,4
selected plays,4
women migrant,4
ethic flourishing,4
music feminism,4
ideas feminism,4
childfree,4
legalization,4
1922,4
legitimizing,4
review woman,4
lemons,4
hypocrisy,4
women magazine,4
portals,4
revision,4
base,4
londa,4
londa schiebinger,4
christina,4
iberian feminisms,4
based activism,4
women march,4
based research,4
wikipedia editing,4
ice,4
legality,4
feminism advocacy,4
glory,4
globalised,4
retos,4
feminism abortion,4
distribution,4
child protection,4
rethinking identity,4
rethinking feminist,4
women nature,4
culture contemporary,4
bdsm,4
legacy western,4
positive feminism,4
feminism 99,4
global politics,4
identity construction,4
identity contemporary,4
legal gender,4
retrieving,4
battered women,4
approach women,4
selected works,4
position women,4
review black,4
review article,4
bath,4
narratology,4
approach understanding,4
identities feminism,4
revenge porn,4
women national,4
wigman,4
return repressed,4
non western,4
equality diversity,4
concrete,4
1929,4
rights amendment,4
wilkinson,4
richards,4
goethe gide,4
letters contemporary,4
nordic welfare,4
women journalists,4
women labor,4
2011 pp,4
feminism argentina,4
gods,4
chilean feminism,4
human security,4
women land,4
locations,4
political psychology,4
lesson,4
1937,4
rico,4
dispute,4
narratives activism,4
rights agenda,4
rights advocacy,4
goldberg,4
ballet,4
righting,4
feminism everybody,4
women institute,4
equality women,4
designers,4
human animal,4
population control,4
women islam,4
security agenda,4
human dignity,4
rhys,4
banerjee divakaruni,4
hype,4
rhetorical studies,4
revolutionaries,4
dissenting,4
hurts,4
les rapports,4
revolución,4
children feminism,4
barrier,4
seizing means,4
children adolescent,4
revisión,4
revisiting women,4
goal,4
christians,4
hygiene,4
revisiting feminism,4
cultural representation,4
revolutionizing,4
barat,4
approaches social,4
cultural psychology,4
banks,4
reynolds,4
cross generational,4
humm,4
logic social,4
humm feminism,4
hunger,4
logical,4
banten,4
reworking,4
wildlife,4
feminism animals,4
god feminism,4
2010 pp,4
1961,4
rojava,4
gt amp,4
arundhati,4
atas,4
women career,4
grounds anti,4
confessional,4
digital divide,4
nego,4
grounding modern,4
athletic,4
dig,4
hate women,4
attachments,4
russia feminism,4
russia 1900,4
haven yale,4
discourses gender,4
arundhati roy,4
harris,4
politics everyday,4
politics place,4
haredi,4
feminism death,4
grrrl zine,4
harem,4
safe spaces,4
growth feminism,4
feminism east,4
women british,4
ata,4
politics possibility,4
limited,4
politics discourse,4
women canadian,4
diffractive,4
schiebinger,4
schleiermacher,4
run world,4
women coaches,4
women college,4
health education,4
nancy cott,4
health illness,4
health movement,4
escape,4
scholarship women,4
discursive approach,4
feminism course,4
ntozake,4
women community,4
health professionals,4
rumah tangga,4
contemporary australian,4
different voices,4
feminism cross,4
women change,4
hawthorne,4
attacks,4
woman feminist,4
literary canon,4
escritura,4
grip,4
difficulties,4
rural feminism,4
scholarship feminism,4
discursive analysis,4
scholarship social,4
rush,4
women class,4
headscarf,4
discourse conversation,4
dilemmas gender,4
feminism educational,4
hardcover,4
linkages,4
disability activism,4
asian pacific,4
sara mills,4
link,4
womb,4
haddock seigfried,4
assess,4
español,4
woman place,4
wombs,4
feminism drama,4
disciplining feminism,4
halberstam,4
críticas,4
sarah apetrei,4
linked,4
womanism feminism,4
mädchen,4
satellite,4
feminism documentary,4
mädchen feminism,4
guilt,4
guild,4
nacional,4
feminism disney,4
nación,4
savagery,4
feminism discussion,4
guides wgss,4
más allá,4
guides second,4
gypsy,4
politics location,4
guides arh291,4
lines flight,4
notion,4
crystal,4
women agents,4
1987 pp,4
women attitudes,4
scandinavian,4
sahgal,4
ding ling,4
politics neoliberal,4
ding,4
woman life,4
hard boiled,4
scarlet,4
sage publications,4
women body,4
guest,4
direction,4
assia,4
sameness difference,4
disclosures,4
direito,4
hall university,4
nadia,4
assia djebar,4
hamas,4
assimilation,4
sally,4
1992 pp,4
listen,4
nova,4
scales,4
politics menstruation,4
politics modern,4
rumah,4
ntozake shange,4
establishment,4
chitra banerjee,4
development chinese,4
aristotle feminism,4
hinduism,4
australian print,4
politics australian,4
arh291,4
essential writings,4
australians,4
consumerism,4
liu,4
historian,4
scp feminism,4
women environmental,4
era feminism,4
life course,4
australian indigenous,4
arjana,4
politics state,4
austen feminism,4
women embodied,4
development theory,4
politics britain,4
roses,4
feminism composition,4
litigation,4
crossroads feminism,4
australian feminist,4
politics body,4
development gender,4
rose arjana,4
chitra,4
rosalind rosenberg,4
rosalind,4
life balance,4
romanian,4
romania,4
automatic,4
auto immunity,4
history female,4
disobedience,4
library research,4
seal,4
women feminisms,4
women fight,4
politics transnational,4
history iberian,4
archive feminism,4
1960 1980,4
history matters,4
architectures,4
role attitudes,4
archives film,4
roles feminism,4
feminism environmental,4
narrativas,4
christabel pankhurst,4
feminism environmentalism,4
historical political,4
feminism colonial,4
autism,4
1963,4
feminism collective,4
lies,4
sdgs,4
guy,4
history 186b,4
2004 pp,4
disney princess,4
history black,4
narcissism,4
ross,4
notas,4
life politics,4
politics resilience,4
disengagement,4
women crime,4
heavy,4
hebrew,4
heels,4
politics respectability,4
dictionary feminism,4
women cultural,4
grave,4
hegemonic masculinity,4
women day,4
grateful,4
erased,4
disgust,4
great depression,4
heart freedom,4
feminism conversation,4
royer,4
attributes,4
ruins,4
health social,4
likes,4
discuss,4
women contemporary,4
royal commission,4
atwood surfacing,4
literary perspectives,4
1st,4
attribution,4
feminism 1990s,4
schreiner progress,4
diferencia,4
politics closet,4
wo,4
light feminism,4
grandmother,4
grant,4
heroic,4
contemporary chinese,4
round,4
dewson feminism,4
politics care,4
dewson,4
dialogical,4
crouching,4
life stories,4
feminism conservatism,4
1972 2003,4
dewi,4
devil,4
feminism empowerment,4
literature critical,4
lifestyles,4
women discourses,4
politics scale,4
help seeking,4
lifelong,4
200,4
diasporas,4
diaries,4
nos,4
audio new,4
routine,4
literatura,4
cruel,4
essays women,4
women don,4
eradication,4
identity crisis,4
secular autonomy,4
beatrice,4
raise,4
pursue,4
purpose,4
intersectionnelle,4
wu,4
new delhi,4
eyes watching,4
xiaohongshu,4
1860 1930,4
purchase,4
1850 present,4
intersubjective,4
punk feminism,4
intertextuality,4
1850 1920,4
pragmatist feminism,4
punitive,4
buchi,4
pulling,4
navigating neoliberal,4
pursuing,4
new era,4
intersectionality feminist,4
new gender,4
broadcasting,4
qualities,4
writing politics,4
kaufman,4
decolonial critique,4
katy perry,4
writing studies,4
186b,4
quaker,4
century english,4
1866,4
pública,4
pós,4
century feminist,4
practitioners,4
putting feminism,4
intersectionalities,4
brookfield,4
puerto rico,4
decentring,4
karya eka,4
psychologies,4
psychology politics,4
centres,4
kamala das,4
bumi,4
dalit feminist,4
debates feminism,4
ya,4
introduction gender,4
psychological science,4
psychology sex,4
kamal,4
kajian sastra,4
yala,4
1820 1920,4
introduction pp,4
introduction second,4
burgos,4
kahlo,4
dalila missero,4
kant,4
new approach,4
184,4
pray,4
buddhist feminism,4
publication,4
neutrality,4
xvii,4
karen offen,4
pray love,4
interwar paris,4
build,4
psychopathology,4
public policies,4
centric,4
pre service,4
kapur,4
dalila,4
kantianism liberalism,4
ex,4
kantian,4
186b global,4
intersection race,4
new history,4
khan,4
pp paperback,4
interdependence,4
racializing,4
interdisciplinarity,4
racialisation,4
defend,4
racial justice,4
racial capitalism,4
khalieqy,4
racism sexism,4
interior,4
breastfeeding feminism,4
evelyn fox,4
deepfakes,4
breath,4
khader,4
pp xii,4
keynote,4
brazilian feminisms,4
da mulher,4
nato military,4
intentional,4
bournemouth,4
bournemouth university,4
radikal,4
kitzinger,4
evangelical women,4
radicalism feminism,4
cfp console,4
constructionism,4
new political,4
world politics,4
world feminist,4
king lear,4
world literature,4
radical lesbian,4
pp incl,4
faire,4
brands,4
killjoy,4
brennan,4
race community,4
quantitative research,4
fact fiction,4
brilliant friends,4
queers,4
queerness,4
bring,4
queer trans,4
britain 1900,4
decolonizing feminisms,4
1874,4
decolonizing feminism,4
question difference,4
queer politics,4
british american,4
interrogation,4
facilitating,4
facilitate,4
century germany,4
quarterly,4
quantum,4
1875,4
practice freedom,4
pp xiii,4
international security,4
bride,4
rabbit,4
conscience,4
brides,4
qur anic,4
international perspective,4
international perspectives,4
wounded,4
new materialisms,4
question gender,4
wright introduction,4
dahl,4
international students,4
practice feminist,4
internationalisms,4
question women,4
internationalization,4
question woman,4
psychoanalysis politics,4
justification,4
debate feminism,4
privileges,4
zambia,4
journal articles,4
12 99,4
cash,4
itineraries,4
database,4
capitalism neoliberal,4
prize,4
privileged,4
italic,4
jack halberstam,4
zaynab,4
jordanian,4
12 50,4
zed,4
data practices,4
prisons,4
jan 15,4
italic gt,4
neo victorian,4
data driven,4
israeli women,4
dance education,4
island feminism,4
processing,4
canon 1770,4
casual,4
problems feminism,4
daughter seduction,4
neoliberal crisis,4
problematization,4
cape,4
dances,4
dances mary,4
problem gender,4
issues gender,4
yvonne,4
problem class,4
13 2018,4
italian cities,4
captain,4
zhen,4
cancel,4
jhumpa lahiri,4
jepang,4
jessie,4
zum,4
dans les,4
zur,4
caribbean feminist,4
johns hopkins,4
jhumpa,4
ji,4
jennifer suchland,4
cartographies,4
écriture,4
constructed,4
john stuart,4
press 2016,4
carol smart,4
negotiating difference,4
nego feminism,4
jensen,4
caregiving,4
captain marvel,4
care feminism,4
print culture,4
data analysis,4
japan 1945,4
capture,4
need talk,4
japanese feminist,4
carbon,4
11 13,4
101,4
jennifer hornsby,4
care providers,4
case feminist,4
00 pb,4
existing,4
jean rhys,4
jeanette,4
negotiating identity,4
jeannette,4
cancel culture,4
islamist women,4
psychoanalyses feminisms,4
preschool,4
involved,4
involving,4
yin,4
inés,4
inés la,4
nazi,4
yo,4
protestantism,4
protest feminism,4
invoking,4
deadline jan,4
1770 1936,4
jungian,4
1770,4
york feminist,4
present day,4
july 11,4
iraqi,4
years gender,4
nayantara sahgal,4
prostitute,4
práctica,4
psychoanalyses,4
psycho,4
psychic,4
yan,4
18 95,4
justice historical,4
pseudo,4
justice equality,4
proximity,4
invisible woman,4
1789,4
provocations,4
investment,4
dean,4
provocation,4
nayantara,4
deal politics,4
provinces,4
juliet mitchell,4
irene,4
15 2018,4
islamic education,4
programmes,4
catherine ignazio,4
islam dalam,4
young lords,4
press 1984,4
16 99,4
excess,4
campuses,4
davies,4
cambridge mass,4
canadian context,4
professionalism,4
construction feminism,4
156,4
juana inés,4
islamic thought,4
joyce antler,4
press 1992,4
near,4
exploration feminism,4
york ny,4
preservation,4
juliet,4
proposing,4
cables,4
cables sympathy,4
167,4
york st,4
cavendish,4
presented partial,4
cady,4
isbn 674,4
york times,4
cady stanton,4
caged,4
caine,4
promise popular,4
caitlin,4
projection,4
1600,4
works feminism,4
working mothers,4
identity exploring,4
chains,4
women protest,4
nineteenth twentieth,4
female employment,4
imperialism feminism,4
biblical studies,4
imperialisms,4
chemistry,4
bibliometric analysis,4
demon feminism,4
women race,4
female character,4
repensar,4
charting,4
renaissance studies,4
renaissance literature,4
female athletes,4
latinidad,4
nihilism bolshevism,4
remixing,4
impediments,4
female gender,4
representation female,4
betrayal,4
chicago university,4
women poets,4
law theory,4
nlp,4
repression resistance,4
immune,4
repressed,4
confront,4
female identity,4
impairment,4
women politicians,4
impact gender,4
impact global,4
representations feminist,4
law politics,4
law justice,4
representational,4
confrontation,4
latinas,4
female agency,4
nihilism,4
inclusivity,4
late 20th,4
birth outcomes,4
nietzsche feminism,4
features,4
fearless,4
bisexual women,4
bisexuality,4
congo,4
fay weldon,4
confucianism feminism,4
income countries,4
charity,4
fay,4
black british,4
women socialist,4
democratic federation,4
incorporating gender,4
black girl,4
birth feminism,4
federalism,4
felt,4
women research,4
culture south,4
impossibility perfection,4
remains,4
charm,4
religious studies,4
democrática,4
confronts technology,4
charlotte bronte,4
nation state,4
relativism feminist,4
culture women,4
incarcerated,4
incarceration,4
ethno,4
women roles,4
feed,4
ethnocentrism,4
incl index,4
bernard shaw,4
immanent,4
female nature,4
resistance chicana,4
resistant,4
resistance women,4
resistance patriarchal,4
resistance identity,4
women old,4
ignazio,4
learner,4
igualdad,4
chicana movidas,4
learning teaching,4
chicana mexicana,4
depth,4
resilience essays,4
women online,4
bella,4
reserve,4
belle epoque,4
192 pp,4
chicano movement,4
femininity sexuality,4
women organizations,4
chicas,4
feminism 1980s,4
identity feminist,4
women negotiating,4
identity gender,4
identity performance,4
possibilities feminist,4
culture dalila,4
feminism 1945,4
ethics 1972,4
resolving,4
feminism 1920,4
women ngos,4
beckett,4
nas,4
bed,4
respectable,4
post christian,4
resonance,4
women organisations,4
illinois university,4
berlin,4
lawyers,4
leader,4
republicanism,4
le genre,4
berkalung,4
post revolutionary,4
post secular,4
female sexual,4
berkalung sorban,4
reproductivos,4
image women,4
1916,4
women philosophers,4
culture politics,4
imaging,4
distrust,4
imagining feminist,4
imagining new,4
lawrence feminism,4
imagery,4
bergson,4
lean,4
leaky,4
femen,4
research perspectives,4
leaky bodies,4
females feminism,4
noise,4
women parliament,4
research methodologies,4
illusions critique,4
bengali,4
requirements degree,4
depoliticisation,4
illustrative,4
1918 1970,4
research approach,4
im possibilities,4
post industrial,4
culture media,4
post marxism,4
relasi,4
increased,4
increasing,4
power freedom,4
la cruz,4
power analysis,4
power change,4
family social,4
rebirth feminism,4
rebirth,4
constructions women,4
cutting edge,4
family policy,4
recent books,4
power gender,4
bolshevism 1860,4
power identity,4
nationalism dances,4
ng,4
reappraisal,4
power law,4
innocent,4
boiled,4
recent german,4
innovative,4
women workers,4
reconfiguration,4
postwar america,4
postwar italy,4
labeling,4
la vida,4
la teoría,4
la salud,4
family violence,4
body shame,4
la cultura,4
custom,4
la historia,4
family studies,4
information systems,4
la educación,4
challenging liberalism,4
body stories,4
body work,4
power place,4
border crossings,4
deliberation,4
work students,4
raza,4
power zimbabwe,4
rationale,4
rates,4
powers,4
knowledge practice,4
insurgency,4
knowledge politics,4
knowledge feminism,4
knows,4
work wed,4
integrating feminism,4
fallen,4
eva,4
cycling,4
rap,4
pp 28,4
cynthia,4
boundary,4
european politics,4
kristen,4
power sex,4
borderland,4
insecurity,4
connective,4
inside outside,4
power privilege,4
korean literature,4
korean feminism,4
power resistance,4
constructions gender,4
institutionalized,4
bordo,4
konstruksi,4
1892,4
institutional change,4
bosnian,4
work home,4
cyberpunk,4
institutionalization,4
curriculum theory,4
labor history,4
relación,4
indie,4
indian feminisms,4
cunning gender,4
black queer,4
chaos,4
fatema mernissi,4
black studies,4
regeneration,4
fatema,4
fatales feminism,4
indian context,4
demise,4
fatales,4
black womanhood,4
blackmore,4
language teaching,4
reforms,4
1904,4
indigenous peoples,4
indian english,4
black men,4
changing world,4
indeterminacy,4
incredible,4
black internationalist,4
incurably,4
incurably informed,4
rejection,4
black lesbian,4
faulkner,4
women solidarity,4
reinventing,4
women spaces,4
reinterpretation,4
reinforcing,4
black lives,4
fathering,4
india 1850,4
postmaternal,4
larsen,4
regulations,4
channel,4
language feminism,4
congruence,4
blues,4
women talk,4
curricula,4
ladder,4
redistribution,4
redemption,4
delinquency,4
labour social,4
women television,4
recuperating,4
lagu,4
recruitment,4
boards,4
women understanding,4
record,4
bodies boundaries,4
chandra,4
labor movement,4
women united,4
postpartum depression,4
reflect,4
fast,4
changing state,4
nicola,4
curatorial,4
indignados,4
indiscretions,4
indiscretions avant,4
reflexões,4
bleeding,4
fashionable politics,4
reflections gender,4
lahiri,4
reflections feminist,4
lamb,4
reflection women,4
reflection feminism,4
current trends,4
women students,4
lahore,4
reflected main,4
departure,4
cloth 19,4
disturbance,4
past future,4
feminism mothering,4
fragility,4
perspectives law,4
vera,4
una revisión,4
feminism morality,4
una perspectiva,4
struggle letters,4
371,4
struggle feminism,4
threshold,4
abidah,4
martial arts,4
ama,4
oxford new,4
versions,4
sts,4
fox keller,4
colette,4
communal,4
collaborative autoethnography,4
ordinary life,4
corporate politics,4
vegetarian,4
marxist critique,4
vegetarianism,4
corporate feminism,4
401 bodies,4
feminism multicultural,4
veiled superheroes,4
students feminism,4
feminism revolutionary,4
401,4
moon,4
collaborations,4
3rd,4
abidah el,4
england 1830,4
39 00,4
marriage family,4
stories art,4
en gendering,4
tiempos,4
america caribbean,4
pesquisa,4
victim politics,4
crime fiction,4
add,4
stock,4
peter,4
ties bind,4
market feminism,4
françoise,4
stetson,4
victim feminism,4
marriage law,4
persuasion,4
ulang,4
corporal,4
ambiguity,4
street harassment,4
contested terrain,4
ambivalence feminism,4
streaming,4
stratification,4
cohen,4
feminism rosalind,4
strategies gender,4
strange bedfellows,4
amelia,4
francesca,4
education perspectives,4
storying,4
studies course,4
collapse,4
vegan feminism,4
engaging men,4
allegory,4
stylistics,4
foremothers,4
forensic,4
embodied subjectivity,4
effect capitalism,4
commoning,4
masculinity femininity,4
vanguard,4
thing gender,4
pathology,4
thinkers,4
foreword,4
administrators,4
monologues,4
menace,4
alive,4
thinking differently,4
compatibility,4
submissive,4
collide,4
effort,4
efficiency,4
monica,4
context women,4
mix,4
aliran,4
footprint,4
undermining,4
effects gender,4
embodied knowledge,4
therapists,4
corpus based,4
therapy feminism,4
forgetting,4
study young,4
compassion,4
variety,4
allá,4
studies sweden,4
paternalism,4
mary wigman,4
edward,4
forums,4
educação,4
thon resources,4
studies religion,4
veblen,4
mary mellor,4
approach international,4
studies feminist,4
perspectivas,4
missionary,4
feminism reviewed,4
monstrous feminine,4
forging feminism,4
feminism nation,4
path gender,4
abdul,4
personal reflections,4
personal social,4
commonwealth,4
masculinidades,4
adichie americanah,4
feminism necessary,4
feminism nature,4
thompson,4
varda,4
maría zayas,4
ally,4
context feminism,4
collecting,4
missero,4
frauen und,4
feminist challenge,4
philosophical problems,4
comrades,4
coastal,4
coast,4
marge,4
sportswomen,4
views women,4
philosophical feminism,4
philosophies,4
merry,4
ada,4
feminism manifesto,4
functional,4
coalitional,4
tokoh perempuan,4
villains,4
en españa,4
american office,4
parts,4
adam,4
stacy,4
metaethics radical,4
timothy,4
stand comedy,4
timothy larsen,4
stances,4
337,4
frontiers feminism,4
frontline,4
metal,4
codes,4
packaging,4
frozen,4
staff,4
party politics,4
marginal,4
violation,4
typology,4
communications,4
photographic,4
pagan,4
speciesism,4
en chile,4
open university,4
maqasid,4
open science,4
particular,4
editors introduction,4
cloth 24,4
maps,4
torah,4
photovoice,4
edith stein,4
online resources,4
communism feminism,4
padang,4
spectatorship,4
spoke,4
concept gender,4
spoils,4
tongue,4
partner abuse,4
american social,4
types,4
tony,4
spiritual feminism,4
communicative,4
feminism mainstream,4
americanah,4
spinoza feminism,4
violence gender,4
americas repression,4
speculation,4
misogynist,4
feminism marriage,4
margot,4
mosque,4
mormon feminism,4
freedom fashionable,4
education learning,4
compared,4
marine,4
freedoms,4
freire,4
feminism medicine,4
messy,4
french cinema,4
victorian edwardian,4
victorian feminist,4
french feminist,4
marilyn,4
french german,4
feminism means,4
status feminism,4
37 50,4
victorian studies,4
options,4
communicating,4
ph,4
feminism methodological,4
stepping,4
feminism metaphysics,4
american art,4
free love,4
victims feminism,4
stem education,4
free speech,4
stem cell,4
stella,4
uk deadline,4
morgan,4
phenomenological study,4
states 1820,4
england wales,4
feminisms new,4
adaptations,4
state feminist,4
state art,4
feminism mass,4
american fiction,4
education critical,4
friend foe,4
video audio,4
oppressive,4
star trek,4
friends lives,4
times crisis,4
stanton,4
friendship feminism,4
friendships,4
vietnam war,4
state managed,4
feminism school,4
feminisms power,4
frida kahlo,4
mestiza,4
time covid,4
french theory,4
feminisms postcolonialisms,4
american family,4
frente,4
frequency,4
american female,4
state socialism,4
time digital,4
feminism scholarly,4
freudian,4
feminisms political,4
fricker jennifer,4
abject,4
focus group,4
alienation,4
feminism local,4
media end,4
feminist security,4
media fandom,4
melanie klein,4
modern british,4
teams,4
peace camp,4
feminist groups,4
feminist geographies,4
md lexington,4
university uk,4
feminist spaces,4
mellencamp,4
elt,4
674,4
comic books,4
age women,4
feminist histories,4
feminist historiography,4
elias,4
university pennsylvania,4
feminist ideas,4
media literacy,4
theatre feminism,4
melancholy,4
technology socialist,4
feminist reflections,4
theatrical,4
university libraries,4
technology gender,4
feminism pride,4
peace feminism,4
technologies gender,4
ottawa,4
age gender,4
university park,4
teacher educators,4
media china,4
pennsylvania press,4
counterpublics,4
combating,4
meaning feminism,4
feminist uses,4
agency secular,4
theoretical framework,4
feminist view,4
tale feminism,4
combatants,4
feminist waves,4
feminist fiction,4
feminism pop,4
tahun,4
theoretical methodological,4
modern europe,4
feminist writing,4
meaningful,4
tamil,4
95 pp,4
ends,4
media 1990s,4
tattoos,4
feminist teacher,4
penser,4
modern culture,4
modern day,4
feminism possibility,4
59 95,4
feminism reconstruction,4
feminism portugal,4
59,4
means reproduction,4
cost,4
tangga,4
mobilising,4
feminist identification,4
university georgia,4
75 00,4
feminist methodologies,4
affirmation,4
terminology,4
affective politics,4
pedagogy democracy,4
african diaspora,4
african farm,4
feminist music,4
cott,4
units,4
medical students,4
8223,4
ou,4
teori feminisme,4
african philosophy,4
feminist organisation,4
feminist methodology,4
africa diaspora,4
textile,4
85 00,4
feminist leadership,4
pearl,4
unisex,4
peasant,4
feminism qur,4
unite,4
modeling,4
afraid feminism,4
pedagogic,4
peace war,4
commercialization,4
outdoor,4
feminism reader,4
feminist manifesto,4
territorial,4
teologi,4
pedagogy higher,4
mobilizations,4
universality,4
feminist policy,4
aestheticism,4
elizabeth cady,4
feminist postcolonial,4
afterlives,4
television work,4
feminist pragmatist,4
feminist imagination,4
feminist press,4
media politics,4
feminist project,4
thatcher,4
teks,4
feminist public,4
media new,4
feminist poetics,4
union league,4
end welfare,4
textuality,4
continuation,4
pedagogy politics,4
africana womanism,4
commercials,4
mediating role,4
pedagogy practice,4
feminism psychoanalytic,4
media work,4
feminist pedagogies,4
afro feminism,4
moderating,4
aesthetics french,4
textual analysis,4
feminism prostitution,4
feminist intellectual,4
feminist family,4
55 00,4
mona,4
mixing,4
film video,4
filmmakers,4
filmmaking feminism,4
alexis,4
complicating,4
filsafat,4
ekofeminisme,4
final foucault,4
cosmopolitanism feminism,4
theory methods,4
sup amp,4
47 50,4
financial crisis,4
utopian logic,4
suny,4
periodical culture,4
film tv,4
99 paperback,4
collusion,4
feminist conversation,4
feminism oxford,4
aldershot ashgate,4
undocumented,4
compliance,4
el estado,4
perinatal,4
fiji,4
materialist feminisms,4
supported,4
film culture,4
film cultures,4
film feminisms,4
supervision,4
film media,4
superheroes islam,4
sunday,4
contraception,4
algerian,4
suffrage origins,4
mommy,4
flexibility,4
feminism reproduction,4
464,4
feminism non,4
flora,4
egyptian feminism,4
feminism nineties,4
subversion identity,4
flow,4
feminism nihilism,4
suburban,4
subtle,4
fly,4
substantive representation,4
valerie,4
val plumwood,4
fingersmith,4
feminism representations,4
einav,4
theory political,4
adorno,4
firearms,4
firm,4
firms,4
47,4
peripheral,4
fish,4
99 pb,4
eileen chang,4
feminism och,4
molly,4
organized,4
theory radical,4
feminist criminology,4
fifties,4
99 paper,4
updated,4
syllabus,4
theorizing black,4
sword,4
perempuan berkalung,4
modern society,4
theorizing feminism,4
emancipation latin,4
continental feminism,4
county,4
uneven,4
urban grounds,4
colored,4
swan,4
urban planning,4
ahmed,4
unexpected,4
cosmology,4
matters patriarchy,4
520,4
feminism polish,4
theories feminism,4
feminista la,4
feminist ethic,4
syrian,4
unsettling feminism,4
modern ireland,4
theories race,4
encounters film,4
advances,4
modern orthodox,4
sympathy transatlantic,4
symbols,4
mcbride,4
feminist engagement,4
modern woman,4
patricia mellencamp,4
el khalieqy,4
complexities ethics,4
fetishism,4
fgm,4
maternal subjectivity,4
surrealism,4
feminist cultural,4
maternal health,4
performing femininity,4
theory cultural,4
usage,4
50 isbn,4
undoing gender,4
usia,4
el mundo,4
feminism relevant,4
patriarchy challenge,4
overcome,4
festival,4
theory approach,4
maternity care,4
theory case,4
femmes fatales,4
mn,4
color feminisms,4
colonizing,4
susan glaspell,4
perfection aristotle,4
colonization,4
ml,4
colonial metropolis,4
urbanism,4
surviving thriving,4
origins modern,4
colonial feminisms,4
math,4
spatiality,4
feminisms latin,4
cloth 22,4
company,4
doors,4
point zero,4
odd,4
ante,4
ocupacional,4
feminism story,4
antecedents,4
feminism strategies,4
poet,4
points,4
circumcision,4
trouble feminism,4
shanghai,4
shange,4
shane,4
middle income,4
210,4
luther,4
antagonism,4
sharia,4
lyric,4
transformed,4
feminism help,4
sherman,4
parallel,4
dorothy mcbride,4
poetry feminism,4
cis,4
lynda,4
sharpe,4
lying,4
transgendered,4
dora,4
transgenderism,4
transgressing,4
wayne,4
ways knowing,4
shakespearean,4
feminism good,4
empirical analysis,4
multicultural postcolonial,4
websites,4
georgia press,4
wed,4
sexualidad,4
wed female,4
weedon,4
multicultural society,4
criticism theory,4
sexual self,4
sexual science,4
domain,4
contemporary literary,4
lower,4
translation feminism,4
feminism views,4
shakespeare feminism,4
oceanic,4
middle school,4
weak,4
shades,4
academic activism,4
domestication,4
criticism feminism,4
weapons,4
anthony,4
sexualizing,4
lt sup,4
lt italic,4
sexuality masculinity,4
circulation,4
sexuality feminist,4
anti blackness,4
ministers,4
douglas,4
low middle,4
plight,4
gender war,4
dressed,4
sitcom,4
mrs warren,4
feminism inclusive,4
mae,4
sisterhood ms,4
ward,4
shopping,4
try,4
sister carrie,4
transatlantic sources,4
transcendence,4
singleness,4
single sex,4
single mothers,4
dressed freedom,4
gender transnational,4
anic,4
magazine promise,4
feminism writings,4
gender self,4
wanita dalam,4
maghreb,4
232,4
gender sexual,4
situations,4
gender socialization,4
maggie humm,4
microaggressions,4
critical reading,4
gender talk,4
gender technology,4
microfinance,4
war feminism,4
truth reconciliation,4
ciência,4
animals science,4
feminism spirituality,4
significance feminism,4
office 1960,4
concerned,4
macintyre,4
community contemporary,4
watching god,4
offen,4
troubles,4
oedipus,4
feminism hip,4
feminism hindu,4
watson,4
wave cuban,4
generation feminism,4
short history,4
parental leave,4
mackinnon feminism,4
sinclair,4
mujer en,4
228,4
feminism illusions,4
pluralist,4
warren profession,4
feminism special,4
transfeminist,4
simon,4
muhammad,4
similarities,4
transfers,4
mad mädchen,4
emperor,4
dramatic,4
podcast,4
feminism wiki,4
sexual pleasure,4
troilus,4
dualism,4
white people,4
transsexuality,4
sensibilities,4
transversal,4
glance,4
glasgow,4
tres,4
obra,4
trap,4
ser,4
divinity,4
pankhurst fundamentalism,4
semiotika,4
feminism transformative,4
empowerment development,4
diversity management,4
apple,4
controlling,4
triad,4
obscure,4
giunta,4
september 11,4
multiracial feminism,4
apetrei,4
observations,4
feminism turkish,4
feminism finding,4
feminism turkey,4
sentimentalism,4
observation,4
mum,4
triangle,4
gis,4
political body,4
apparent,4
gissing,4
critique politics,4
absent,4
semi,4
global era,4
diversity equity,4
pandemics,4
long journey,4
feminism thoughts,4
objective,4
appreciation,4
global health,4
wicked,4
approach feminist,4
chronicles,4
self feminism,4
lonergan feminism,4
widow,4
feminism therapy,4
chronicle,4
diversity inclusion,4
feminism fear,4
trek,4
feminism feeling,4
semeval,4
conundrum,4
trees,4
military operations,4
longino,4
whiteness feminism,4
selfhood,4
self study,4
epoque,4
global crisis,4
political engagement,4
abstract,4
self representation,4
self presentation,4
chronology,4
political agency,4
concert,4
german literary,4
sex positive,4
love question,4
ghanaian,4
love black,4
trips,4
cinema archives,4
envy,4
occupations,4
sex marriage,4
migrations,4
occult,4
multimodal critical,4
transnational business,4
gide,4
gide feminism,4
sex education,4
antigone,4
anti violence,4
midwife,4
love struggle,4
gestures,4
ocean,4
anti globalization,4
german women,4
abya yala,4
multidimensional,4
doing undoing,4
feminism versus,4
anti nuclear,4
abya,4
lovers,4
feminism suffrage,4
feminism generations,4
feminism values,4
occupying,4
sexism racism,4
community health,4
lost translation,4
feminism fun,4
westport,4
epigenetics,4
multiplicities,4
contemporary islamic,4
milton,4
political activism,4
los derechos,4
2018 bournemouth,4
wgss,4
servant problem,4
análise,4
epistemic violence,4
apa,4
wgss 401,4
serena,4
serbia,4
girl child,4
para el,4
antisemitism,4
critique individualism,4
gilles,4
gilles deleuze,4
western european,4
antiwar,4
settler colonial,4
2019 isbn,4
convergences,4
settlement,4
western political,4
transnational perspective,4
antler,4
seton hall,4
pan american,4
seton,4
set,4
feminism institutional,4
plumwood,4
traditional gender,4
pious,4
sociology gender,4
feminism lens,4
analysis liberal,4
gen,4
claudia,4
28 50,4
male sexual,4
sociotechnical,4
gender age,4
achieve,4
sociobiology,4
socio political,4
mexican feminism,4
gender archaeology,4
sociology religion,4
malestream,4
sociaux,4
miranda fricker,4
gay liberation,4
activating,4
economy communication,4
man question,4
analysis feminist,4
metropolis urban,4
solidarity economy,4
clergywomen,4
man feminism,4
achievements,4
clients,4
sojourner,4
visionary,4
software,4
critical criminology,4
mouvements,4
somatic,4
movement britain,4
analysis representation,4
social roles,4
ecological knowledge,4
plain sight,4
concepto,4
ongoing,4
analysis study,4
enlightenment feminism,4
social problem,4
oneself,4
mexicana literature,4
vogue,4
class race,4
making socialism,4
social scientists,4
online activism,4
visiting,4
visuality,4
male dominated,4
pages 95,4
pizan,4
classe,4
gender binary,4
279,4
sociales,4
traditionalism,4
social thought,4
class struggle,4
social support,4
feminism learning,4
feminismos en,4
gender charlotte,4
feminism liberating,4
enlightened,4
paid work,4
closer,4
communist women,4
féministes,4
física,4
space feminism,4
für,4
tweeting,4
soviet union,4
féminismes,4
communitarian,4
soviet russia,4
participation women,4
pictures,4
312 pp,4
manifestations,4
closure,4
feminisms digital,4
galician,4
violencia género,4
feminism servant,4
spark,4
spare rib,4
future studies,4
edited scp,4
cloth 16,4
amp popular,4
space women,4
toronto university,4
feminism sexism,4
total,4
touch,4
cloth 12,4
participatory design,4
manifestation,4
southern africa,4
track,4
gate,4
online misogyny,4
sophie lewis,4
ecstasy,4
sophia rose,4
analysis chinese,4
trabajo,4
abolitionism,4
virginie despentes,4
clinical practice,4
managed capitalism,4
tracey,4
activism academic,4
ecosystems,4
online hate,4
feminism lillian,4
sorban,4
violent extremism,4
viral,4
gallery,4
picturing,4
south india,4
twain,4
feminism shifting,4
toxic masculinity,4
sous,4
garde film,4
sources nineteenth,4
souls,4
virginie,4
pierre bourdieu,4
feminisms children,4
close encounters,4
feminismo en,4
testimonies,4
critical literacy,4
trans feminisms,4
makeover,4
plath bell,4
main characters,4
andrea giunta,4
conceptualisation,4
class domestic,4
social capital,4
class education,4
feminisme di,4
entanglements feminism,4
early cold,4
movement spain,4
andrade,4
volumes,4
accessing,4
gender expertise,4
ancient philosophy,4
accounting academia,4
gender nonconforming,4
slut,4
tucker,4
feminisme islam,4
slurs,4
entre la,4
gender essentialism,4
plastic,4
movement politics,4
gender health,4
sobre las,4
andrew,4
okin,4
gender language,4
gender leadership,4
pakistan religious,4
256,4
movidas new,4
feminism invisible,4
252,4
dynamics change,4
dynamics gender,4
critical media,4
minneapolis mn,4
maintaining,4
comparative literature,4
gender human,4
movements fin,4
dwelling,4
plato republic,4
gender minority,4
movements feminisms,4
critical management,4
gender impact,4
majors,4
feminism interwar,4
262,4
aceh,4
wacana kritis,4
250,4
volatile bodies,4
social networking,4
voices margins,4
feminism institutionalism,4
social inequalities,4
feminisme radikal,4
trans gender,4
duality,4
mail,4
gender effect,4
moving forward,4
duncan,4
contribution feminism,4
gender discourse,4
social innovation,4
partial fulfilment,4
planning victorian,4
feminisme terhadap,4
anarcha feminism,4
anarchism feminism,4
eat pray,4
sleep,4
24 00,4
eastern european,4
gender psychology,4
240,4
dualisms,4
trans inclusion,4
comparative perspectives,4
traffic,4
oil,4
east asia,4
durban,4
feminism july,4
gender policy,4
magical feminism,4
mail order,4
feminisme pada,4
plans,4
accessible,4
gender representations,4
old feminism,4
outlets,3
pre post,3
pada film,3
pp xix,3
cecilia,3
century swedish,3
new material,3
communitarian feminisms,3
pragmatist feminist,3
pat,3
pandemic times,3
presentations,3
constraints women,3
path feminism,3
parker,3
paganism,3
communication research,3
nervous conditions,3
cartography,3
commonality,3
neoliberal britain,3
paper 17,3
century spain,3
carter bloody,3
ceremonies,3
compassionate,3
pakistani female,3
outlaw,3
press 2007,3
construcción la,3
praise,3
outlaws,3
pancasila,3
partner molly,3
net,3
cedaw,3
overseas,3
pratt,3
preserving,3
common law,3
overview feminism,3
nest,3
celibates,3
practice critical,3
practice based,3
partisanship,3
celia,3
neoliberalism feminism,3
century struggle,3
prairie,3
communication studies,3
negotiating feminisms,3
presidency,3
nervous,3
comparative state,3
communities practice,3
network theory,3
century china,3
constrained,3
preaching,3
precision,3
neurological,3
center women,3
constitutional revolution,3
new frontiers,3
new challenges,3
paul ricoeur,3
nella,3
new german,3
new challenge,3
palm,3
passionate,3
patriarchies,3
conservatism feminism,3
outward,3
categoría,3
center stage,3
community engagement,3
new blood,3
outside feminist,3
categorization,3
patriotic,3
prehistory,3
passion pedagogies,3
neo feminism,3
press 1990,3
categorical,3
common feminism,3
pragmatism deconstruction,3
predicaments,3
palimpsest,3
patriarchy radical,3
new femininities,3
categorias,3
patriot,3
participación,3
palin,3
century europe,3
pages isbn,3
cases rape,3
patriarki dalam,3
catalonia,3
oxymoron,3
neurosciences,3
new historicism,3
commune,3
paulo,3
outlines,3
cat,3
pan african,3
para una,3
practice women,3
pageants,3
central america,3
passage india,3
patriarchal values,3
casa,3
practice research,3
new jewish,3
outline,3
patriarchal culture,3
practice meets,3
papua,3
networked feminist,3
caso,3
consider,3
press 1970,3
precarious work,3
new man,3
comparative research,3
century present,3
center philosophy,3
paradoxes gender,3
paradigma,3
central american,3
pamuk,3
precariousness,3
commitments,3
practices women,3
companions,3
practices social,3
pay equity,3
participating,3
press 1980,3
case gender,3
practices freedom,3
constitutive,3
neoliberal era,3
pdf,3
practices contemporary,3
peace activism,3
pre raphaelite,3
org,3
commercialized,3
chinese literature,3
chinese woman,3
politics working,3
pipeline,3
pious women,3
chinese philosophy,3
online forum,3
climate crises,3
conflict northern,3
clinic,3
politique des,3
pilot study,3
pilot,3
político,3
online media,3
polygamist,3
pigs,3
piety islam,3
polygamist grandmothers,3
pietrangeli,3
online offline,3
normalization,3
chinese feminist,3
piercy,3
políticas del,3
place based,3
northeastern,3
online feminism,3
class sexuality,3
politics review,3
class consciousness,3
ola,3
chizuko,3
class female,3
plastic surgery,3
norton,3
plaskow,3
old man,3
older adult,3
older people,3
politics survival,3
planning theory,3
politics theory,3
class history,3
planned,3
olive banks,3
olsen,3
politics translation,3
concepts feminist,3
northern ghana,3
northern donors,3
plan,3
normalisation,3
pontellier,3
oka,3
port,3
porn feminism,3
philosophy multicultural,3
pornografía,3
pornographic,3
philosophy language,3
clémence,3
clémence royer,3
philosophy children,3
philosophy cambridge,3
comunicación,3
pornography sex,3
childless,3
conflict women,3
opportunities challenges,3
portraits,3
oppression women,3
childhoods,3
portrayal feminism,3
cobbe victorian,3
philippine,3
coded,3
philanthropy feminism,3
philanthrocapitalist,3
nongovernmental organizations,3
philosophy religion,3
nonviolence,3
operative guild,3
children geographies,3
picture books,3
china women,3
pick,3
closet lesbian,3
physical feminism,3
popular pan,3
popular women,3
chilenas,3
physical culture,3
conflicted,3
physical cultural,3
physical attractiveness,3
population health,3
carrington,3
nordic feminism,3
onward,3
populism gender,3
children young,3
children rights,3
por la,3
clothes,3
por uma,3
phipps,3
oka rusmini,3
nostalgic,3
nonfiction,3
nun,3
nurturing,3
nursing care,3
political analysis,3
politician,3
political aesthetics,3
conducting qualitative,3
politicking,3
cindy,3
politics 1870,3
politics anti,3
politics art,3
number,3
christa,3
politics artistry,3
politics british,3
nuevos,3
occidentalism,3
politics class,3
cindy sherman,3
christa wolf,3
cinema feminism,3
policy reader,3
nuances,3
cinta di,3
political attitudes,3
christian right,3
obscure subject,3
political theology,3
objectification women,3
political leaders,3
political movements,3
objectives,3
political personal,3
conclusion feminism,3
chun,3
church feminism,3
objectivity economics,3
churches,3
condition feminism,3
objects feminism,3
nutrition,3
obligations,3
political culture,3
christian tradition,3
political self,3
political critique,3
political sociology,3
political communication,3
political change,3
obscenity,3
political subjects,3
policy feminism,3
policy discourse,3
clase,3
politics poetics,3
novel nayla,3
nov 15,3
podcasts,3
nov,3
civil disobedience,3
notre,3
offspring,3
notice,3
pluralistic,3
politics passion,3
plot,3
notes disruption,3
circles,3
politics political,3
politics power,3
politics reception,3
claire goldberg,3
ohio state,3
clara,3
playwright,3
plays lope,3
ohio university,3
clarissa,3
ok,3
citizenship gender,3
citizenship education,3
chopp,3
citing,3
nsw,3
november,3
policy agencies,3
politics digital,3
circuitous,3
policies united,3
politics female,3
chris weedon,3
chow,3
circulations,3
polemic,3
choreography,3
pole,3
oct,3
polarization,3
choreographies,3
october,3
politics introduction,3
novelist,3
politics latin,3
odd women,3
politics lesbian,3
odds,3
nongovernmental,3
poscolonial,3
new modes,3
ngos states,3
chances,3
columbus ohio,3
nicaragua el,3
ni zm,3
perceptions gender,3
conjugal,3
conjunctions,3
orthodoxies,3
chamber,3
perceptions experiences,3
potencialidades,3
potent,3
combination,3
challenging traditional,3
potentiality,3
orwell,3
perception gender,3
conjure,3
potter,3
perceived similarity,3
challenging imperial,3
os estudos,3
challenging gender,3
challenging dominant,3
orthodox jewish,3
chandra talpade,3
columbus,3
nicaraguan,3
colombian,3
postmodern gender,3
oriented feminism,3
perilous,3
performing politics,3
orienting,3
postmodernism geography,3
changing women,3
postmodernist feminism,3
postnatal,3
colonial encounters,3
postnational,3
origins liberal,3
nicholson,3
complementarity,3
nicholas sparks,3
changes gender,3
change feminist,3
change feminism,3
nicholas,3
perennial,3
color politics,3
congress,3
challenges synergies,3
ngo activists,3
complicated relationship,3
pedagogy sous,3
pembelajaran,3
pp 12,3
otto weininger,3
pp 17,3
pembangunan,3
conocimiento,3
pelletier,3
peers,3
peer review,3
pp 35,3
pedersen,3
cfp feminist,3
othello,3
pp 65,3
pedagogy reader,3
pp hbk,3
pp illustrations,3
cesarean,3
pp vi,3
pedagogy critical,3
pedagogy case,3
pedagogies crossing,3
conquest,3
pedagogical tool,3
challenges faced,3
new research,3
connor,3
pemberdayaan perempuan,3
people refugee,3
conjure feminism,3
connectedness,3
connections feminism,3
power media,3
pentecostal,3
competent,3
comic book,3
challenges opportunities,3
power research,3
peningkatan,3
new way,3
pengaruh,3
coming islamophobia,3
power speak,3
power struggle,3
otome,3
power struggles,3
power women,3
new understanding,3
penal,3
new synthesis,3
otto,3
channels,3
colombia women,3
philadelphia university,3
post jungian,3
computer mediated,3
nollywood,3
perón,3
noisy,3
cognitive dissonance,3
post graduate,3
peruvian,3
perusahaan,3
coherence,3
noble,3
order feminism,3
chicana latina,3
collected,3
cohesion,3
chicana feminist,3
cohort study,3
post pandemic,3
post positivist,3
ordering,3
perspectives public,3
collaboration feminist,3
perspective intersectional,3
perspective gender,3
post structural,3
peterson,3
petra,3
post development,3
chicanas,3
nonbinary,3
positionalities,3
child welfare,3
philadelphia pa,3
codification,3
child care,3
optimism,3
opting,3
coding,3
positivism,3
child abuse,3
positivity,3
chicks,3
possibilities feminism,3
non verbal,3
chicken,3
non human,3
post civil,3
post cold,3
non feminist,3
non consensual,3
phd,3
post communism,3
collateral,3
post structuralist,3
period poverty,3
organize,3
nights,3
perpetrator,3
perpetrated,3
permanent waves,3
postfeminist analysis,3
postfeminist education,3
postfeminist mystique,3
postfeminist sensibility,3
postgraduate,3
perkawinan,3
periphery,3
characters novel,3
chiapas,3
posthumanist feminism,3
posthumanities,3
orgasm,3
periodicals,3
periodical press,3
orhan,3
nie,3
orhan pamuk,3
postmemory,3
nicole,3
characterization,3
charlotte smith,3
components,3
organising,3
colleges,3
post tsunami,3
cheshire,3
post world,3
nisa,3
chen xuezhao,3
personalized,3
collective memory,3
collectives,3
personal experience,3
nineteenth early,3
postcolonial studies,3
cheer,3
chauvinism,3
organisation studies,3
nineteen,3
postcolonialisms cross,3
postcolonialities,3
persona,3
postcolonialities modernities,3
person centred,3
college campuses,3
college libraries,3
charter rights,3
pandangan,3
exhibition,3
carr,3
adams,3
timur,3
timing,3
times anti,3
time use,3
time space,3
adapting,3
tillie olsen,3
tillie,3
adapting gender,3
tightrope feminism,3
tightrope,3
tiger hidden,3
tiga,3
tic,3
théorie,3
thy,3
thrones,3
thresholds,3
add women,3
thoughts feminism,3
addresses,3
adelaide,3
adele,3
thorny,3
thons,3
adaptation strategies,3
today feminism,3
terrorists,3
today introduction,3
traditions world,3
achebe,3
traditionalist,3
traditional feminist,3
tradition modernity,3
acquisition,3
action mulan,3
action oriented,3
traces,3
toy,3
tower,3
touya marenne,3
touya,3
activism gender,3
activism political,3
touching,3
torno al,3
toplumsal,3
activist scholarship,3
activists northern,3
took,3
actor network,3
actualization,3
tolstoy,3
toer,3
adequacy,3
adequate,3
adichie purple,3
adler,3
theories social,3
theories practices,3
theorie,3
advantages,3
theoretical frameworks,3
theoretical debates,3
theology feminism,3
adventure story,3
theologies public,3
adversarial islamic,3
theo,3
themed,3
thematic analysis,3
advocacy feminism,3
theft,3
theatres,3
theater turn,3
thames,3
texts transnational,3
affair,3
affirming,3
testimonial,3
afghan,3
tess urbervilles,3
afiya,3
advancement,3
advanced maternal,3
theorizing gender,3
theory perspective,3
thinking feminist,3
adler hellman,3
adolescence,3
thesis presented,3
thesis honrs,3
theses,3
adolescents young,3
theory state,3
theory seduction,3
theory review,3
theory psychoanalysis,3
theory introduction,3
theorizing women,3
theory intersectionality,3
ads,3
theory global,3
adult literature,3
adultery,3
theory criticism,3
theory contemporary,3
theory century,3
theory black,3
theory activism,3
theorizing yes,3
traducción,3
tradução,3
traffic women,3
trites,3
tv works,3
abolitionist feminism,3
turtle,3
turns,3
abolitionists,3
turner,3
turned,3
turn feminist,3
turn education,3
turkish women,3
turkish feminism,3
tunisian women,3
tubuh,3
tsunami,3
tsitsi dangarembga,3
tsitsi,3
troubled thoughts,3
aborto,3
trouble mainstream,3
tropes,3
trope,3
trojan,3
trois,3
triumphs,3
triumphant,3
tweets,3
twenties,3
twilight series,3
uncanny,3
undone,3
understanding women,3
understanding gender,3
understanding early,3
understanding addressing,3
abad,3
underrepresentation women,3
undang undang,3
unconventional,3
uncomfortable,3
uncertain,3
unbound,3
ableism,3
unbecoming,3
unbearable weight,3
uma narayan,3
ulama,3
abilities,3
uk press,3
abingdon,3
ueno,3
tzu chun,3
able,3
tying,3
triumph,3
triple,3
aceh indonesia,3
trinity,3
transnational activism,3
abused women,3
transmisogyny,3
translocal,3
transitivity,3
academic freedom,3
academic libraries,3
transgression,3
transgender rights,3
transgender people,3
transformative justice,3
transformational leadership,3
transformation gender,3
acadêmica,3
acceptable face,3
transatlantic feminisms,3
trans studies,3
trans rights,3
trans politics,3
trans people,3
accounting rape,3
tragic,3
tragedies,3
trafficking women,3
trafficking prostitution,3
transnational age,3
transnational context,3
abused,3
abstraction,3
trinh minh,3
trinh,3
trifles,3
trespass,3
trends feminism,3
treatment women,3
treading,3
treachery words,3
treachery,3
través,3
travers,3
travel writing,3
transnational girlhood,3
abu lughod,3
travail,3
trash,3
transsexualism,3
transport,3
transplantation,3
transparency,3
transnationality,3
transnational theory,3
transnational politics,3
transnational history,3
terry,3
terror arun,3
uneasy relationship,3
study teaching,3
study sexual,3
study self,3
study selected,3
allowed,3
study radical,3
study international,3
study female,3
study exploring,3
study contemporary,3
studies study,3
studies new,3
als,3
studies education,3
studies eco,3
studies development,3
altered,3
studies communication,3
studies commentary,3
studies association,3
alterity,3
studi kasus,3
students experiences,3
alternative feminist,3
student teacher,3
student resistance,3
allocation,3
study transnational,3
africa african,3
allison elias,3
sullivan,3
suitable,3
suicide euthanasia,3
suffrage feminism,3
sudan,3
successes,3
subverting,3
subversions,3
alice munro,3
aliens,3
subjugation,3
subjectivities zhang,3
subjective,3
subjection women,3
subject feminist,3
alison dahl,3
subject desire,3
subject art,3
alison phipps,3
subalternity,3
suami,3
allen amp,3
allen new,3
allende,3
stupid,3
stud,3
struggles social,3
struggle water,3
struggle psychoanalysis,3
stendhal,3
stealth,3
american cinema,3
american culture,3
statue,3
states feminisms,3
states america,3
statement feminism,3
state research,3
state political,3
state india,3
state ambivalence,3
stars,3
american girls,3
stanley lemons,3
standpoints,3
american left,3
stalled,3
stall american,3
stall,3
staging queer,3
staging feminism,3
staging black,3
stages,3
stacy alaimo,3
stepford,3
stephen,3
stereotip,3
strangers feminism,3
struggle african,3
althusser,3
além,3
ama ata,3
amanda cross,3
striving,3
amazons,3
ambedkar,3
street art,3
strategy feminism,3
ambivalence feminist,3
story hour,3
america history,3
storm,3
stories feminism,3
store,3
stone media,3
stoller,3
stole feminism,3
stole,3
stites,3
stewart,3
steven,3
stetson amy,3
alfred meyer,3
suny press,3
superhero,3
tani,3
teen girls,3
age body,3
age digital,3
technology new,3
age empire,3
age post,3
techne,3
teaching research,3
teaching practice,3
teaching materials,3
age terror,3
teaching contemporary,3
age war,3
tea,3
te,3
taylor et,3
agency feminism,3
tauris,3
tattoo,3
taste feminism,3
agency feminist,3
tarrant,3
targeting,3
tank,3
tania,3
agama dan,3
afternoon,3
telegram,3
afrikaans,3
africa america,3
territorio,3
africa feminism,3
africa gender,3
african americans,3
african female,3
teorías,3
teorias feministas,3
teorias,3
tenure,3
african studies,3
tenets,3
telehealth,3
afrikaanse,3
afro american,3
temporary,3
afrocentric,3
afrocentrism feminism,3
tempest,3
telling story,3
afterlife,3
television works,3
television studies,3
television feminism,3
tani barlow,3
taming shrew,3
superwoman,3
talpade mohanty,3
susan bordo,3
aidoo,3
survivors domestic,3
air,3
aisyiyah,3
al qur,3
surveys,3
survey data,3
alaimo,3
alan soble,3
albania,3
surrogate motherhood,3
surrogate,3
albany suny,3
surprising,3
surgery feminism,3
surgeries,3
alchemy race,3
alcott little,3
surabaya,3
sur les,3
aleksandra,3
supports,3
aleksandra kollontai,3
alexa,3
susan gubar,3
susan manning,3
susan ware,3
synergy,3
talpade,3
talking visions,3
talking feminism,3
agency social,3
taking revolution,3
taking care,3
tainted,3
tackling,3
taboo,3
sámi,3
synthetic,3
symptom,3
sustainability research,3
agonistic,3
symbolics loss,3
symbolics,3
symbolic violence,3
switzerland,3
swedish literature,3
agroecology,3
swap,3
suzanne marilley,3
suzanne collins,3
ai ethics,3
978 8135,3
978 474,3
carmen burgos,3
women offenders,3
women novels,3
1920 1939,3
women ngo,3
women negotiations,3
women nationalism,3
women nation,3
women music,3
1920 1950,3
women mothers,3
women misogyny,3
women military,3
women living,3
193,3
women learning,3
women late,3
1934,3
women italy,3
194,3
women industrial,3
women indie,3
1940s,3
women identification,3
1943,3
women hiv,3
women gynocriticism,3
women objectification,3
women operative,3
wish live,3
women ordination,3
women subjectivities,3
1900 present,3
women status,3
women speak,3
women south,3
women short,3
women sex,3
1906 1911,3
women right,3
women reproductive,3
1910 1920,3
women religious,3
1910s,3
women reflections,3
women radical,3
1911 grassroots,3
women qualitative,3
women psychology,3
women prison,3
1914 1918,3
1914 ann,3
women policy,3
women perspective,3
women patriarchal,3
women pakistani,3
women groups,3
women great,3
women girls,3
women freedom,3
women africa,3
women affairs,3
1990s deadline,3
women academics,3
women academic,3
womanhood response,3
woman work,3
woman woman,3
woman warrior,3
woman self,3
woman reflections,3
woman reader,3
woman point,3
woman novel,3
woman history,3
1997 pp,3
19th 20th,3
woman black,3
wollstonecraft vindication,3
wollstonecraft pedagogy,3
wollstonecraft feminism,3
wo men,3
2000 pp,3
2000s,3
witches san,3
women african,3
women antiwar,3
women australia,3
women ecology,3
women football,3
women filmmakers,3
1960 80,3
1962,3
1965 1975,3
1966,3
women environment,3
197 pp,3
1970 1980,3
women employment,3
women egypt,3
women doctoral,3
women autobiographies,3
women democracy,3
women crisis,3
women context,3
women conflict,3
women conference,3
women commonality,3
women centric,3
women case,3
women business,3
women building,3
women breast,3
women teaching,3
women traditional,3
women tunisia,3
wyndham lewis,3
young feminism,3
young female,3
young african,3
york verso,3
1660,3
17 50,3
175,3
1750,3
1760,3
york cambridge,3
yin yang,3
yes essay,3
yeats,3
years later,3
years feminist,3
years change,3
yearnings,3
1790,3
yang menangis,3
1850 1895,3
xuezhao new,3
xuezhao,3
1850 1914,3
xichen chen,3
xichen,3
young girl,3
young middle,3
156 pp,3
03,3
பணணயம,3
über,3
état,3
égalité,3
zwischen,3
zulu sofola,3
00 hardback,3
zora neale,3
zora,3
00 paperback,3
zm,3
11 feminism,3
15 2017,3
zillah eisenstein,3
zillah,3
zhang xichen,3
110,3
110 00,3
zerilli,3
zakaria,3
zack,3
13 feminism,3
yue,3
1325,3
xi 231,3
wyndham,3
women turkey,3
wuthering heights,3
1889,3
work social,3
work sex,3
work politics,3
work organization,3
work labor,3
1894,3
work economic,3
work critical,3
work black,3
1897,3
19 50,3
won,3
womenâs,3
19 99,3
19 lockdown,3
190,3
women works,3
women workplace,3
1900 1917,3
1900 1918,3
women western,3
1900 1935,3
women victims,3
women use,3
1885,3
world bank,3
world feminisms,3
1870 1945,3
wuthering,3
wrote,3
1865,3
writings feminism,3
1869,3
writing righting,3
writing revolution,3
writing practice,3
writing french,3
writing feminist,3
writing centers,3
writers feminisms,3
world man,3
1876,3
1877,3
wrestling,3
wreckage,3
wound,3
worthy,3
1879,3
worldview,3
worlds black,3
world woman,3
world traveling,3
2002 isbn,3
2005 280,3
978 4696,3
372,3
39 50,3
verso 2013,3
veronica roth,3
40 years,3
venus,3
velvet,3
vegans,3
vega,3
varieties feminism,3
variation,3
variables,3
vanuatu,3
vanishing,3
vanessa,3
vandana,3
vancouver,3
van dijk,3
vampires,3
44,3
46,3
valerie solanas,3
valentine,3
vague,3
vagina monologues,3
4696,3
vice,3
victimology,3
winterson,3
victims sexual,3
virago,3
violência contra,3
320 pp,3
violence representation,3
violence prevention,3
violence policy,3
violence language,3
violence india,3
violence geopolitics,3
322,3
violations,3
325,3
33,3
333,3
335,3
viewed,3
336,3
vietnamese,3
352,3
353,3
353 pp,3
victory,3
victorian britain,3
368,3
victims villains,3
va,3
utopianism,3
474,3
utilizing,3
unnatural,3
64,3
unmaking,3
unjust,3
68 mitterrand,3
70 00,3
72 00,3
7456,3
79 95,3
universals,3
8135,3
universal feminism,3
8166,3
univ,3
90 00,3
92,3
unionism feminism,3
94,3
95 00,3
95 hardbound,3
uniform,3
unified,3
unification,3
unholy,3
unfreedom,3
unpaid work,3
unreasonable,3
unruly,3
50 years,3
utilitarianism,3
ussr,3
uso,3
using intersectional,3
usia dini,3
499,3
50 hardback,3
use feminism,3
ursula,3
urgent,3
urbervilles,3
urban water,3
unseen,3
urban space,3
urban feminism,3
upward,3
uptake,3
52,3
unwritten,3
unwin 1992,3
unwin,3
54,3
untangling,3
unsettled,3
virality,3
virginity,3
virtual editathon,3
wave liberal,3
whedon,3
wharton,3
wgst,3
westview press,3
westport ct,3
westernization,3
west indian,3
2020 balancing,3
went,3
wendy brown,3
2020 isbn,3
2023 pp,3
weininger,3
weight stigma,3
weight feminism,3
2024 pp,3
weibo feminism,3
203,3
204,3
wearing,3
wealth,3
way feminist,3
208,3
waves recasting,3
waves activism,3
2017 pp,3
2016 task,3
white house,3
wigman susan,3
2007 pp,3
winds,3
windows,3
window,3
201,3
2010s,3
willard,3
wild science,3
wikipedia virtual,3
2013 isbn,3
wiki edit,3
wife beating,3
white man,3
wife bath,3
2013 pp,3
widows,3
wicca,3
whores,3
whiteness feminist,3
white woman,3
2016 presidential,3
white privilege,3
white nationalism,3
white middle,3
wave theory,3
218,3
virtue ethics,3
watching rape,3
volunteering,3
volunteer,3
voluntary action,3
264,3
266,3
void,3
27 95,3
270,3
271,3
272,3
voicelessness,3
voiceless,3
voice feminist,3
277,3
voet,3
voces,3
vocal,3
vital,3
visualizing,3
visualization,3
visions multicultural,3
visibilities,3
visceral,3
299,3
virtues,3
volunteers,3
von der,3
von flotow,3
waning,3
22 50,3
watch,3
220,3
wasn,3
washing,3
wartime,3
226,3
ware,3
wards,3
war years,3
war britain,3
walker color,3
260,3
246,3
246 pp,3
wajcman,3
wait,3
wahl,3
250 pp,3
vulnerabilities,3
vt,3
253,3
voting behavior,3
256 pp,3
st john,3
square,3
squad,3
religion art,3
birmingham,3
birth chinese,3
relationships feminism,3
relations research,3
bitch planet,3
bitches,3
relational autonomy,3
black american,3
related violence,3
black masculinity,3
rehabilitation,3
regulating,3
regions,3
regionalism,3
black power,3
black radical,3
blacklivesmatter,3
reframing feminism,3
blackmore mary,3
reforming,3
reform women,3
reform politics,3
reform labor,3
blanche,3
reflexões sobre,3
birke,3
bird,3
reborn,3
biotechnology,3
biased,3
representation modern,3
bible feminism,3
representasi perempuan,3
biblical interpretation,3
biblical manhood,3
bibliographic,3
replication data,3
replication,3
replay kids,3
replay,3
repeating,3
big women,3
renewing,3
bigger,3
renaissance italy,3
bio ethics,3
biography exercise,3
remakes,3
remaja,3
remain,3
reluctant,3
religious discourse,3
religious change,3
biopower,3
blending,3
reflexiones,3
blind spots,3
reflections women,3
bodies matter,3
reconfigured,3
bodily bonds,3
body appreciation,3
reconciled,3
body art,3
body hair,3
reconceiving,3
reconceived feminism,3
reconceived,3
body mapping,3
body positive,3
body positivity,3
reclaiming witches,3
reclaiming body,3
reclaimed,3
reckoning silences,3
reciprocity,3
reciprocal,3
recession,3
reception studies,3
recent literature,3
recent developments,3
recasting question,3
recasting histories,3
bodies identities,3
reconstituting,3
bodies corporeal,3
bloody chamber,3
reflections islamic,3
blindness,3
blocks,3
blogosphere,3
reflecting power,3
reflecting feminism,3
blonde,3
references,3
blood wave,3
reel real,3
reel,3
reduce,3
reconstructing gender,3
redoing,3
rediscovering,3
redes,3
redemption christian,3
redefining womanhood,3
redefining feminism,3
bloom,3
red pill,3
recreation,3
boccaccio,3
recovering biblical,3
bias gender,3
representations black,3
representations feminism,3
ressentiment,3
review new,3
review lt,3
review liberating,3
review karen,3
review global,3
review feminisms,3
basingstoke palgrave,3
basque,3
review edited,3
review critical,3
review blackmore,3
batman,3
revelation,3
returning,3
retreat,3
rethinking transnational,3
rethinking history,3
bay caitlin,3
rethinking contemporary,3
retelling,3
retail,3
resurgent,3
bear,3
restricted,3
beating,3
review transforming,3
review transnational,3
based social,3
revolution nicaragua,3
rhys wide,3
rhetorics feminism,3
rhetorical feminism,3
bangladeshi,3
rhetoric public,3
rhetoric feminism,3
rey,3
bar,3
revolutionary movement,3
barcelona,3
barlow,3
revolution feminism,3
based learning,3
revolution 1906,3
barnard,3
barrett,3
revista,3
revisiting feminist,3
bars,3
revisited girl,3
barth,3
revisioning,3
reviews psychoanalyses,3
based feminism,3
restorative justice,3
beauty beast,3
bi,3
beauty feminism,3
research amp,3
benhabib,3
bennett,3
rescue,3
berg,3
request,3
reputation,3
repurposing,3
republican women,3
republican politics,3
republic iran,3
republic germany,3
republic congo,3
reprodução,3
reproductive technology,3
berkeley ca,3
berkeley los,3
reproductive autonomy,3
reproductiva,3
bersama,3
reproduction entanglements,3
bertha,3
bessie,3
best practices,3
representação,3
research ethics,3
bengali women,3
bengal,3
resisting oppression,3
beauvoir 1908,3
beauvoir existential,3
responses sexual,3
responses feminism,3
beauvoir french,3
response evangelical,3
response ability,3
beginner,3
beginner guide,3
resources subject,3
beginning end,3
resistencia,3
research non,3
resistance legalised,3
resistance gendered,3
resistance feminist,3
behavioural,3
resistance digital,3
resistance contemporary,3
behaviours,3
beings,3
research project,3
research practices,3
ben,3
bois,3
rebooting,3
spread,3
psychoanalysis symbolics,3
psychoanalysis mary,3
psychoanalysis gender,3
buried,3
burmese,3
psyche feminism,3
psicología social,3
burney,3
pseudo feminism,3
práticas,3
prácticas,3
provinsi,3
burns,3
provide,3
protocol feminism,3
business feminism,3
business french,3
business usual,3
businesses,3
protest camps,3
buszek,3
butler gender,3
butt,3
protect,3
protagonist,3
prostitution feminism,3
psychoanalysis race,3
psychoanalytical,3
rebellious,3
burdens,3
pueblo,3
publishing politics,3
buck,3
budaya,3
published,3
public school,3
buffalo,3
public pedagogies,3
public participation,3
building bridge,3
building domestic,3
building feminist,3
public feminisms,3
public feminism,3
building new,3
built environment,3
bulan hitam,3
bulgaria,3
psychology reader,3
psychology new,3
bulimia,3
bully,3
psychologist,3
bunny,3
psychological perspectives,3
butterfly,3
ca 1880,3
prophecy,3
cabot,3
producciones,3
process thought,3
problematics,3
problematic,3
capabilities approach,3
probing,3
pro choice,3
pro ana,3
capitalism patriarchy,3
private public,3
capitol,3
prisoners,3
prismatic,3
care community,3
care politics,3
care relations,3
career development,3
career family,3
primary health,3
caregiver,3
cares,3
pressures,3
caribbean women,3
carl,3
carlos,3
candidate,3
cancer survivors,3
productions,3
cameron,3
pronouns,3
promotional,3
promotion women,3
cairo,3
caitlin press,3
prohibition,3
calif,3
progressive women,3
progressive politics,3
calm,3
cambodia,3
profound,3
canadian social,3
cameroon,3
profiles,3
campesina,3
proficiency,3
professions education,3
professionalization gender,3
professional women,3
canadian feminist,3
canadian history,3
profeminist,3
produção,3
buchi emecheta,3
puerto rican,3
punjab,3
boys men,3
raça na,3
raw,3
boundary feminism,3
rationales,3
ratchet,3
rassismus,3
rapports sociaux,3
raphaelite,3
rape survivors,3
rape sexual,3
rape psychology,3
rape myths,3
bountiful learned,3
bourdieusian,3
rani,3
range,3
rally,3
raised,3
raichō,3
radikal dalam,3
bowl,3
radically,3
boy clinical,3
boys girls,3
radical transformation,3
boundaries women,3
boundaries new,3
bound,3
realities feminism,3
bollywood,3
bolshevik,3
rebecca west,3
rebecca chopp,3
bolshevik revolution,3
reasserting,3
bonds intersecting,3
books 2004,3
books 2017,3
books graphic,3
boomers,3
realistic,3
bostonians,3
realism gender,3
borders kathy,3
real world,3
real women,3
real men,3
real beauty,3
borders transnational,3
ready feminism,3
reading marginally,3
reading lists,3
boring,3
radical social,3
radical left,3
pure,3
radical feminists,3
queer theories,3
queer studies,3
queer radical,3
queer ing,3
britain france,3
british fiction,3
queensland,3
british german,3
british history,3
british south,3
british working,3
quality life,3
qualitative social,3
broke,3
qualitative methods,3
qualitative exploration,3
brontë tenant,3
pygmalion,3
pvd art,3
pvd,3
putri,3
brookfield vt,3
brooks,3
pushing boundaries,3
brother,3
querying,3
brighton,3
brief study,3
race feminist,3
branch,3
racist social,3
racist feminism,3
brasileiro,3
racism black,3
breaking barriers,3
racial origins,3
breastfeeding discourse,3
race women,3
race politics,3
breasts,3
brecht,3
questions feminism,3
bremer,3
breve,3
rabinovitch fox,3
rabinovitch,3
rabbinic,3
bridge feminism,3
quite,3
quilt,3
quiet revolution,3
brief analysis,3
brief introduction,3
riana,3
riana mimpi,3
rican,3
simulacrum,3
silver,3
silk,3
silent film,3
silences metoo,3
silenced,3
silence feminism,3
signifying,3
siecle vienna,3
si,3
anne brontë,3
shown,3
shot,3
short term,3
annie,3
shoes,3
shock,3
ship,3
shildrick,3
shifting identities,3
shifting ground,3
shenoy,3
shelters,3
anonymous,3
sheds,3
shedding,3
simons,3
simulation,3
riccoboni,3
singers,3
angelou poems,3
sluts,3
slums,3
slow,3
slogan,3
sleeping,3
slee,3
skripsi sastra,3
skripsi,3
skirting,3
anglican,3
anglo wave,3
situation future,3
angry feminist,3
situatedness,3
situated knowledges,3
sita,3
sisters arms,3
animal ethics,3
sisterhood solidarity,3
animal relations,3
sista,3
singularity,3
sings,3
animal studies,3
answer,3
answers,3
sharia law,3
share,3
anticarceral,3
sex worker,3
sex women,3
sex selection,3
sex power,3
antifascism,3
antifascist,3
antiporn,3
antiporn feminism,3
antiquity,3
setting scene,3
session,3
serving equality,3
antoinette,3
services women,3
service work,3
antonio pietrangeli,3
serat,3
sequence,3
separation,3
apology,3
aporias,3
sentimental,3
aportes para,3
sensible,3
anticapitalism,3
anti war,3
sexism church,3
sexuality state,3
shaped body,3
shannon,3
shanley,3
shanghai baby,3
shame phenomenology,3
shakespeare othello,3
shadow feminism,3
sf,3
seyla benhabib,3
seyla,3
sexuality women,3
sexuality law,3
sexismo,3
sexualities histories,3
sexualidade,3
sexuales reproductivos,3
anti essentialism,3
anti fascism,3
anti feminisms,3
sexual order,3
anti imperialist,3
sexual dysfunction,3
anti porn,3
anti slavery,3
small business,3
smart city,3
angeles london,3
som,3
amp sons,3
amp unwin,3
space place,3
space indigenous,3
amp women,3
soy,3
soviet feminism,3
amrita,3
southwest,3
southern illinois,3
anak usia,3
analisis semiotika,3
sous la,3
analysis approach,3
analysis based,3
sosial dan,3
analysis black,3
sorority,3
sophocles,3
soon,3
sons lovers,3
sonia,3
analysis concept,3
song solomon,3
analysis digital,3
spaces feminist,3
spaces women,3
amp politics,3
splitting,3
spots,3
sports media,3
sports feminism,3
sport social,3
sport leisure,3
sport leadership,3
sport feminisms,3
sport exercise,3
sponsored,3
spoken,3
spoils freedom,3
american society,3
spanish women,3
spirits,3
american woman,3
spectrum,3
spectator,3
speciesism waves,3
special topic,3
speakers,3
speak feminism,3
spck 1984,3
amp new,3
sparks,3
somali,3
solo,3
snail,3
analysis international,3
ananta,3
ananta toer,3
social mobility,3
social issues,3
social institutions,3
social inequality,3
social industrial,3
social inclusion,3
anarcho,3
anarcho feminism,3
social exclusion,3
social engagement,3
social development,3
andrea dworkin,3
social care,3
social analysis,3
andreas,3
andreas salomé,3
sobre gênero,3
androcentric,3
soble pornography,3
soble,3
androgynous,3
snake,3
snail sense,3
analyze,3
analytic philosophy,3
social practice,3
society critical,3
solanas,3
sojourner truth,3
soil,3
softly,3
sofola,3
sociologist,3
analysis main,3
socioeconomic status,3
analysis media,3
sociocultural,3
society gender,3
socially shaped,3
social reform,3
socially constructed,3
sociality,3
socialists,3
socialist china,3
analysis popular,3
analysis post,3
social theories,3
analysis relationship,3
social structural,3
analysis sex,3
analysis story,3
appeal,3
sense feminism,3
appeals,3
roles gender,3
rugby,3
royer feminism,3
auclert,3
row,3
routledge london,3
routledge companion,3
routledge amp,3
routledge 2002,3
audience reception,3
routledge 1991,3
audiences feminism,3
roundtable discussion,3
audiovisual,3
rough,3
rossetti,3
augusta,3
austin,3
rorty feminism,3
austria,3
room collective,3
roof,3
authority feminism,3
romantic love,3
authority gender,3
romani feminism,3
ruin,3
ruling,3
attitudinal,3
saga,3
sanders,3
assessment role,3
assets,3
salvador chiapas,3
salomé,3
salomonsen,3
saints,3
assisted suicide,3
association conference,3
sage 1995,3
asylum seekers,3
asylum seeking,3
attitudes female,3
asymmetry,3
sadomasochism feminism,3
sade,3
sad,3
ata aidoo,3
sab,3
russian women,3
russian feminism,3
rusmini,3
rural communities,3
attempting,3
authorized,3
autistic,3
santiago,3
role religion,3
rights racial,3
rights post,3
rights nineteenth,3
rights movements,3
balancing bountiful,3
rights men,3
rights human,3
rights feminist,3
rights education,3
rights discourses,3
rights discourse,3
rights culture,3
rights child,3
rights activists,3
right women,3
ballots,3
right populism,3
right anti,3
bama,3
riddle,3
ricoeur,3
richardson,3
richard stites,3
richard rorty,3
riccoboni epistolary,3
rights revolution,3
rights sharia,3
rights woman,3
axis,3
automating,3
autotheory,3
roca perón,3
roca,3
robins women,3
robin,3
awakens,3
awal,3
roar,3
roads,3
away home,3
ayat,3
bakhtin feminism,3
risking difference,3
ba,3
rises,3
rise stall,3
rise popular,3
rise new,3
backwards,3
risd museum,3
risd,3
bai,3
riley,3
assessing gender,3
aspiration,3
appendix,3
architecture feminism,3
approaches research,3
approaches sexual,3
seen heard,3
approaches teaching,3
seekers,3
appropriate,3
seductions,3
appropriations,3
apresentação,3
security gender,3
security council,3
securitization,3
aproximación,3
secularisation,3
secular islamic,3
secular feminist,3
sectors,3
sectional survey,3
arab muslim,3
secret treachery,3
arabian,3
secondary education,3
second generation,3
second edition,3
architectural feminism,3
sejarah,3
sejuta,3
seksualitas,3
self feminist,3
sen,3
applied ethics,3
semeval 2016,3
applied feminism,3
applied linguistics,3
selfies,3
self respect,3
self representations,3
self narrative,3
appraisals,3
self identified,3
self fashioning,3
approaches gender,3
self empowerment,3
self dichotomy,3
self defense,3
self branding,3
self advocacy,3
self actualization,3
approach social,3
selected poems,3
selected novels,3
approaches education,3
select novels,3
sebagai bentuk,3
seattle,3
aspects feminism,3
season,3
art women,3
schools feminism,3
article feminism,3
articulating feminism,3
artistry,3
artivism,3
arun,3
schema,3
scenarios,3
scenario,3
scarlett,3
scarlet letter,3
scarf,3
scare,3
scandinavia,3
asian asian,3
says,3
asian muslim,3
asked,3
asma,3
satanic,3
sastra inggris,3
sarraute,3
sarah palin,3
sarah grand,3
schreiner story,3
schwartz,3
schwartzman,3
arjana kim,3
seas,3
seal press,3
archiving,3
scrutiny,3
arendt politics,3
argentina roca,3
argentine,3
arguing,3
scottish women,3
arh291 intersectional,3
aristocratic,3
armed conflict,3
art theory,3
sciences feminisms,3
arms militant,3
arranged,3
arranged marriage,3
arrived,3
art 1900,3
science naming,3
science knowledge,3
art culture,3
art histories,3
science ethics,3
athlete,3
பணணயம feminism,3
neglect,3
honrs,3
desires women,3
hostile,3
hornsby eds,3
hormone,3
horizonte,3
hope emily,3
hop feminisms,3
destroying,3
honrs 499,3
honors thesis,3
households,3
honors,3
honoring,3
honor plays,3
det,3
honey,3
homosexual revisited,3
detention,3
homing,3
homicide,3
hotel,3
designs,3
home truths,3
hwang,3
desa,3
identidades,3
ideas women,3
descolonial,3
ibu,3
ibsen doll,3
ibrahim,3
hypothesis,3
desde el,3
desde la,3
hu,3
husband wife,3
hurston,3
hunting,3
desde una,3
humanizing,3
design feminism,3
human resource,3
human relationships,3
human enhancement,3
homelessness,3
hombres,3
identitas,3
deviant,3
hindutva,3
development communication,3
hijacking,3
development feminist,3
high schools,3
development islamic,3
development middle,3
development peace,3
deviance,3
heterosexual women,3
hiratsuka,3
heterosexual men,3
hetero,3
heroism,3
diagnosis,3
dialogics,3
hermeneutika feminis,3
dialogue social,3
herland,3
hemispheric,3
development changing,3
historical context,3
hitchcock,3
history english,3
hitam,3
detroit,3
history writing,3
history theory,3
history sexuality,3
history political,3
history modern,3
history making,3
history frances,3
history early,3
historical materialism,3
history culture,3
history british,3
histories progressivism,3
developing new,3
historical theoretical,3
historical survey,3
historical perspectives,3
historical overview,3
historical memory,3
identification race,3
identities feminisms,3
inquiries,3
indian cinema,3
induced,3
individuation,3
individualized,3
individualism feminism,3
delta,3
indigenous studies,3
indigenous knowledge,3
indian woman,3
democracy origins,3
indexing,3
industrial questions,3
index 28,3
independent women,3
incorporation,3
inconsistencies,3
income women,3
inclusive education,3
inclusion feminism,3
inclination,3
incident,3
industrial complex,3
industrial revolution,3
incel violence,3
information literacy,3
innovation comparative,3
ink,3
del movimiento,3
del pensamiento,3
inhibitors,3
inggris,3
informed feminism,3
information technology,3
information science,3
information age,3
deliver,3
influences feminism,3
delgado,3
delgado community,3
influencer,3
influence gender,3
infant feeding,3
infant,3
deliberative democracy,3
inequality feminist,3
incest feminism,3
democratizing,3
identities traditions,3
ideological feminism,3
illness narratives,3
depoliticization,3
ilana,3
il university,3
depression anxiety,3
ii feminism,3
ignazio lauren,3
igbo,3
idle,3
derechos sexuales,3
deploying feminism,3
deronda,3
identity sexual,3
identity representation,3
identity power,3
identity popular,3
identity difference,3
identity culture,3
identity case,3
identity black,3
illuminating,3
im possibility,3
inadequacy,3
impacto,3
improvisation,3
democrats,3
demographic,3
imported,3
implications health,3
implications gender,3
implication,3
imperial gaze,3
impasse,3
dengan pendekatan,3
im possible,3
impact black,3
denial,3
denise,3
imaginings,3
imagination feminism,3
images feminism,3
image feminism,3
image eating,3
deploying,3
dichotomy science,3
hellman,3
helene,3
greenwood press,3
discoveries,3
ground feminism,3
discriminatory,3
discriminação,3
grief,3
grid,3
greta,3
gregory,3
greer,3
greenwood,3
discourses new,3
discursos,3
green political,3
green criminology,3
discussion feminism,3
great indian,3
grassroots democracy,3
disintegration,3
grappling,3
diskursus,3
discourses social,3
grounds feminism,3
grandmothers,3
disconnection,3
disasters,3
guilty,3
guiding,3
discapacidad,3
guides pvd,3
guides gws102,3
guides gws,3
disciplinary power,3
discomfort,3
guidance,3
discourses case,3
guerrilla,3
gubar,3
disconnections,3
gu,3
discontents century,3
discourse chinese,3
discourse critical,3
discourse ethics,3
discourse post,3
grandmothers halfmoon,3
grammar,3
helen longino,3
diversity women,3
global perspectives,3
disturbing,3
global movement,3
diverse young,3
global history,3
diversity contemporary,3
global environmental,3
global citizenship,3
global age,3
division domestic,3
distinguishing,3
glamour,3
girls science,3
girls media,3
girls feminist,3
girls boys,3
girls adventure,3
doctor philosophy,3
girl head,3
giovanni,3
distributed,3
distant,3
graham,3
goodbye,3
dismal,3
dismantling self,3
disney movie,3
disparity,3
displacements,3
display,3
gore,3
google,3
goodman,3
good wife,3
distancing,3
dispossession,3
golf,3
golden age,3
disputas,3
goffman,3
disputes,3
goddess spirituality,3
dissemination,3
god rebecca,3
gulf,3
gun,3
gurley,3
haunted,3
different voice,3
differential,3
head feminism,3
differentiating,3
differing,3
hays,3
diffracting,3
hawai,3
diffractively,3
hatred,3
health data,3
diffusion,3
hate crime,3
hat,3
digging,3
digital cultures,3
digital feminisms,3
harry,3
digital islamophobia,3
harriet edmondson,3
health case,3
health equity,3
disarming,3
healthcare feminist,3
dickens,3
heights,3
heforshe,3
hebrew bible,3
dictionary modern,3
didactic,3
dietary,3
diferença,3
difference identification,3
difference women,3
health outcomes,3
health workers,3
health technoscience,3
health services,3
health rights,3
differences gender,3
health related,3
health promotion,3
different forms,3
health physical,3
digital labour,3
digital space,3
harold,3
habits,3
halfmoon bay,3
halfmoon,3
half sky,3
direitos,3
dis empowerment,3
haideh moghissi,3
haideh,3
hacia una,3
hacia el,3
ha,3
harnessing,3
disabled people,3
género la,3
disabled women,3
género el,3
disabling,3
gws102 transnational,3
gws102,3
gws,3
guth,3
hamilton,3
hamlet,3
hampton,3
directions women,3
harm reduction,3
dijk,3
haredi women,3
hardy tess,3
dilemmas feminism,3
hardback isbn,3
dimensional,3
diminished,3
haptic,3
dini,3
dinner party,3
happen,3
direct,3
direction lisa,3
directions critical,3
handling,3
handbook international,3
directions feminism,3
han kang,3
innovations,3
del activismo,3
gilman sexualities,3
labour digital,3
current perspectives,3
landmark,3
current status,3
lag,3
lady gaga,3
curricular,3
lacanian,3
labyrinth,3
labour post,3
curriculum theorizing,3
langer,3
laboratory,3
labor union,3
labor market,3
labelling,3
la revolución,3
la question,3
la pornografía,3
la nación,3
la era,3
cure,3
cura,3
la diferencia,3
lateral,3
law new,3
law economics,3
law desire,3
law catharine,3
lauren klein,3
laura schwartz,3
laughing,3
laugh,3
latest,3
late modernity,3
language god,3
late capitalism,3
late 19th,3
late 1970s,3
las relaciones,3
las producciones,3
cultures identities,3
large scale,3
lao,3
language literature,3
la direction,3
la cuestión,3
law religion,3
daddy,3
kirkham,3
czech republic,3
czech women,3
czechoslovakia,3
cómo,3
kierkegaard,3
kids schools,3
da política,3
keynote address,3
kepada bulan,3
knew,3
kepada,3
kenyan women,3
kentucky,3
kemalism,3
kegan paul,3
kegan,3
kecantikan,3
dalam iklan,3
kaum,3
cypriot,3
knight,3
la construcción,3
kristin,3
la campesina,3
kymlicka,3
kuwait,3
customs,3
cve,3
kuasa,3
cve international,3
kritik terhadap,3
cyber activism,3
kristeva feminism,3
knock,3
kota,3
korean american,3
kontemporer,3
komunikasi,3
kollontai socialism,3
cyborg manifesto,3
knowledge translation,3
knowledge participatory,3
knowing victims,3
culture power,3
law review,3
insecure,3
liberian,3
life histories,3
libya,3
library information,3
cultural analysis,3
libraries feminism,3
librarians,3
cultural change,3
liberty charlotte,3
liberties,3
liberation struggle,3
life neil,3
cultural criticism,3
cultural critique,3
liberating archetypes,3
liberated woman,3
liberalism liberal,3
cultural diversity,3
liberal radical,3
lgbtqia,3
cultural heritage,3
cultivation,3
life women,3
cultural political,3
linda nicholson,3
cruz religion,3
lite,3
lists,3
listening different,3
lisa taylor,3
lipstick,3
crítica da,3
lion,3
crítico,3
linda harriet,3
lifelong learning,3
lincoln university,3
limits state,3
limits law,3
limits family,3
limits cultural,3
limitation,3
cuestión,3
like woman,3
like feminist,3
cultural pluralism,3
lessons feminism,3
law victorian,3
leaning,3
leela fernandes,3
leela,3
culture lesbian,3
learning work,3
learning theory,3
learning guide,3
learning community,3
learning analytics,3
learned feminism,3
league nations,3
leftist,3
culture matters,3
leadership styles,3
leadership positions,3
leadership gender,3
culture modern,3
lead,3
lawyer,3
lawfare cve,3
lawfare,3
left wing,3
legacies sixties,3
cultural practice,3
lemonade,3
cultural practices,3
lesbians feminism,3
lesbian queer,3
lesbian feminisms,3
cultural resistance,3
lesbian community,3
cultural rights,3
cultural values,3
culturally relevant,3
culture body,3
culture critical,3
legislating french,3
legally,3
legalised speciesism,3
legalised,3
legal perspective,3
legal literary,3
culture construction,3
legacy russell,3
legacy revolution,3
kathy acker,3
dalam kajian,3
katherine marino,3
decide,3
introduction christian,3
decade women,3
intoxication,3
interwar period,3
decent,3
interviews mexican,3
decentering center,3
interview nancy,3
interventionist,3
intersexuality,3
introduction new,3
intersectionnalité,3
intersectionality women,3
decoding,3
intersectionality black,3
intersectional politics,3
intersectional lens,3
intersectional feminisms,3
intersectional discrimination,3
intersectional approaches,3
debates gender,3
introduction sociology,3
intersecting rhetorics,3
iris murdoch,3
islamic republic,3
islam legal,3
islam human,3
isbn 8223,3
isbn 520,3
isabelle,3
isabel allende,3
dawn,3
irreconcilable differences,3
dc,3
debate women,3
iranian constitutional,3
iran women,3
deadline nov,3
ipv,3
iowa,3
involuntary celibates,3
investigate,3
investigación feminista,3
inventory,3
decolonial theory,3
intersecting inequalities,3
katharina,3
insufficient,3
intensive,3
intelligences,3
intellectuals,3
integrativa,3
degas,3
insurgent feminism,3
degas french,3
insurance,3
insult,3
instruments,3
intentionality,3
instrumentalization,3
instrumentalism feminism,3
instrumentalism,3
institutions higher,3
degree doctor,3
institutional ethnography,3
institute social,3
inspirations,3
insider outsider,3
intensive care,3
inter american,3
interseccionalidade,3
international journal,3
interplay gender,3
internet use,3
internet feminism,3
decomposition,3
deconstructed,3
international trade,3
international solidarity,3
international politics,3
deconstructive,3
deep ecology,3
interactionist,3
international criminal,3
deeper,3
internacionales,3
intergenerational feminism,3
default,3
interfaces,3
defeat,3
interdisciplinary feminism,3
interconnections,3
islamic revival,3
islamic revolution,3
islamism feminism,3
dangarembga,3
judy chicago,3
judith plaskow,3
judith evans,3
judith bennett,3
judaism resistance,3
judaism feminism,3
joyce gelb,3
joy dixon,3
dancers,3
joseph,3
julia franck,3
joni lovenduski,3
jong,3
jone salomonsen,3
jone,3
joint,3
joining,3
john dewey,3
johanna,3
joe,3
judy tzu,3
damsels,3
islamophobia extremism,3
justiça,3
kasus,3
karya dian,3
karen kampwirth,3
karen guth,3
dalam upaya,3
karcher,3
kara,3
kampwirth,3
kampus,3
justicia,3
damned,3
justice perspective,3
justice peace,3
justice human,3
justice education,3
justice critical,3
damaged,3
just war,3
jury,3
jurisprudence feminism,3
daniel,3
daniel deronda,3
jim,3
ithaca cornell,3
jako,3
jacqui,3
jacques,3
jacqueline,3
jackson,3
data work,3
ivory tower,3
ivory,3
ivf,3
italy 1960,3
jihad,3
databases,3
italian feminist,3
dataset,3
isu,3
istri,3
istanbul convention,3
issues african,3
dating violence,3
ism,3
james joyce,3
data journalism,3
janice,3
january,3
jia,3
dann,3
dann luna,3
jewish voices,3
jewish history,3
dans la,3
jennifer nash,3
jennie,3
jeanne riccoboni,3
jeanette winterson,3
jean elisabeth,3
je,3
jayne 2020,3
jayne,3
jay,3
darkness,3
darwinism,3
jasmin,3
das margaridas,3
gina,3
gilman architectural,3
literary left,3
feminism just,3
enjoyment sexualization,3
feminism light,3
feminism lesbianism,3
feminism lesbian,3
feminism legacy,3
feminism legacies,3
feminism leadership,3
ensler,3
feminism la,3
feminism judith,3
feminism lives,3
entanglement,3
feminism john,3
feminism jewish,3
feminism jane,3
enter,3
feminism issue,3
feminism israel,3
feminism islamism,3
entertainment industry,3
enjoyment,3
feminism look,3
entrepreneurial ecosystems,3
feminism medical,3
feminism music,3
feminism museums,3
feminism museum,3
feminism moving,3
feminism movie,3
feminism movements,3
england 1850,3
feminism militarism,3
england cambridge,3
feminism measure,3
englishwoman review,3
feminism meaning,3
english speaking,3
feminism marxist,3
english studies,3
english textbooks,3
feminism maria,3
feminism marginalized,3
englishwoman,3
feminism main,3
entre las,3
feminism inter,3
engendered,3
equalities,3
epidemic,3
epidemiology,3
feminism free,3
feminism franchise,3
feminism focusing,3
feminism films,3
feminism field,3
feminism fertility,3
feminism feminisms,3
equality civil,3
epic,3
feminism fandom,3
feminism fame,3
feminism fall,3
feminism expression,3
feminism expressed,3
equality gender,3
feminism exploration,3
equality policies,3
feminism eugenics,3
feminism freud,3
ephemeral,3
feminism intellectual,3
feminism housewife,3
feminism integration,3
feminism innovation,3
feminism influence,3
feminism incurably,3
feminism inclination,3
feminism implications,3
entries,3
environmental conservation,3
environmental health,3
feminism honor,3
feminism germany,3
environmental humanities,3
environmental management,3
feminism hashtag,3
feminism haitian,3
feminism greenwich,3
feminism governance,3
environmental policy,3
environmental politics,3
feminism glass,3
feminism myth,3
engels,3
feminisms academy,3
feminism students,3
feminism textual,3
feminism technology,3
empowerment feminism,3
feminism symbolic,3
feminism sweden,3
feminism surrounding,3
feminism subversion,3
feminism subjectivity,3
feminism studies,3
feminism student,3
feminism thinking,3
feminism soviet,3
feminism source,3
feminism solidarity,3
feminism sociology,3
feminism socially,3
feminism sisterhood,3
feminism silence,3
feminism short,3
feminism shadow,3
feminism theologies,3
feminism tracing,3
feminism seen,3
feminism voluntary,3
emmanuel,3
emmanuel levinas,3
feminism yugoslavia,3
feminism youth,3
emotionally,3
emphasis,3
empire building,3
feminism web,3
feminism wake,3
feminism voice,3
feminism transformation,3
empires,3
feminism vegetarianism,3
feminism utopia,3
feminism uncertainty,3
feminism tv,3
feminism tunisia,3
empoderamento,3
empoderamiento,3
feminism transgender,3
feminism seventeenth,3
feminism scp,3
engaging power,3
feminism peru,3
endings,3
endometriosis,3
endorsement,3
feminism populism,3
feminism polygamist,3
feminism policy,3
feminism point,3
feminism pleasure,3
feminism phenomenology,3
feminism paradigm,3
feminism praxis,3
feminism overview,3
feminism orientalism,3
feminism organizational,3
feminism offer,3
feminism objectivity,3
feminism north,3
feminism nigeria,3
feminism nicaragua,3
feminism needs,3
feminism poststructuralism,3
feminism pre,3
en france,3
encounters transnational,3
feminism scholarship,3
feminism sandra,3
en tiempos,3
enablers,3
feminism response,3
feminism resources,3
enchantments,3
encore,3
feminism renaissance,3
feminism recasting,3
feminism privacy,3
feminism really,3
feminism real,3
encyclopedias,3
feminism psychological,3
feminism propaganda,3
feminism professionalization,3
feminism problems,3
endarkened feminisms,3
feminism privilege,3
equity justice,3
feminism ethical,3
feminism equal,3
european theater,3
europe united,3
fanaticism,3
fan fiction,3
family values,3
family sophie,3
european american,3
family leave,3
family gender,3
families feminism,3
familia,3
europe 19th,3
euthanasia,3
falls short,3
falls,3
fake,3
evangelicalism,3
fairer,3
eve ensler,3
fails,3
fading,3
fantasia,3
euro,3
factors influence,3
federal republic,3
female dominated,3
female consciousness,3
female beauty,3
female arab,3
fellini,3
felicia,3
fefu,3
feeling feminism,3
feedback,3
featuring,3
farc,3
fearful,3
faux feminism,3
fault,3
fatness,3
fatale,3
farrell,3
farmers,3
farmer,3
farhadi,3
factors influencing,3
factors affecting,3
equity science,3
experiences african,3
excessive,3
exchanges challenges,3
explain,3
exclusion women,3
experimentation,3
experiences social,3
experiences learning,3
experiences gender,3
experiences female,3
experienced,3
excellence,3
experience feminism,3
expectation,3
expansion,3
expanding boundaries,3
exemplar,3
expanded,3
exercise interdisciplinary,3
exeter,3
exiles,3
exploiting,3
examining feminism,3
facto,3
extra,3
everyday experience,3
facial,3
faces feminism,3
everyday production,3
fabrique,3
fables,3
extremism domestic,3
extreme right,3
extraordinary,3
expression activism,3
exploring influence,3
expressing,3
exposing,3
exposed,3
exporting,3
exploring social,3
exploring role,3
exploring relationships,3
exploring limits,3
exploring intersectionality,3
female entrepreneurs,3
female experience,3
female friendship,3
essentially,3
feminism dance,3
feminism creation,3
feminism counter,3
feminism contradiction,3
feminism constructing,3
feminism consciousness,3
essential texts,3
feminism colombia,3
essentialist,3
essentially speaking,3
feminism decadence,3
est la,3
establishing,3
feminism censorship,3
feminism celebrity,3
feminism catherine,3
feminism caryl,3
feminism built,3
feminism brazilian,3
feminism book,3
feminism dark,3
feminism decolonization,3
female gothic,3
erratum,3
feminism epistemological,3
equity social,3
era globalization,3
feminism engendering,3
feminism engaging,3
feminism emily,3
feminism embodiment,3
feminism embodied,3
feminism einav,3
escaping,3
feminism developing,3
escholarship,3
feminism eastern,3
feminism dynamics,3
feminism dressing,3
feminism dr,3
feminism domesticity,3
feminism diversity,3
esl classroom,3
feminism dialogue,3
feminism bolshevik,3
feminism bodies,3
feminism biology,3
female victims,3
feminism 1960,3
feminism 1918,3
ethics boundary,3
ethics gender,3
feminis dalam,3
feminine subject,3
feminina,3
femenina,3
female youth,3
female teachers,3
feminism beyoncé,3
female subject,3
female student,3
female sex,3
ethiopian,3
female psychology,3
female leaders,3
female journalists,3
female identities,3
female homosexual,3
ethico politics,3
feminism abolition,3
feminism abya,3
feminism adult,3
feminism barbara,3
feminism avant,3
feminism arts,3
feminism articles,3
feminism aristotle,3
feminism arendt,3
et jasmin,3
feminism antifeminism,3
et la,3
feminism anarchism,3
et politique,3
eternal,3
feminism alternative,3
feminism alison,3
feminism alice,3
ethic care,3
ethical analysis,3
feminism affective,3
feminism affect,3
eminism,3
feminisms activisms,3
document,3
gender conflict,3
gender dimensions,3
gender dimension,3
echo,3
gender difference,3
gender curriculum,3
ecofeminism environmental,3
ecological feminist,3
gender crime,3
gender conscious,3
gender climate,3
gender disparities,3
gender caste,3
gender case,3
gender british,3
gender binaries,3
ecologism,3
gender australian,3
economic development,3
gender adolescent,3
economic growth,3
gender discourses,3
gender early,3
gazing,3
early american,3
dynamics women,3
gender injustice,3
dysfunction,3
gender implications,3
dysphoria,3
dystopia feminism,3
gender historical,3
gender genre,3
gender gaps,3
early modernism,3
gender edited,3
early nineteenth,3
gender ethnic,3
early years,3
gender equitable,3
earth world,3
gender environment,3
gender egalitarianism,3
gender egalitarian,3
east london,3
gelb,3
gaza,3
gender knowledge,3
funding,3
futuro,3
future research,3
future nursing,3
future liberal,3
edith wharton,3
editor note,3
editors note,3
fusion,3
edmondson,3
funded,3
editathon risd,3
edna pontellier,3
eds cambridge,3
eds new,3
educación física,3
fund,3
fully,3
fulfillment,3
frontlines,3
education challenges,3
edited elizabeth,3
ga,3
economist,3
edgar,3
gay fathers,3
gay displacement,3
gatens,3
gaslighting,3
gary kelly,3
garland,3
ecstasy demon,3
ecumenical,3
garcia,3
edgar degas,3
gadis,3
edged,3
edged sword,3
gamergate,3
game thrones,3
edinburgh edinburgh,3
gain,3
gagasan,3
edit thons,3
editathon,3
gender intersectional,3
gender management,3
feminisms aesthetics,3
genital surgeries,3
domestic war,3
geopolitical,3
dominican,3
doméstico,3
geographic,3
genus,3
don know,3
don like,3
genovese,3
donors brazil,3
domestic liberty,3
genevieve yue,3
genevieve,3
doping,3
doreen,3
generations women,3
double bind,3
double edged,3
generation women,3
dove,3
domestic space,3
gerakan sosial,3
dow,3
gets,3
does gender,3
gifts,3
gifted,3
does make,3
doesn feminism,3
ghetto,3
ghanaian women,3
dogs,3
doing justice,3
gesture,3
geraldine,3
geschlecht,3
gertrude stein,3
doing research,3
germany international,3
germany 1968,3
german feminisms,3
dolls,3
germaine greer,3
germaine,3
generated,3
doyle,3
gender mexican,3
gender recognition,3
gender sensitivity,3
drug use,3
gender science,3
du bois,3
gender resistance,3
gender research,3
gender replay,3
duchen,3
gender regime,3
gender queer,3
droit,3
gender public,3
dunham girls,3
duras,3
dust,3
gender oppression,3
duties women,3
gender neutrality,3
gender nato,3
gender modernity,3
gender sexualities,3
gender sport,3
drama freud,3
gendered identities,3
genealogical critique,3
drama series,3
gendering past,3
gendering melancholia,3
gendering green,3
dreaming,3
gendered spaces,3
dreams trespass,3
gendered identity,3
gendered experiences,3
driving,3
gendered effects,3
gendered discourse,3
gendered constructions,3
gendered bodies,3
dreier,3
dreier robins,3
gender translation,3
gender transformative,3
drivers,3
fronteras,3
education curriculum,3
freud female,3
feminist organizing,3
feminist revolution,3
feminist review,3
eliot feminism,3
elisabeth pedersen,3
feminist planning,3
feminist pioneer,3
elizabeth feminism,3
feminist performance,3
feminist orientations,3
feminist organizational,3
eli,3
feminist organization,3
feminist model,3
feminist mobilization,3
feminist literacy,3
feminist liberation,3
feminist liberalism,3
feminist judgments,3
elora,3
elsa,3
feminist rhetorics,3
elgar,3
feminist foucauldian,3
feminist visions,3
fernandes,3
fenomenologi,3
femme fatale,3
elderly,3
feminized,3
feminists new,3
eleanor,3
feminist writers,3
feminist world,3
feminist utopia,3
elephant,3
feminist understanding,3
feminist thoughts,3
feminist theorising,3
feminist texts,3
feminist testimony,3
feminist subject,3
feminist struggle,3
elena buszek,3
feminist space,3
feminist historical,3
feminist filmmaking,3
french women,3
feminisms federal,3
feminisms nationalisms,3
feminisms movement,3
feminisms media,3
feminisms matter,3
feminisms literature,3
feminisms la,3
feminisms interview,3
feminisms images,3
feminisms future,3
feminisms education,3
feminisms performance,3
feminisms ed,3
feminisms early,3
feminisms diversity,3
feminisms difference,3
feminisms decolonial,3
feminisms central,3
feminisms building,3
emerging research,3
feminisms age,3
feminisms obscure,3
feminisms postcolonialities,3
feminist economic,3
embodiments,3
feminist defense,3
feminist cinema,3
feminist body,3
feminist biography,3
embodied experiences,3
feminist biblical,3
feminist beliefs,3
feminist assessment,3
embodied practice,3
feminist alliances,3
feminisms psychologies,3
embodying feminism,3
embryos,3
feminisms world,3
emergence development,3
feminisms translation,3
feminisms south,3
feminisms research,3
feminisms reader,3
feminisms question,3
fernández,3
ferree,3
fertility control,3
edward elgar,3
fox genovese,3
educational change,3
fourth industrial,3
educational leadership,3
educational policy,3
foucauldian feminism,3
foucauldian discourse,3
educativa,3
forwards,3
fortress press,3
education teacher,3
edwardian england,3
formation gender,3
een,3
formación,3
form feminism,3
forget,3
forestry,3
foreign countries,3
foregrounding,3
fragment,3
frailty,3
fetish,3
francophone african,3
french philosophy,3
education institutions,3
french family,3
freedom choice,3
education marxist,3
franklin,3
frankie,3
frankenstein feminism,3
francophone women,3
education pedagogy,3
education study,3
francoist,3
francoism,3
franck,3
education perspective,3
frances willard,3
education policy,3
france 68,3
education social,3
frame feminism,3
ford,3
forced marriage,3
effects feminism,3
figurations,3
eksistensi perempuan,3
eksploitasi,3
film materiality,3
film little,3
film history,3
el caso,3
el cine,3
el discurso,3
figurative,3
fighters,3
football feminism,3
field women,3
fictional,3
fiction women,3
fiction new,3
fiction margaret,3
fiction feminist,3
fiction fact,3
fi,3
ffminisme,3
eksistensi,3
final girl,3
finding place,3
finding voice,3
effects women,3
folktales,3
focusing feminism,3
egg,3
flynn,3
flying,3
flux,3
flowers,3
flotow,3
ego,3
flirting,3
flanders,3
fixing,3
fitness doping,3
fishing,3
fischer,3
firsts,3
fiorenza,3
einav rabinovitch,3
crusade,3
halley split,3
margaret cavendish,3
moghissi,3
critical assessment,3
movimento,3
man genius,3
melancholia feminism,3
modernity feminism,3
manage,3
masculinism,3
melissa,3
management practices,3
melodrama,3
masculinidad en,3
membangun,3
masculinidad,3
maría lugones,3
managerialism,3
membering,3
natures,3
meets queer,3
contemporary spanish,3
meets postmodern,3
male victims,3
nawal al,3
male dominance,3
meditations feminism,3
medium,3
masculinities gender,3
male gaze,3
movements influences,3
critical condition,3
mammy,3
moves,3
maltreatment,3
mutually,3
navigation,3
masculinist,3
meets feminism,3
meets feminist,3
cosplay,3
cristina,3
manga,3
menarche,3
men studies,3
contemporary culture,3
manning berkeley,3
men violence,3
menangis,3
menangis kepada,3
nature difference,3
corps,3
correspondence,3
corporations,3
corporate university,3
modernism america,3
mentality,3
meps,3
marxist approach,3
mercado,3
men sexual,3
modernism bio,3
muslims coming,3
ms marvel,3
memory politics,3
mary lyndon,3
mary jayne,3
memory sacred,3
memory work,3
manhood womanhood,3
manifesting,3
manifestos,3
manning,3
manju,3
men bodies,3
men boys,3
mann,3
nation making,3
men gender,3
men health,3
masculinity allyship,3
malay,3
merging,3
meditations,3
lysistrata,3
ma harvard,3
counsellors,3
cow,3
contemporary arab,3
macro,3
movement media,3
myth feminism,3
media sex,3
mad men,3
madeleine,3
madeleine pelletier,3
movement new,3
madeline,3
madres,3
media technologies,3
madrid,3
lyrics,3
lyon,3
masyarakat,3
ne,3
luise von,3
coverage women,3
monographs,3
luta,3
neale hurston,3
neale,3
lynda birke,3
lyndon,3
context hiv,3
lyndon shanley,3
material culture,3
critical turn,3
media platforms,3
media popular,3
covert,3
media ready,3
madura,3
critical psychology,3
mass incarceration,3
medieval early,3
mask,3
medicine health,3
critical exploration,3
making social,3
molecular,3
nayla djenar,3
makings,3
critical education,3
masochism,3
nayla,3
movements global,3
mystique feminism,3
mohanty,3
mysticism ordinary,3
masculinity post,3
masculinity american,3
making meaning,3
molly dewson,3
mahasweta,3
make difference,3
contextual analysis,3
mahfouz,3
mass harvard,3
critical political,3
mass communication,3
nasser,3
mainstreaming gender,3
medical anthropology,3
making kin,3
maker,3
critical introduction,3
movement united,3
medicalization,3
making american,3
making connections,3
critical geography,3
mere,3
corpo,3
months,3
modern drama,3
contribution feminist,3
modern age,3
mulheres negras,3
multi generational,3
marie jeanne,3
multi party,3
minority ethnic,3
criminology project,3
marian,3
nationalist discourses,3
contribuciones,3
mise,3
moderate feminism,3
mise en,3
marginally,3
misinformation,3
contemporary literature,3
nationalist feminism,3
musician,3
marilley,3
miners,3
mark twain,3
mimpi sejuta,3
criminalisation,3
mina,3
marenne,3
nationality,3
mindset,3
minh,3
modern america,3
minh ha,3
modern britain,3
marino chapel,3
contemporary narratives,3
ministry,3
marino,3
modern american,3
marginalized groups,3
misogynistic,3
misogynoir,3
muse feminism,3
margaret simons,3
contemporary indian,3
municipal,3
marge piercy,3
munro,3
murdoch,3
murphy,3
margaret thatcher,3
mums,3
mitterrand,3
contemporary europe,3
margarita,3
mixed method,3
mizrahi,3
moana,3
margaridas,3
mundane,3
margery,3
multiethnic,3
model immune,3
crise,3
margaret dreier,3
multifaceted,3
contradictions feminism,3
multimedia,3
missed,3
contradictions contestations,3
mississippi,3
margin center,3
margaret fuller,3
mit press,3
mobilizing piety,3
margaret kirkham,3
multispecies justice,3
mumbai,3
margaret mccarthy,3
mimi,3
marcha das,3
creates,3
millennial feminism,3
methodology oppressed,3
methodology social,3
cooptation feminism,3
cooptation,3
cooperative,3
continent,3
metoo weinstein,3
mexican american,3
mexican feminisms,3
mexican women,3
cooke,3
marta,3
mez,3
crisis london,3
mi,3
modern orthodoxy,3
convivial,3
methodology feminism,3
muslim societies,3
creatures,3
creation feminist,3
merry riana,3
manufacture,3
cornell accommodation,3
modern world,3
marx capital,3
metamorphosis,3
manuscripts,3
creative writing,3
methodological considerations,3
maoist,3
core concepts,3
metaphysical,3
copyright law,3
metaverse,3
creators,3
method study,3
constructivist grounded,3
michel foucault,3
modern middle,3
conventional,3
marks,3
crime drama,3
migration studies,3
continents,3
contemporary performance,3
miles,3
milieu,3
convention rights,3
crime control,3
marked,3
militant feminisms,3
convent,3
millenium,3
modern english,3
construction women,3
modern england,3
marlene,3
marcha,3
constructivism feminism,3
middle ages,3
construction social,3
modern literary,3
micropolitics,3
mapuche,3
marshall,3
mid nineteenth,3
crisis feminism,3
midnight,3
migration research,3
midst,3
muslim feminist,3
national development,3
mars,3
conventions,3
migration feminism,3
marriage women,3
luise,3
nathalie,3
media makers,3
liz,3
maternal body,3
lou andreas,3
critique feminist,3
motif,3
maylei,3
maybe,3
loss renaissance,3
contemporáneas,3
narrative feminism,3
narrative feminist,3
nairobi kenya,3
los movimientos,3
max,3
lo que,3
movement gender,3
motives,3
critique materialist,3
local feminism,3
critique neoliberal,3
maud,3
lope vega,3
maternal age,3
contention,3
looking worlds,3
mother child,3
movement late,3
constructing gender,3
morning,3
love sale,3
meaning making,3
crossing meditations,3
media gender,3
cousins,3
materializing,3
media framing,3
naomi zack,3
media feminist,3
movement katherine,3
lives women,3
lives works,3
media feminisms,3
consumerist,3
moses,3
mothers children,3
mccarthy,3
maylei blackwell,3
lope,3
local government,3
morality feminism,3
movement 1968,3
cross cultures,3
movement case,3
mattering,3
consumer behavior,3
logan,3
namita,3
media analysis,3
media case,3
naming shrew,3
matrilineal,3
london duke,3
lolita,3
course lecture,3
counter hegemonic,3
course guides,3
contempt,3
cross dressing,3
media cultural,3
london bloomsbury,3
contending,3
mother nature,3
movement black,3
cross border,3
looking glass,3
crooked,3
critique political,3
look like,3
counter conduct,3
local knowledge,3
mother earth,3
look feminism,3
critique poststructuralist,3
motherhood reconceived,3
maternidad,3
locality,3
matthew,3
longitudinal study,3
media event,3
long live,3
mathematical,3
critiquing,3
nam,3
courage,3
locational,3
matilda,3
london zed,3
crossley,3
mother psychoanalysis,3
mean girl,3
criticality,3
crouching tiger,3
literature periodical,3
country women,3
moralism,3
narrativa,3
lucha,3
live hip,3
couture,3
narrativity,3
counting,3
material feminisms,3
covenant,3
literature gender,3
movement latin,3
little bit,3
crossroad,3
nair,3
contemporánea,3
mcrobbie aftermath,3
lover,3
lovenduski,3
mean feminist,3
criticism section,3
narrator,3
literary translation,3
lughod,3
cruelty,3
acceptability,2
age transnationalism,2
feminist writings,2
age sexual,2
nursing development,2
note feminism,2
emotionality,2
feminism woolf,2
agricultural development,2
feministyczny,2
feminist solidarities,2
feminist sociology,2
elephant room,2
feminism word,2
feminity,2
age sex,2
elders,2
age samoa,2
feminist spirituality,2
feminism twilight,2
feminist sport,2
agreements,2
agrarian feminism,2
aged women,2
feminist statement,2
aged woman,2
consumption feminism,2
académica,2
notation,2
confessions feminist,2
ny cornell,2
emperor new,2
feminism william,2
feminists non,2
accent,2
feminists social,2
feminism ubuntu,2
feminists versus,2
feminism typology,2
acceptance online,2
empathic,2
abuse feminist,2
feministycznej,2
feminist spring,2
feminism womanhood,2
emotional intelligence,2
emotional geographies,2
feminist sexual,2
ahluwalia,2
femme artiste,2
feminism zillah,2
ai critical,2
nye,2
feminism zulu,2
femme theory,2
employment flexible,2
ai generated,2
feminist rhetoric,2
elder,2
nursery,2
emma watson,2
nurse midwives,2
contained empowerment,2
eliminating,2
feminisme modern,2
femmes sur,2
femminile,2
femminista,2
feminist resilience,2
feminisme psikoanalisis,2
feminismen,2
northern province,2
elimination,2
feminist reception,2
feminism zapatista,2
accession,2
age postfeminism,2
nyai,2
abuse feminism,2
feminist service,2
condorcet,2
access 2017,2
access participation,2
nurses ethical,2
norton 2021,2
emotional experiences,2
feminization poverty,2
age new,2
feminization resistance,2
emotional capital,2
feminism worlds,2
emojis,2
ny doubleday,2
feminist scholars,2
feminism years,2
elderly women,2
feminist ritual,2
feminizmler,2
feminism yesterday,2
emocional,2
nancy drew,2
nana,2
narrate,2
academic work,2
ageing popular,2
feminism underground,2
confidence women,2
feminist visibilities,2
feminism victim,2
feminism victimology,2
feminist utopias,2
nutritional status,2
feminism unification,2
feminista women,2
feminism video,2
agency post,2
empires global,2
agency new,2
nutritional,2
feminist twitter,2
election campaigns,2
feminist travels,2
academic 2022,2
electoral costs,2
feministas la,2
empire women,2
academic careers,2
feminist transformations,2
feminist trans,2
feminism virtue,2
feminism vision,2
feminist traditions,2
empire review,2
election campaign,2
feminism veronica,2
agency victim,2
ageing fiction,2
feminism value,2
agenda women,2
nwapa,2
feminism universalism,2
employability,2
feminist zines,2
feminism urban,2
agenda sustainable,2
agenda research,2
agent,2
nw arkansas,2
feminist workshop,2
abusive,2
electoral behaviour,2
agenda feminism,2
feminism urbana,2
agenda change,2
feminism ussr,2
agentic,2
agentic practice,2
agenda afghanistan,2
elective,2
feminist witnessing,2
feminista descolonial,2
feminista método,2
electoral campaigns,2
configurations,2
nw,2
feministic analysis,2
feminism unhappy,2
feministic perspective,2
academic medicine,2
agnès varda,2
feministischer,2
condom,2
agency empowerment,2
feminists campaign,2
feminists critical,2
agency digital,2
feminism vote,2
feminism vs,2
feminism vulnerability,2
feminist struggles,2
notable,2
ageing women,2
feminism want,2
empire feminisms,2
academic press,2
contemporary drama,2
academic research,2
empire critique,2
feminists global,2
academic spaces,2
feminism waves,2
nursing profession,2
abuse social,2
employment crisis,2
feminism way,2
agrarian change,2
abuse troubled,2
feminist stylistics,2
feminism unfinished,2
feminist theologies,2
electric,2
electronic music,2
feminist think,2
aggressive,2
electronic sources,2
condom use,2
elementary education,2
academic practice,2
agency narrative,2
agency mental,2
emin,2
elementary secondary,2
feminism volume,2
feministische,2
agnes smedley,2
feministic study,2
agnès,2
agency lake,2
agency identity,2
feminist theatres,2
consuming medicine,2
contemporary english,2
nurture,2
feminist teaching,2
feminist submissive,2
nurturance,2
feminism voicelessness,2
contemporain,2
emily allen,2
feminismo brasileiro,2
feminisms past,2
novels shashi,2
feminist degrowth,2
feminist development,2
feminist dialogue,2
feminisms old,2
advance intersectional,2
novel entrok,2
feminist diplomacy,2
feminist directions,2
feminist disability,2
emancipation ownership,2
feminist doing,2
feminist ecofeminism,2
emergence independent,2
novel feminism,2
emancipation philippines,2
emancipatory rural,2
feminist couple,2
feminist conjunctions,2
emergence global,2
embodied cultural,2
feminist conservative,2
embodied ai,2
feminist counselling,2
embedding,2
feminist data,2
embeddedness,2
embedded feminism,2
feminist cross,2
feminist culture,2
feminisms perspectives,2
feminist cyber,2
novels written,2
feminist encounters,2
novel critical,2
feminist framework,2
novel aku,2
advent,2
novos,2
novel aisyah,2
novel 1890s,2
feminist foundations,2
elana arnold,2
feminisms mediated,2
feminisms leisure,2
feminist framing,2
feminist future,2
feminisms legacies,2
feminist gender,2
elshtain,2
contemporary australia,2
feminisms middle,2
feminist engagements,2
feminist ethnography,2
novel bodies,2
em rede,2
feminist era,2
feminist essays,2
advancing feminism,2
em ciências,2
feminist exploring,2
feminisms millennium,2
feminist failure,2
feminisms motion,2
feminist feminist,2
feminist field,2
elvira,2
feminisms modernity,2
feminisms post,2
embodied experience,2
novel indonesia,2
feminisms rhetorics,2
novel safe,2
feminist activisms,2
embryo,2
emergence feminist,2
feminisms sexuality,2
embracing divine,2
feminisms rhetoric,2
feminisms sport,2
novel tarian,2
feminist alliance,2
novel thousand,2
feminist allies,2
feminisms rethinking,2
feminist ambivalence,2
feminisms spirituality,2
feminist accountability,2
novel woman,2
novel northanger,2
feminisms volume,2
novel perspectives,2
feminisms young,2
feminisms understand,2
feminismus postkolonialen,2
conference university,2
feminismus und,2
feminisms stage,2
feminisms trans,2
feminisn,2
feminisms study,2
feminist academic,2
feminist academics,2
feminist account,2
embodying critical,2
embodiment sexuality,2
feminisms postmodern,2
feminist clinic,2
novels authorized,2
feminist black,2
feminist care,2
novel karya,2
feminist china,2
novels margaret,2
feminist college,2
novels anita,2
feminist comedy,2
adoption policy,2
feminist communities,2
adorno culture,2
feminisms public,2
novel jane,2
feminisms racism,2
conference feminisms,2
adolescent female,2
feminist arab,2
feminist antifeminist,2
adolescent feminist,2
feminist appraisal,2
novel merry,2
novela,2
feminist appropriation,2
feminist argument,2
adopted,2
embodied pedagogy,2
feminisms reconstructing,2
feminist backlash,2
adonara,2
contemporary arabic,2
novel kathryn,2
feminist hermeneutics,2
feminisms law,2
advertising feminism,2
feminisms challenging,2
feminist paradigm,2
feminisms confronting,2
feminist paradigms,2
feminisms collide,2
feminist past,2
feminist peace,2
feminist pedagogical,2
feminisms conversations,2
elizabeth gurley,2
feminisms challenges,2
notre dame,2
cone,2
feminisms borders,2
feminisms belle,2
emerging perspectives,2
emerging muslim,2
elizabeth francis,2
feminist north,2
feminist narratology,2
nouvelle,2
nouveau,2
feminisms diasporas,2
feminist nationalism,2
feminist nonfeminist,2
feminist novelist,2
feminisms czech,2
feminist old,2
nueva,2
nuevo,2
contemporary city,2
feminist orientation,2
nourishment,2
confessing,2
elizabeth fox,2
elizabeth johnson,2
feminist radical,2
feminist print,2
feminist psychologists,2
elisabeth schüssler,2
contemporary discourses,2
feminist questions,2
emilia pardo,2
feminismo una,2
emerging trends,2
feminismo negro,2
emilie,2
feminist reader,2
feminismo interseccional,2
nurse midwifery,2
feminist readings,2
emilia,2
feminist principles,2
numbers trouble,2
feminist postmodern,2
named,2
contemporary debates,2
notice english,2
elizabeth davies,2
feminist postdigital,2
feminist posthuman,2
emerald,2
elite female,2
notes gender,2
feminisms academia,2
feminist poststructural,2
feminist poststructuralism,2
elites,2
feminisms 2003,2
nouvelle vague,2
feminist narrative,2
novel 1880,2
feminist judging,2
feminisms indonesia,2
ellis,2
feminist interventions,2
elliot,2
eller,2
feminist journalism,2
feminisms india,2
feminist internet,2
contemporary challenges,2
ellen key,2
feminist knowledges,2
feminist language,2
feminist learning,2
ellen case,2
ellison,2
ellison sociological,2
ellen carol,2
feminist icon,2
contemporary african,2
feminist heterosexuality,2
noël,2
feminisms internationalisms,2
feminisms international,2
feminist humor,2
feminist ideals,2
feminist institutionalist,2
feminist identifications,2
elora halim,2
feminist ideologies,2
elmahdy,2
feminist indigenous,2
feminist insights,2
feminisms implications,2
feminist lgbtiqa,2
elizabeth vallance,2
naked face,2
feminisms ethics,2
feminisms empowerment,2
elizabethan,2
feminist memory,2
feminist method,2
feminisms el,2
feminist methods,2
feminisms exhibitions,2
nuclear activism,2
nudity,2
feminist models,2
nouvelles,2
elizabeth weed,2
feminisms east,2
feminist materialisms,2
feminisms exploring,2
novas,2
emergent feminist,2
feminisms humanization,2
feminisms historical,2
nuanced,2
emergence new,2
emergency,2
feminisms french,2
feminisms feminism,2
contemporaines,2
feminist life,2
feminist lifestyle,2
confederalism,2
ella lyman,2
feminist look,2
feminist magazine,2
femtech,2
cruise,2
oakland,2
sporting body,2
fulfillment altered,2
education care,2
sports physical,2
old testament,2
sports gender,2
education canada,2
sports fans,2
sports clubs,2
american philosophers,2
american philosophy,2
sport fitness,2
sport studies,2
sport sociology,2
función,2
sport reflections,2
sport physical,2
functioning,2
old woman,2
sport journal,2
fund pursuit,2
conceptual tool,2
spousal,2
sprague,2
sprague mitchell,2
stack feminism,2
stack,2
stability,2
stabile,2
fsp,2
fsp 163,2
fuchs,2
srinivasan right,2
srinivasan,2
american patriotism,2
american perspective,2
squatting,2
fuck,2
fugue,2
spring women,2
spring meeting,2
american perspectives,2
spreading,2
fujiwara,2
sport france,2
fundaciones,2
fruits,2
spigel janet,2
american students,2
funding feminism,2
funds,2
fungal,2
spinsters,2
spinster,2
spinoza feminist,2
funk,2
americanization,2
spigel,2
american poetry,2
spiegel,2
sphinx,2
spheres feminism,2
funny feminism,2
sphere feminism,2
sphere anne,2
amherst,2
spending,2
speech silence,2
spiritual activism,2
conceptual analysis,2
spiritual history,2
spiritualism,2
sport exploring,2
fundaciones contingentes,2
old women,2
conceptual framework,2
conceptual contextual,2
spoke snakish,2
fundamentalism gender,2
fundamentalism women,2
fundamentalisms,2
spoil girls,2
spoil,2
fundamentalist,2
american popular,2
american protest,2
american scholarship,2
american second,2
spleen,2
fundamentals,2
spirituality women,2
frustration,2
fruit,2
feral,2
old boundaries,2
education girls,2
education females,2
conceptualising women,2
state violence,2
education family,2
state theory,2
state sponsored,2
state socialist,2
state responses,2
friday,2
friedrich schleiermacher,2
state politics,2
friday essay,2
state nasser,2
education culture,2
friedan feminine,2
friedan making,2
american feminists,2
state context,2
friedman,2
american eco,2
contemporary spinsters,2
states 1896,2
states 1945,2
education management,2
freedom care,2
status rural,2
freedom expression,2
status family,2
american dance,2
freedom late,2
statistics data,2
education introduction,2
okky,2
states today,2
states recent,2
states race,2
education international,2
states injury,2
okky madasari,2
states feminism,2
states analysis,2
education inquiry,2
friedrich,2
stasis,2
american muslim,2
frontline workers,2
standard bearer,2
american literary,2
stand ironing,2
old lady,2
american media,2
frontier feminism,2
education case,2
american migrants,2
frontline feminism,2
stakeholders,2
startup,2
stake,2
frontlines change,2
staging international,2
frost,2
staging don,2
frug,2
american mothers,2
frug postmodern,2
stage labour,2
american life,2
american lesbian,2
standing way,2
standpoint feminism,2
american fifties,2
american foreign,2
american girl,2
friend judith,2
stardust,2
stardom,2
education considering,2
education china,2
stanton feminist,2
friendship dislocating,2
fringe,2
frog,2
american horror,2
american indian,2
stanford calif,2
stanford ca,2
american japanese,2
fromm,2
fronde,2
speech indonesian,2
amherst university,2
speculative turn,2
contemporary tv,2
sourcebook,2
analysis anti,2
sounds,2
sound gender,2
contemporary turkey,2
gap feminism,2
soul feminism,2
gap france,2
sosiologi,2
contemporary uk,2
analysis business,2
sort,2
sorrow,2
online networks,2
sorban movie,2
gardens,2
gardens dunes,2
sophocles anouilh,2
online political,2
sophists,2
analyses men,2
gangoli,2
games gender,2
analizi,2
anagol,2
south western,2
south wales,2
south vietnam,2
south north,2
gallop,2
galtung,2
south introduction,2
online conversations,2
south global,2
south feminism,2
south end,2
south eastern,2
online discussions,2
analisis hermeneutika,2
analisis pendekatan,2
south america,2
contemporary theories,2
contemporary trends,2
garrard,2
gas,2
speculative feminism,2
gayatri chakravorty,2
solitary,2
solidarity transnational,2
solidarity strangers,2
solidarity resistance,2
analysis inclusion,2
gay studies,2
solidarity africa,2
solidarity activism,2
analysis influence,2
gayatri spivak,2
online sentiment,2
gayl,2
gayl jones,2
analysis john,2
gays,2
gays constitution,2
conceptions feminism,2
gaze theory,2
gazes,2
analysis lay,2
solitudes,2
gay straight,2
analysis impact,2
analysis future,2
sook,2
gate origins,2
analysis collaboration,2
sonic,2
sonia saldívar,2
online social,2
gateway,2
gatherings,2
gay community,2
online spaces,2
somebody,2
online understanding,2
gay male,2
somaesthetics cultures,2
somaesthetics,2
gay people,2
solving,2
solve,2
online women,2
gallants manners,2
southeastern,2
ana castillo,2
speak women,2
spears,2
speaks american,2
future business,2
speaking speaking,2
speaking feminist,2
amish,2
speaking christian,2
future critical,2
future early,2
future edited,2
gallants,2
concepts measurement,2
spck 1991,2
oliver,2
future happened,2
future history,2
olivia,2
spartans brothel,2
spartans,2
contemporary television,2
amin,2
special collection,2
special education,2
special focus,2
ami,2
furious,2
furs,2
spectre,2
spectral,2
specters,2
fury road,2
fusing,2
spectacular,2
spectacle feminism,2
amia,2
amia srinivasan,2
fusing amputated,2
concepts methods,2
specialized,2
future asian,2
special section,2
amid covid,2
amidst,2
contemporary theatre,2
future scenarios,2
futures anthropocene,2
féminisme noir,2
féminismes et,2
space invaders,2
om,2
space french,2
space feminist,2
för,2
space antiracist,2
onda,2
gabler,2
soviet society,2
soviet silent,2
contemporary theology,2
gagasan feminisme,2
sovereign,2
gail,2
online communities,2
southern feminisms,2
southern cone,2
southern black,2
space social,2
féminisme décolonial,2
futurist,2
olympic women,2
spanish state,2
spanish manosphere,2
spanish far,2
spanish civil,2
spanish cinema,2
futurities,2
spain feminist,2
olympic games,2
spaces woolf,2
féminine,2
spaces wave,2
spaces resistance,2
spaces practices,2
spaces places,2
spaces new,2
spaces higher,2
spaces gender,2
féminins,2
spaces belonging,2
stay home,2
american century,2
freedman,2
alma,2
forschung,2
study development,2
forster,2
study chimamanda,2
study british,2
study black,2
study australian,2
study abroad,2
allá del,2
studies violence,2
forward looking,2
studies university,2
studies turkey,2
studies teachers,2
studies symposium,2
fortune,2
oeconomicus,2
studies students,2
studies stories,2
studies resources,2
forms feminism,2
study family,2
forming performing,2
forming feminisms,2
alliance feminism,2
octavia butler,2
forget endarkened,2
efas economics,2
efas,2
forgotten feminist,2
eesti,2
form resistance,2
eeo,2
contemporary music,2
study islamic,2
formative,2
study influence,2
study indonesian,2
study impact,2
study ideas,2
study health,2
oddie,2
ally mcbeal,2
studies research,2
studies reflections,2
students use,2
studies china,2
foucault ethics,2
foucault explorations,2
studies courses,2
foucault politics,2
studies contemporary,2
studies comparative,2
fought,2
foundational,2
studies classes,2
studies brazilian,2
studies pursuit,2
studies black,2
educational practices,2
studies africa,2
studies academy,2
studies 101,2
offender,2
studi tentang,2
founding feminisms,2
studi fenomenologi,2
studies disability,2
studies early,2
foucault embodied,2
educational value,2
studies programs,2
studies problem,2
oedipal,2
studies politics,2
studies online,2
educativo,2
studies modernity,2
studies lessons,2
studies learning,2
studies key,2
studies introduction,2
almanac,2
studies international,2
studies india,2
alpha,2
studies historical,2
contemporary neoliberal,2
oeuvre,2
studies essential,2
forever young,2
octavia,2
forerunner,2
alfred hitchcock,2
el derecho,2
objet,2
obligation,2
eksploitasi perempuan,2
obscene,2
alexandra,2
eksistensialis tokoh,2
obscura,2
obscura feminism,2
eisenstein ed,2
foreign policies,2
einer,2
algeria,2
contemporary iran,2
ein,2
observing,2
obstacle,2
conciliation,2
algerian feminism,2
obstacles opportunities,2
conciliation woolf,2
contemporary india,2
el estudio,2
el movimiento,2
fergus,2
fergus jane,2
elana,2
fermentation,2
oates,2
conditions rise,2
obedience,2
elaine marks,2
elaine aston,2
contemporary fashion,2
contemporary france,2
object relations,2
elaboration,2
conclusions,2
el shirazy,2
objectifying,2
objection,2
contemporary french,2
objectivism,2
contemporary irish,2
eighties,2
contemporary israeli,2
occupied japan,2
alifa rifaat,2
aligning,2
alignment,2
effeminate man,2
effeminate,2
contemporary japanese,2
aliran feminisme,2
effects post,2
oceania,2
oceno,2
oceno marzia,2
forefront,2
concerned women,2
feminism trigger,2
aliye,2
alleged,2
effect gender,2
foreign aid,2
contemporary mexican,2
efl writing,2
alifa,2
algiers,2
egg freezing,2
contemporary issues,2
algorithm,2
eighteenth nineteenth,2
algumas,2
egyptian secular,2
aliaa,2
aliaa elmahdy,2
egyptian feminist,2
contemporary italy,2
occult literature,2
alice echols,2
concerns women,2
eglantyne jebb,2
concerns mass,2
eglantyne,2
concerning women,2
exhibit,2
alicia,2
eggers,2
alternativas,2
students uk,2
stealth revolution,2
oh tumblr,2
story black,2
francisca haan,2
america 1967,2
storms,2
oh ohio,2
stories women,2
stories tell,2
stories gender,2
francisco jone,2
america andrea,2
stoic,2
storied,2
storia,2
francois,2
contemporary popular,2
contemporary radical,2
stone feminism,2
america century,2
contemporary russian,2
oil palm,2
francisca,2
story lois,2
story narrating,2
story quaker,2
frances harper,2
strategies case,2
strategies black,2
strategies 1789,2
ambivalence new,2
strategic essentialism,2
ambivalent search,2
ambivalent sexism,2
stranger rape,2
amd,2
strange case,2
frances swiney,2
conceptualizing feminist,2
strain,2
amelia jones,2
storytelling exploration,2
america 1848,2
storytellers,2
franchise star,2
stoicism,2
education overview,2
students political,2
free choice,2
fredrika bremer,2
stephens,2
stephenie meyer,2
stephenie,2
okay,2
stepford wives,2
free agency,2
step forward,2
free black,2
stem learning,2
stites women,2
free sisters,2
free women,2
american black,2
freeda,2
steinem,2
american british,2
steering,2
steelworkers america,2
steelworkers,2
american academic,2
fredrika,2
stereotip gender,2
america women,2
stir,2
stigmatizing,2
stigmatization feminism,2
america feminism,2
stigmatisation,2
stigma feminism,2
america feminisms,2
sthe,2
frankfurt,2
stevie smith,2
stevie,2
fraser fortunes,2
steroid,2
sterilization,2
education massey,2
stereotypes women,2
stereotypes ideology,2
stereotypes context,2
frederick,2
strategies inclusion,2
strategies resistance,2
strategies russian,2
struggle working,2
stuart hall,2
alternative histories,2
fracture,2
stryker,2
struggling,2
conceptualizing women,2
struggles justice,2
struggles feminist,2
alternative imaginaries,2
alternative masculinities,2
strategies used,2
contemporary poetry,2
struggle social,2
officers,2
struggle male,2
struggle liberation,2
frailty thy,2
alternatives black,2
conceptualizing gender,2
official rises,2
stubborn,2
stuck,2
concern critical,2
stud architectures,2
founding modern,2
contemporary perspectives,2
students negotiating,2
students gender,2
offending,2
offensive,2
students definitions,2
students conceptions,2
alternative approach,2
fowler,2
student teachers,2
fowles,2
educational administration,2
student experiences,2
student centered,2
student agency,2
student affairs,2
student activists,2
fox 2021,2
framed,2
education student,2
structured,2
framing global,2
framing men,2
strengths,2
fran,2
strength woman,2
strength diversity,2
fran quiroga,2
education programs,2
france 1870,2
offs,2
france netherlands,2
streams,2
streaming feminism,2
france paula,2
education practice,2
strategy women,2
strategy radical,2
education possibilities,2
frances burney,2
strategies women,2
stretching,2
framing gender,2
structure ideology,2
striking,2
education south,2
framework exploring,2
structuralism social,2
framework islamic,2
structural vulnerability,2
structural violence,2
structural inequalities,2
structural impediments,2
structural approach,2
education sociological,2
contemporary poland,2
strong reflexivity,2
strong gt,2
framing contract,2
education reform,2
stripping,2
strings,2
string figures,2
string,2
feminism troubling,2
normal woman,2
feminism transnationalism,2
et les,2
new femininity,2
consecration empire,2
1924,2
1926,2
eternally,2
consecration,2
1928 linda,2
consciousness women,2
et perspectives,2
1930 princeton,2
nature relations,2
new forms,2
et le,2
consciousness learning,2
new frontier,2
natured,2
et féminisme,2
et en,2
nature women,2
nature research,2
natured feminist,2
ethel,2
1920s 1930s,2
new father,2
navigating complex,2
construction muslim,2
new clothes,2
new conversations,2
1920 1940,2
consensus conflict,2
nausicaa,2
1920 1945,2
new developments,2
natury,2
ethical issue,2
ethical encounters,2
1920 1948,2
new discourses,2
ethical dilemmas,2
1920 cambridge,2
1920 jean,2
new europe,2
new face,2
et des,2
1936 edited,2
northern nigeria,2
essentialism intersectionality,2
este,2
estado español,2
new law,2
construction rape,2
new lesbian,2
naturalism,2
essentialists,2
new managerialism,2
feminism cognitive,2
feminism college,2
new girl,2
naturaleza,2
feminism colonialism,2
feminism combahee,2
feminism comedy,2
feminism comes,2
feminism coming,2
feminism commentary,2
essentialism comments,2
essentialism anti,2
esteem feminist,2
estelle,2
new labour,2
new knowledge,2
estudos gênero,2
1939 feminism,2
estudos feministas,2
feminism autonomy,2
nature mary,2
new goals,2
new gospel,2
new guinea,2
estudios sobre,2
consciousness feminism,2
nature feminisms,2
nature ecofeminist,2
estudio los,2
new imperial,2
estranged,2
esther tusquets,2
new key,2
estelle freedman,2
new kind,2
ethics michael,2
ethics nonviolence,2
ethics political,2
women revolutionary,2
women second,2
1906 1914,2
women rural,2
women rule,2
women romance,2
conservatives,2
women rise,2
1908 1986,2
ethnicity gender,2
women respond,2
new century,2
ethnicity feminism,2
women resilience,2
networked misogyny,2
conservative times,2
networking case,2
ethnicity education,2
women religions,2
conservative thought,2
women relationship,2
ethnographer,2
women sexism,2
naylor,2
network era,2
1902,2
eudora welty,2
consideration forgotten,2
women spiritual,2
women speaking,2
eudora,2
women spanish,2
women spain,2
ett,2
women soviet,2
ethnographies,2
women songs,2
netherlands germany,2
nazira,2
network analysis,2
ethnographic responsibility,2
ethnographic approach,2
women shelters,2
women shaping,2
women reinvention,2
networks feminism,2
women rebel,2
construction multiple,2
1914 new,2
ethnic class,2
navigation feminist,2
ethiopian women,2
conservative church,2
new alliances,2
1917 linda,2
new angels,2
1919 1939,2
new anti,2
navigating tensions,2
navigating gender,2
ethics social,2
navigating feminism,2
ethics shildrick,2
ethics sex,2
ethics science,2
new catholic,2
ethics qualitative,2
neutral,2
ethnic conflict,2
women reactions,2
neuroscience perspective,2
ethnicities,2
ethnic studies,2
netzwerk,2
women quest,2
neuro,2
1913,2
neurodivergent,2
women psychological,2
neurodiversity,2
women prisons,2
women prisoners,2
women press,2
women practice,2
neurological body,2
women postcolonial,2
conservative party,2
women popular,2
1914 1920,2
women politicking,2
feminism computer,2
natural woman,2
feminism conceptual,2
feminism equity,2
new sciences,2
new sexual,2
nationalist movement,2
connie,2
new soviet,2
new space,2
new spaces,2
feminism equality,2
winterson passion,2
feminism erotophobia,2
native son,2
feminism essays,2
wings,2
wing women,2
wing sexual,2
feminism estonian,2
new stories,2
wing feminism,2
wing authoritarianism,2
2009 2018,2
feminism encounters,2
new scholarship,2
200 years,2
new rules,2
feminism double,2
nations decade,2
feminism durham,2
new public,2
esfera,2
new radical,2
feminism ecofeminism,2
new religious,2
feminism economic,2
feminism economics,2
feminism ed,2
19th early,2
constructionist,2
feminism effective,2
feminism egyptian,2
20 years,2
feminism eighteenth,2
connotation,2
new roles,2
wine,2
new subjects,2
feminism ethnicity,2
2013 248,2
feminism fact,2
feminism failed,2
feminism failure,2
feminism failures,2
wiggins,2
constructions feminist,2
feminism false,2
new vistas,2
feminism families,2
wiesen cook,2
wiesen,2
nationalisms transnational,2
nationalisms imperialisms,2
wider,2
widening,2
feminism far,2
wide angle,2
2015 film,2
feminism fascism,2
feminism faces,2
feminism face,2
wind feminism,2
new type,2
feminism evaluation,2
feminism eve,2
new technologies,2
willows,2
willis,2
williams alchemy,2
feminism exchanges,2
william oddie,2
william blake,2
feminism exist,2
willfulness,2
willful,2
feminism experience,2
feminism experimentation,2
wilds,2
feminism expertise,2
new theoretical,2
new trends,2
2012 presidential,2
1997 edited,2
esg,2
feminism conflict,2
198,2
1975 2015,2
construction sexuality,2
feminism creativity,2
essays literature,2
1978 12,2
essays indian,2
1979 1999,2
1979 pp,2
feminism criticism,2
essays feminist,2
feminism doing,2
women centered,2
women center,2
feminism curating,2
essay black,2
women capitalism,2
feminism cyberspace,2
1980 caine,2
women called,2
new movement,2
feminism creating,2
feminism couple,2
new men,2
feminism counseling,2
feminism conflicts,2
feminism connection,2
natural language,2
feminism conservative,2
natural history,2
feminism consumer,2
feminism contesting,2
essays theory,2
feminism contexts,2
feminism continental,2
1974 1977,2
feminism continents,2
conscientious,2
1975 2000,2
feminism contradictions,2
feminism contradictory,2
feminism conundrum,2
feminism copyright,2
essays politics,2
feminism dead,2
women britain,2
feminism deborah,2
española,2
feminism developmental,2
feminism dialectical,2
new orientalism,2
women 1990s,2
1993 feminism,2
feminism dictionaries,2
feminism difficult,2
feminism dis,2
espaços,2
1994 pp,2
espacios,2
new orleans,2
1994 xiv,2
feminism dismal,2
feminism disturbances,2
native writing,2
feminism diy,2
1997 2007,2
feminism does,2
women accounts,2
new order,2
women bosnia,2
feminism design,2
conrad,2
1980 pp,2
feminism decolonial,2
feminism decoloniality,2
1981 1991,2
new new,2
esports,2
1984 pp,2
1984 xii,2
women architects,2
feminism defining,2
1985 pp,2
1986 french,2
espinoza maría,2
espinoza,2
1988 durham,2
feminism denise,2
feminism depicted,2
women afghanistan,2
1901,2
women statue,2
eugene,2
need gender,2
yee,2
need special,2
years research,2
need know,2
nel,2
exploring socio,2
exploring sport,2
exploring transformative,2
examines,2
year retrospective,2
exploring gendered,2
year old,2
exporting feminism,2
yarns,2
nelly,2
yang hadir,2
need feminist,2
exposition,2
express,2
examination feminism,2
yellow,2
yentl,2
exploring relational,2
exploring race,2
york garland,2
exploring impact,2
york crossroad,2
neighborhood,2
exploring instances,2
neighborhoods,2
york berghahn,2
neighbourhood,2
yonge,2
yoga,2
exploring platform,2
yingying,2
exploring politics,2
exploring possibilities,2
yielding gender,2
yielding,2
yiddish,2
yi,2
yesterday,2
expressed fashion,2
constitutional law,2
xxvi,2
evidenced,2
wye,2
eyquem,2
ezeigbo,2
wu radicals,2
ezeigbo snail,2
wrought,2
ezekiel,2
faat,2
constitution grounds,2
fabric charlene,2
writings women,2
neo malthusianism,2
writings black,2
need conception,2
writing working,2
everyday politics,2
writing waves,2
face power,2
writing stone,2
wye herefordshire,2
evoking,2
xxii,2
1861,2
neo conservatism,2
xx century,2
extended mind,2
xviii,2
evolution national,2
extension,2
xv 279,2
extension feminism,2
external,2
need conceptual,2
extraction,2
extractivism,2
extracts,2
neo feminist,2
evolution character,2
neo gothic,2
evolution black,2
xi 271,2
constitutional choices,2
york harper,2
negro women,2
everyday political,2
zhen anarcho,2
expanding palace,2
zimbabwe promises,2
needs feminist,2
expectations gender,2
zika,2
zia faith,2
zia,2
zhu,2
zhong,2
expectations women,2
exploring feminist,2
expected,2
zhang ailing,2
expenditure,2
experience domestic,2
negotiating gendered,2
zen,2
zeiten,2
zeineddine pioneer,2
zeineddine,2
neera,2
zine network,2
zine networks,2
negation,2
construcción social,2
exiles marxism,2
exeter press,2
exist resist,2
negotiating care,2
existence simone,2
exercise social,2
negative affects,2
existential philosophy,2
exercise feminism,2
existentialism feminism,2
existentialism review,2
exemplary,2
zone books,2
exodus,2
exoticism,2
zionism feminism,2
negotiating discourses,2
zion,2
zed books,2
negotiating identities,2
zealand women,2
explainable,2
negritude,2
explanations official,2
explicating,2
excerpted,2
need theory,2
exploiting feminism,2
exceptionalist imaginaries,2
exploration women,2
exceptionalist,2
explorations tensions,2
exceptional,2
negro negro,2
examining women,2
exploring complexities,2
exploring differences,2
exploring dynamics,2
exploring experiences,2
exploring female,2
examining gender,2
needed,2
negra,2
excuse,2
negotiations narrativity,2
zaynab al,2
needs engage,2
zayas early,2
negotiating spaces,2
zapatista women,2
zapatista,2
zapatismo,2
constraint,2
negotiation feminist,2
zahra,2
constructing race,2
ywca usa,2
excursions,2
exclusión,2
yusuf,2
exclusivity,2
exclusive,2
experimental writing,2
negotiations feminism,2
writing skin,2
facebook feminism,2
women stem,2
neoliberalism stealth,2
womenâs studies,2
european enlightenment,2
neoliberalism robin,2
womenomics,2
women year,2
19 crisis,2
european cultural,2
european countries,2
190 pp,2
neoliberalisms,2
family affair,2
women working,2
women workforce,2
european agenda,2
neoliberalization,2
europe women,2
neologisms,2
neonatal,2
women west,2
women weekly,2
family institution,2
neoliberalism post,2
18th,2
wonder women,2
family america,2
family business,2
family centered,2
family communication,2
family context,2
family domestic,2
family england,2
family ethics,2
1896 1935,2
word power,2
european feminists,2
1898,2
woolf unwritten,2
woolf orlando,2
family feminist,2
family firms,2
1899 1940,2
wong,2
wonderland,2
women warriors,2
1900 1930,2
women wall,2
construction global,2
ness,2
women theatre,2
eurasian borderlands,2
nbsp,2
nazira zeineddine,2
women tattoos,2
eurasian,2
women susan,2
1900 new,2
women substantive,2
women subordination,2
considerations feminism,2
eugenics victorian,2
eugenia cotera,2
women student,2
1900s,2
eugenia,2
women stir,2
women stereotypes,2
women tradition,2
women trans,2
women vote,2
women transforming,2
neonatal intensive,2
women voice,2
women violence,2
women views,2
women video,2
europe new,2
women victim,2
women versus,2
women veil,2
europe liberal,2
consistent,2
women understandings,2
considerations research,2
europe 1870,2
nde,2
euripides,2
1900 1940,2
women translators,2
women transition,2
1891,2
european perspective,2
writing realism,2
need belong,2
factor structure,2
writ large,2
1876 1928,2
factories,2
everybody passionate,2
need concept,2
wreckage liberation,2
need black,2
wreck,2
event letters,2
1890s brief,2
construction black,2
fading feminism,2
failed feminism,2
neoliberal economy,2
1879 1934,2
188,2
construction femininity,2
failures feminism,2
1880 1920,2
neoliberal academy,2
1874 1939,2
fact fin,2
1870 1967,2
writing reading,2
facebook instagram,2
writing postcoloniality,2
facebook users,2
facebook women,2
writing gender,2
faced female,2
everyday feminist,2
neocolonialism,2
writing experience,2
writing domestic,2
writing culture,2
neoconservatism,2
facial recognition,2
writing 1660,2
facing feminism,2
writers occult,2
writers late,2
constituting,2
evasion,2
world social,2
world religions,2
faith lives,2
working man,2
working life,2
working home,2
1884,2
working farm,2
working conditions,2
neoliberal political,2
1888,2
fake news,2
workers union,2
workers perspectives,2
fall feminism,2
fall socialism,2
fallen city,2
neoliberal state,2
construction gendered,2
neoliberal universities,2
false consciousness,2
europeanization,2
working men,2
working woman,2
fair play,2
1881,2
fair sex,2
conspicuous,2
fairer sex,2
world islamic,2
world history,2
world girls,2
evans eds,2
evangelicalism feminism,2
1880 1930,2
world change,2
neoliberal governmentality,2
1880 1939,2
1880 young,2
works lou,2
works late,2
works julia,2
evangelical christianity,2
faith based,2
1880s second,2
connell,2
wi,2
whyistayed,2
energy research,2
feminism participatory,2
50 shades,2
feminism party,2
eng,2
enforcement illinois,2
feminism performances,2
feminism periodical,2
500,2
energy transition,2
feminism persuasive,2
feminism oral,2
nash black,2
non disclosure,2
51,2
feminism philanthrocapitalist,2
feminism philanthropy,2
feminism philippine,2
energy justice,2
feminism physical,2
feminism place,2
feminism participation,2
feminism paris,2
feminism parallel,2
feminism paradigms,2
conflicts women,2
feminism orientation,2
feminism original,2
feminism origins,2
feminism orlando,2
feminism orthodoxy,2
feminism outrage,2
48,2
conflicto,2
feminism oxfordshire,2
480,2
480 pp,2
feminism oxymoron,2
engage feminism,2
49 50,2
feminism papers,2
4th,2
50 00,2
non conforming,2
feminism play,2
non english,2
feminism poetics,2
feminism poverty,2
feminism practical,2
endeavor,2
feminism prairie,2
non violence,2
feminism present,2
narratology feminism,2
narratological,2
feminism pro,2
narrativo aportes,2
nonfeminist,2
narrativo,2
feminism prologomena,2
feminism promoting,2
feminism promotion,2
narrativity abused,2
feminism protecting,2
endah,2
feminism psychotherapy,2
end twentieth,2
endeavors,2
feminism postwar,2
nascent,2
non profit,2
feminism poland,2
non fiction,2
feminism politic,2
energy care,2
non heterosexual,2
feminism population,2
narrow,2
feminism portrayal,2
feminism portrayed,2
feminism possibilities,2
non indigenous,2
endorse,2
non labelers,2
feminism postcoloniality,2
endless,2
feminism postimperial,2
non monogamy,2
ending sexual,2
feminism postsocialist,2
nomadic consciousness,2
feminism open,2
feminism quality,2
feminism model,2
england 1880,2
372 pp,2
feminism mexican,2
feminism mexico,2
feminism migrant,2
nation american,2
confronting beauty,2
feminism misogyny,2
feminism mixed,2
engl,2
engage postsocialism,2
40 hb,2
engines,2
engineering social,2
feminism monied,2
engineering identity,2
feminism morocco,2
engendering social,2
ninguém,2
construindo,2
feminism methods,2
nation domestic,2
feminism metaphor,2
feminism mental,2
337 philosophy,2
nina,2
nation empire,2
349,2
350,2
feminism masculinities,2
english fiction,2
english arabic,2
feminism maternal,2
feminism matter,2
confronting gender,2
nineteenth centuries,2
354,2
36 95,2
england sarah,2
confronting fundamentalisms,2
england joy,2
england case,2
feminism mena,2
feminism movies,2
niunamenos,2
engendering global,2
feminism neurological,2
432,2
engagements feminism,2
noire,2
45 years,2
nasser egypt,2
feminism nigerian,2
46 00,2
engagement modernity,2
feminism northern,2
feminism note,2
engagement international,2
engagement feminist,2
engagement feminism,2
engaged pedagogy,2
464 pp,2
feminism objectification,2
nashima,2
conforming,2
feminism old,2
engaging feminism,2
engaging feminisms,2
4039,2
engaging feminist,2
feminism multilevel,2
feminism multiracial,2
nathaniel,2
natasha,2
416,2
feminism musical,2
engendering development,2
nobel,2
engendered encounters,2
feminism naomi,2
natalia,2
420,2
43,2
noel,2
feminism nationalist,2
feminism natural,2
noh,2
nasty,2
feminism negative,2
feminism pueblo,2
end socialism,2
feminism marx,2
feminism spoil,2
empowerment neoliberal,2
feminism southern,2
conflict resolution,2
feminism spain,2
abortion feminism,2
feminism spanish,2
feminism spirit,2
abortion movement,2
abortion myth,2
abortion rights,2
feminism shape,2
abortion social,2
feminism sports,2
empowerment liminal,2
feminism strange,2
feminism strategic,2
conflict related,2
abraham,2
narrative inquiry,2
empowerment latin,2
narrative modernity,2
feminism soul,2
feminism sons,2
abortion decision,2
normality,2
narrative practice,2
empowerment women,2
normals,2
feminism sisters,2
feminism slavery,2
empowerment participation,2
empowerment paradigm,2
feminism socialist,2
conflict situations,2
abomination,2
abomination violence,2
feminism society,2
feminism sociological,2
abordaje,2
abortion britain,2
normative masculinity,2
normative violence,2
feminism solitudes,2
conflict change,2
north east,2
feminism surveillance,2
narrativas como,2
empowerment agency,2
feminism theorizing,2
empowering strategies,2
feminism thesis,2
conflict american,2
feminism thomas,2
feminism tibet,2
empowering female,2
empowered woman,2
abstractness,2
absurd,2
feminism tool,2
empowered popular,2
empower women,2
northern europe,2
abuse excuse,2
feminism transforming,2
narrations,2
narrating japanese,2
abstinence,2
feminism theological,2
feminism sustainable,2
empowerment black,2
feminism suzanne,2
north ireland,2
feminism sylvia,2
consumer society,2
feminism systemic,2
feminism takes,2
north west,2
feminism talk,2
feminism taoism,2
empowerment discourse,2
feminism technological,2
absence women,2
northanger,2
feminism teenagers,2
feminism telehealth,2
northanger abbey,2
feminism textuality,2
absolute,2
feminism theater,2
feminism shelley,2
emu,2
feminism queerness,2
encounter feminism,2
feminism reframing,2
feminism regional,2
feminism reimagining,2
encountered,2
99 isbn,2
feminism relational,2
feminism relationships,2
encounter women,2
feminism religiosity,2
feminism remasculinization,2
en brasil,2
narratives male,2
narratives local,2
feminism represented,2
encoding,2
99 pbk,2
feminism republican,2
nordeste,2
feminism researching,2
feminism resets,2
feminism reforms,2
feminism reflecting,2
nonverbal,2
feminism reference,2
feminism quest,2
end press,2
end patriarchy,2
end depoliticised,2
feminism radicalism,2
end capitalism,2
narratives sexual,2
feminism readings,2
nonlinear,2
encrucijada,2
nonlinear history,2
feminism rebooting,2
feminism rebuttal,2
nontraditional,2
feminism recent,2
feminism reclaimed,2
feminism reclaiming,2
feminism reconsidered,2
feminism recovery,2
abad 19,2
abbey,2
abbey sense,2
feminism ruth,2
feminism sadomasochism,2
feminism sand,2
narratives contemporary,2
feminism savagery,2
norm transfer,2
narrative strategies,2
feminism scottish,2
narrative standpoint,2
feminism search,2
en conflicto,2
feminism security,2
normal jack,2
en colombia,2
feminism selected,2
sofia,2
ableist,2
abnormality,2
en castilla,2
abolish,2
abigail,2
en latinoamérica,2
enactments,2
abierta,2
abbott,2
abc,2
abdominal,2
conflicting feminisms,2
abdominal aortic,2
narratives history,2
feminism retelling,2
enacting black,2
feminism revealed,2
enact,2
feminism revival,2
nordic research,2
abdul quddus,2
en una,2
narratives gender,2
en su,2
feminism rle,2
en plural,2
feminism root,2
nilsson,2
feminism marquis,2
feminism fatema,2
feminism heterosexuality,2
nationalism labour,2
wave wave,2
wave trans,2
feminism hasn,2
conjuring,2
feminism healthcare,2
feminism hegel,2
213,2
feminism heroism,2
wave debate,2
wears,2
environmental law,2
wave contemporary,2
wave anthology,2
wave american,2
wave agenda,2
214 pp,2
feminism highly,2
watershed,2
environmental issues,2
feminism hardcopy,2
feminism hard,2
waves dialogue,2
20th centuries,2
wearable,2
204 cloth,2
news representations,2
feminism greek,2
connecting girls,2
feminism group,2
feminism grrrl,2
207,2
feminism habermas,2
way reflection,2
way life,2
way forward,2
newspaper reporting,2
feminism hannah,2
waxes red,2
waxes,2
waving,2
feminism happiness,2
waves french,2
water governance,2
21st centuries,2
watching women,2
warfare gender,2
feminism importance,2
national union,2
ward claims,2
feminism inclusion,2
national transnational,2
war world,2
entrevista,2
war war,2
230,2
entrepreneurship systematic,2
entrepreneurship research,2
feminism indo,2
entrepreneurship policy,2
feminism infertility,2
national survey,2
feminism informs,2
236,2
want wear,2
want feminism,2
229,2
waris,2
nexus feminism,2
national woman,2
environmental history,2
nationalism feminist,2
feminism house,2
waste land,2
constructions self,2
nationalism competing,2
washington review,2
washington dc,2
221,2
feminism idea,2
feminism ideas,2
wars twilight,2
wars benevolent,2
222,2
environmental crisis,2
227,2
ngo ization,2
ngoization,2
warnings,2
news reports,2
connection queer,2
wanita tokoh,2
newman,2
feminism forming,2
epistemic exclusion,2
episodes,2
newark,2
newbury,2
newbury park,2
feminism freewoman,2
newcomers,2
2019 pp,2
202,2
weaving stories,2
western democracies,2
nationalism politics,2
western countries,2
western canada,2
2020 03,2
west virginia,2
west reflection,2
feminism frontlines,2
feminism fundamentalism,2
feminism forever,2
epistemic justice,2
feminism folk,2
nationalism united,2
feminism fellini,2
new womanhood,2
2016 2019,2
white working,2
2016 election,2
epistemológicos,2
epistemológicas,2
white snake,2
connectivity,2
epistemology psychology,2
connectivities,2
epistemology gender,2
epistemological reflections,2
connective action,2
feminism fin,2
2017 isbn,2
epistemological chasms,2
feminism firearms,2
feminism focus,2
news articles,2
west german,2
west european,2
weighty,2
weight loss,2
feminism genre,2
environments shape,2
news coverage,2
feminism girish,2
weibliche,2
weeks,2
weekly,2
weekend,2
week,2
environmentalism feminism,2
weed,2
203 pp,2
feminism gisela,2
news feminism,2
feminism globalism,2
web series,2
web life,2
2030,2
envision,2
weimar,2
west bank,2
feminism general,2
feminism futures,2
wesleyan,2
werner,2
weren,2
feminism futurity,2
feminism game,2
enwr 1510,2
welty,2
welsh,2
2020 pp,2
wellington new,2
wellington,2
2020 women,2
2020s,2
2022 312,2
feminism gayl,2
2022 pp,2
enwr,2
envisioned,2
238,2
wanita karya,2
feminism marketing,2
enlightened women,2
visibility hashtag,2
visibility gender,2
visibility feminism,2
visibility agency,2
295,2
nation nationalisms,2
visibilidade,2
feminism letters,2
296,2
virtuous custom,2
nation women,2
2nd edition,2
feminism liberalism,2
feminism libertarian,2
30 years,2
virtually,2
virtual reality,2
enlarged,2
304,2
nightingale uma,2
visibility intersectional,2
visibility new,2
293 46,2
visible real,2
feminism learn,2
feminism led,2
visual representation,2
feminism leftist,2
nigerian drama,2
nigerian literature,2
enlightenment britain,2
vistas,2
feminism legality,2
visions new,2
feminism legalization,2
visions motherhood,2
visions feminist,2
feminism legislative,2
feminism leisure,2
visionary feminism,2
confucian care,2
vision difference,2
293,2
feminism lilongwean,2
nightmare,2
306,2
nation gender,2
nation feminist,2
feminism lynne,2
feminism mahogany,2
confronting imperialism,2
nike primal,2
feminism malaysia,2
feminism malaysian,2
english women,2
322 pp,2
feminism man,2
feminism management,2
325 pp,2
feminism manon,2
english translation,2
feminism marginalisation,2
nikki,2
333 transnational,2
nation feminism,2
nilai nilai,2
feminism lost,2
englishwomen,2
virginia phiri,2
feminism logic,2
308,2
31,2
feminism line,2
virago 1987,2
feminism lite,2
violência gênero,2
feminism literacy,2
enjeux,2
violette leduc,2
violette,2
enhancing women,2
violent crime,2
violent contexts,2
feminism literatures,2
feminism little,2
violencia contra,2
315,2
nightwood,2
feminism living,2
visualizations,2
vita,2
conhecimento,2
feminism intersection,2
feminism internet,2
national heritage,2
248 pages,2
feminism interrogating,2
wahl rabine,2
feminism interrupted,2
wages whiteness,2
wages war,2
wages housework,2
nicaraguan women,2
feminism laura,2
wafa,2
wadud analisis,2
feminism interspecies,2
wade,2
entitled,2
2519,2
national health,2
věra chytilová,2
věra,2
waking,2
walby,2
feminism internationalism,2
entrepreneurship internationalization,2
239,2
feminism instagram,2
wang,2
wanderer,2
walsh,2
wallin janice,2
wallin,2
wallach scott,2
wallach,2
wallace eds,2
239 pp,2
national study,2
national politics,2
walking tightrope,2
240 pages,2
walker womanism,2
national liberation,2
242,2
244,2
2519 5476,2
feminism introductory,2
feminism ir,2
voices lens,2
voices contemporary,2
feminism kidd,2
voicelessness visibility,2
feminism kinship,2
feminism kuwait,2
nietzschean,2
entangled dreams,2
confusion,2
feminism ladies,2
vogel,2
voet feminism,2
ensino,2
enrollment,2
vocational education,2
vocational,2
vocation,2
enquiry,2
viv,2
vitality,2
entangled feminisms,2
feminism julia,2
feminism irish,2
national action,2
enters,2
enterprises,2
feminism isn,2
national council,2
feminism israeli,2
national context,2
feminism issues,2
national coalition,2
entanglements gender,2
feminism james,2
nicola slee,2
feminism janet,2
entanglements context,2
feminism javanese,2
feminism jean,2
nicolas,2
national analysis,2
feminism journal,2
feminism journalism,2
ontario farm,2
oppression black,2
société,2
intellectual disability,2
defensa la,2
interconnectedness,2
interconnecting,2
interconnections feminism,2
defensa,2
intercultural ethics,2
interculturalism,2
interdependent,2
defending liberal,2
defenders,2
interests state,2
phenomenology film,2
phenomenology reply,2
interfering,2
phenomenon nationalism,2
intermingling,2
criminology agenda,2
internalized,2
deepfake,2
defense feminism,2
interactionist bridge,2
interactionism,2
criminalising,2
defining wave,2
intellectual tradition,2
intellectual traditions,2
defines,2
intelligentsia,2
intended,2
intense,2
intensity,2
criminality,2
interaction feminism,2
intent,2
criminalizing,2
defined revolutionary,2
intentions women,2
defined,2
phenomenological approach,2
interact,2
defense transracialism,2
international crimes,2
international democratic,2
international environmental,2
interpret,2
internet mediated,2
crisis austerity,2
decolonizing universalism,2
interpersonal power,2
interpersonal relationships,2
decolonizing theory,2
interplay feminism,2
philippines legacy,2
interpretation genealogy,2
internet discourse,2
interpretations feminism,2
interpreters,2
decolonization afro,2
queer identity,2
queer history,2
decolonising global,2
decolonising development,2
interrogating gender,2
crisis 21st,2
internet age,2
deep learning,2
philanthropic,2
crip theory,2
international feminist,2
international handbook,2
international history,2
decriminalizing,2
philanthrocapitalist framing,2
deconstruction reconstruction,2
international organizations,2
international social,2
philanthropy women,2
international struggle,2
international struggles,2
cripping,2
international welfare,2
deconstruction history,2
internationalen,2
deconstruction bible,2
deconstructing gender,2
intellectual freedom,2
defining women,2
reassessing significance,2
intellect renaissance,2
inspectors,2
real knockouts,2
inspiration,2
reagan,2
inspired,2
dekada,2
reads,2
readings politics,2
readings feminism,2
instinct,2
deities,2
reading women,2
reading social,2
reading second,2
reading popular,2
reading materials,2
institutes,2
reading images,2
reading history,2
insights challenges,2
dekada 70,2
realism contested,2
del discurso,2
del rey,2
del post,2
reasoning race,2
injury power,2
reasonable,2
reason passion,2
created woman,2
rearticulations,2
really need,2
dekonstruksi,2
innocence feminism,2
del cuerpo,2
creating space,2
creative process,2
realist perspective,2
realisms,2
realism universalism,2
insecurities,2
reading gender,2
reading feminist,2
degrees,2
integral feminism,2
creek,2
instruction,2
degeneration,2
instrumental,2
creepy,2
cressida,2
crime punishment,2
crime sexuality,2
criminal court,2
institutioning commoning,2
defy,2
integrating feminist,2
deforestation,2
integration feminism,2
integration united,2
integrativa da,2
definitive,2
definitional,2
razack,2
institutioning,2
reading esther,2
reader feminism,2
reading discussion,2
reading diffractively,2
reading culture,2
reading black,2
reading amp,2
institutional contexts,2
readership,2
readers writing,2
institutional feminism,2
raíces,2
institutional politics,2
reactions gender,2
degree master,2
institutionalism idiom,2
reaction feminism,2
institutionalist,2
institutionalized feminism,2
reach,2
queer families,2
queer color,2
interrogating patriarchy,2
interrupting,2
public discourse,2
public debt,2
public attitudes,2
public attention,2
public agenda,2
intimate scholarship,2
intimate violence,2
puberty,2
intoxicated,2
psychosomatic feminism,2
psychosomatic,2
philosophy ella,2
psychosexual,2
psychopolitics,2
psychopharmacology,2
psychometric,2
intrapartum,2
psychology undergraduate,2
psychology transition,2
public education,2
public environment,2
decadence sara,2
public scholarship,2
publications 1998,2
interview study,2
philosophy comparative,2
public spaces,2
philosophy economics,2
public service,2
public secrets,2
interwar feminism,2
interwar france,2
intimate images,2
interwar years,2
interweaving,2
december,2
decay,2
decades feminism,2
intimate connection,2
public law,2
intimate feminism,2
psychology social,2
debra,2
psychology resistance,2
debate female,2
crisis authority,2
psychoanalysis second,2
psychoanalysis resolution,2
introduction theories,2
introduction volume,2
psychoanalysis new,2
psychoanalysis maternal,2
introduction western,2
introductory courses,2
philosophy methodology,2
psychoanalysis early,2
psychoanalysis critical,2
introductory essay,2
intuitive,2
invaders,2
psycho social,2
invasion,2
psychical,2
psychoanalyst,2
introduction philosophy,2
psychology religion,2
debates theories,2
deborah cameron,2
debating kemalism,2
psychology political,2
introducing critical,2
psychology missing,2
introducing redemption,2
psychology contemporary,2
psychology anorexia,2
philosophy history,2
psychoanalytic perspectives,2
introduction history,2
introduction ideas,2
introduction interrogating,2
introduction intersectional,2
psychological distress,2
introduction mapping,2
introduction mary,2
philosophy law,2
publicness,2
interview jane,2
interview iris,2
qing,2
qualitative content,2
intersectional models,2
intersectional music,2
qualified defense,2
qualified,2
quakers,2
quaker women,2
intersectional oppression,2
qin liangyu,2
intersectional framework,2
qin,2
qatar,2
intersectional refraction,2
intersectional solidarity,2
intersectional standpoint,2
intersectional thought,2
puzzle,2
intersectional turn,2
philosophical essays,2
qualitative inquiry,2
puts,2
quantifying,2
decolonising curriculum,2
phillis,2
interseccionalidades,2
intersect,2
quddus,2
intersecting feminism,2
phillis wheatley,2
quantitative methods,2
quality television,2
qualitative investigation,2
decolonial resistance,2
decolonial reflections,2
decolonial insights,2
intersectional critique,2
philosophical approaches,2
qualitative quantitative,2
qualitative psychological,2
philosophical assessment,2
decolonial black,2
intersectionality education,2
interview elizabeth,2
puisi aku,2
punitive state,2
intervenciones,2
decertification,2
punishing,2
pumps,2
pulpit,2
pulling devil,2
intervention disruption,2
intervention gender,2
punjab pakistan,2
interventionen,2
interventions domestic,2
puente,2
pueblo cultures,2
interventions reflections,2
publishing publishing,2
decentering whiteness,2
publishing feminism,2
intertwining,2
intertwined,2
decolonial analysis,2
philosophical study,2
intersectionality gender,2
intersectionality research,2
pursuit public,2
pursuit feminism,2
pursuit equality,2
philosophical reflections,2
intersectionality transnational,2
pursue magic,2
purposes,2
philosophizing,2
intersections postcolonialism,2
intersections race,2
purnomo study,2
intersections science,2
intersektionalitet,2
puritanism,2
intersektionalität,2
philosophies science,2
reassessing feminist,2
initiation,2
gbv,2
relax,2
inclusión,2
income feminism,2
relational understanding,2
relational ontologies,2
relational feminist,2
income welfare,2
relational approaches,2
relational approach,2
incommensurability,2
relation gender,2
incompatibility,2
relating feminisms,2
incorporating feminist,2
related sexual,2
related quality,2
related beliefs,2
related attitudes,2
incorporating intersectionality,2
relasi kuasa,2
relations community,2
relations conversations,2
inclusive teaching,2
relationship satisfaction,2
include,2
relatives,2
democratic state,2
relationships women,2
relationships gender,2
relationships feminist,2
inclusion black,2
inclusion exclusion,2
relationship mother,2
relations feminist,2
relationship male,2
inclusion trans,2
relations women,2
democratic practice,2
inclusive identities,2
relations post,2
relations politics,2
relations perspective,2
relasi gender,2
increasingly,2
relaciones internacionales,2
indianapolis,2
registers,2
indian feminist,2
indian kitchen,2
coy,2
democracy education,2
democracy assistance,2
regiment,2
regime case,2
indianapolis indiana,2
regressive,2
regency,2
regarding female,2
indians,2
refusing man,2
indie television,2
refusals,2
indigenizing,2
refuges,2
registration,2
cowboy,2
incubation,2
reimagining feminism,2
democratic equality,2
democratic confederalism,2
reinvention political,2
reinventing wheel,2
democratic backsliding,2
index 30,2
reintegration,2
index isbn,2
indexicality,2
regulation resistance,2
reimaging,2
covid scp,2
india caste,2
reilly,2
rehman,2
india margaret,2
india perspective,2
regulation theory,2
cousins sexual,2
incidents,2
reassessment scott,2
relevansinya,2
imperialist feminism,2
implants,2
implementation gender,2
demokrasi,2
implications adult,2
implications contemporary,2
implications digital,2
implications family,2
courses international,2
implications political,2
implications research,2
implications south,2
implications women,2
implied,2
implikasinya,2
implosion,2
demography rise,2
importance feminism,2
court human,2
imperialisms ireland,2
imperialism orientalism,2
demos,2
representation parliament,2
dengan bibir,2
representations female,2
impact western,2
den dilemmas,2
impact work,2
representation woman,2
representation wave,2
representation turn,2
representation pakistani,2
imperial wars,2
den critical,2
representation liberal,2
representation knowledge,2
impacts feminist,2
impacts women,2
impartial,2
demystifying,2
demos neoliberalism,2
imported feminism,2
imposition,2
demographics,2
religion feminist,2
incarcerated women,2
religion social,2
religion security,2
religion psychology,2
religion price,2
religion north,2
religion modern,2
incarcérées,2
courtivron,2
inadequacy choice,2
courtship,2
religion contemporary,2
democratization politics,2
religion 21st,2
democratic transition,2
reliability,2
relevant task,2
relevansinya dengan,2
inappropriate,2
religious attitudes,2
imprisonment,2
religious history,2
improper,2
relocating,2
reloaded,2
religión,2
religious women,2
democrática radical,2
religious movements,2
religious hypocrisy,2
religious gender,2
improving women,2
religious feminist,2
religious feminisms,2
improved,2
religious education,2
religious dissent,2
religious discourses,2
courting,2
religious cultural,2
refugees asylum,2
dementia,2
indigenous australians,2
refugee self,2
influence film,2
reconciliation commission,2
influenced contemporary,2
reconcilable differences,2
reconcilable,2
reconceptualization,2
crafts,2
influences québec,2
deleuzian feminism,2
influential,2
deleuzian approach,2
recognising,2
reclamation renewal,2
informal institutions,2
informal stem,2
reclaiming european,2
reclaiming cultural,2
informatics,2
reclaiming archive,2
reconciling feminism,2
influence feminist,2
reconfigurations,2
craftivism,2
red mansions,2
inequality talk,2
inequality workplace,2
inequitable,2
inertia,2
inevitable,2
inez,2
infamous,2
infants,2
deliberate,2
infected,2
infected planet,2
infertile,2
infidelity,2
infinite,2
reconsideration cultural,2
influence construction,2
reconhecimento,2
deleuze ruin,2
crake,2
reclaim,2
inherited,2
ingeborg,2
rebooting franchise,2
ingeborg bachmann,2
crazy rich,2
inggris s1,2
del sexismo,2
rebellious body,2
inheritances,2
rebel rise,2
recapturing,2
rebel girl,2
inheriting,2
cream,2
rebecca munford,2
rebecca karl,2
rebecca goldstein,2
del secolo,2
initial teacher,2
rebuttal,2
del siglo,2
information intersectional,2
recently,2
crawford,2
recientes,2
deleuze key,2
receptions,2
crazier,2
reception feminist,2
reception analysis,2
informing,2
recentering,2
delany,2
informs,2
informática,2
infrapolitics,2
infrastructural,2
deleuze dictionary,2
infrastructuring,2
receiving,2
infusing,2
crafting feminist,2
red representation,2
reddit,2
coy mistress,2
reflexivity quantitative,2
reflexivity qualitative,2
reflexivity positionality,2
individual cause,2
reflexive politics,2
individualised,2
dels feminismes,2
reflective practice,2
individualism liberalism,2
reflexión,2
reflections theory,2
reflections theme,2
reflections teaching,2
reflections south,2
reflections radical,2
reflections politics,2
reflections margaret,2
reflections living,2
reflexivity research,2
indissociable,2
individualist,2
refraction abolition,2
refugee girls,2
refugee crisis,2
refugee asylum,2
indigenous black,2
indigenous ecological,2
demands immigrants,2
reframe,2
refrains,2
refraction,2
refocusing,2
demanding equality,2
reformist,2
reformation,2
indigenous research,2
reform revolution,2
indigenous roots,2
indigenous woman,2
indigenous womens,2
reflections journey,2
reflections history,2
rede,2
industrial relations,2
delivered,2
industrial locale,2
redressing,2
redress,2
redoing feminism,2
cracks,2
redneck,2
redistribution recognition,2
redirecting,2
induction,2
redesigning,2
industrial work,2
delinquent,2
industry clients,2
redefining french,2
inequalities gender,2
redefining black,2
delilah,2
redux,2
cracking,2
reflections global,2
indonesia dalam,2
dels,2
reflections black,2
delphy,2
della donna,2
reflection liberal,2
della,2
indonesia case,2
reflecting years,2
indonesian female,2
referee,2
indonesian feminist,2
indonesian folktales,2
indonesian muslim,2
indonesian muslims,2
refiguring,2
indonesian novel,2
reference sources,2
delivered australian,2
death physician,2
inventing women,2
death female,2
current situation,2
policy case,2
critique collusion,2
policy elizabeth,2
cultures gender,2
policy joni,2
postfeminist trends,2
postfeminist times,2
policy preferences,2
cultures feminisms,2
postfeminist era,2
cultures 1879,2
postfeminist contradictions,2
postfeminist beauty,2
postfeminist age,2
policy research,2
postfeminism women,2
postfeminism popular,2
postfeminism neoliberalism,2
postfeminism contemporary,2
postimperial,2
postimperial nation,2
postindustrial,2
postmodern post,2
criticism feminist,2
postmodernism lesbian,2
criticism gender,2
postmodernism gender,2
criticism literary,2
postmodernism critique,2
postmodernism central,2
policing visible,2
postmodern legal,2
postkoloniale,2
cuomo feminism,2
cuomo,2
postmodern culture,2
postmodern age,2
criticisms,2
criticizing,2
cultures technologics,2
postkolonialen,2
culture subjectivity,2
poster,2
culture study,2
post modernismo,2
culture postfeminist,2
politely advancing,2
culture political,2
culture poetry,2
post postfeminism,2
critique lisa,2
culture new,2
post neoliberal,2
politic technology,2
post suffrage,2
critique mandatory,2
political actors,2
critique modernity,2
culture marriage,2
culture making,2
critique patriarchy,2
post critical,2
culture life,2
politely,2
post transition,2
culture studies,2
culture radical,2
culture sophia,2
policy responses,2
critique et,2
culture sex,2
culture series,2
policy social,2
culture reading,2
policy studies,2
policy women,2
post trump,2
policymaking,2
critique experience,2
culture race,2
culture queer,2
post women,2
poligami dalam,2
polina,2
polina mackay,2
police violence,2
postnatal depression,2
philosophy new,2
postnational feminism,2
power reading,2
power prostitution,2
cyber harassment,2
power possibilities,2
power popular,2
critical response,2
power political,2
plus ça,2
power pedagogy,2
power memory,2
power love,2
power limits,2
power leela,2
podcasting,2
power language,2
podcasting feminism,2
power influence,2
power ideology,2
critical sociology,2
pluriversal,2
cyberbullying,2
cyberfeminists,2
critical realist,2
critical praxis,2
plaza,2
da literatura,2
plaza mayo,2
critical qualitative,2
pleasure consuming,2
czech feminism,2
czech cinema,2
pleasures feminism,2
cybernetics,2
cynthia crysdale,2
plotinus,2
cyclone,2
cycles,2
cyborgs science,2
pluralist feminism,2
critical research,2
cybernetics feminism,2
power global,2
critical spaces,2
poehler,2
postsocialist china,2
postwar japanese,2
poetry reading,2
curse,2
posture,2
point feminism,2
poststructural feminist,2
poststructural feminism,2
poststructural discourse,2
critical writing,2
curtain,2
poison,2
curriculum studies,2
postsecular feminism,2
postscript,2
postracial,2
postpositivist,2
postpartum period,2
pole dancing,2
postwar reconstruction,2
poetry china,2
critical systems,2
pour les,2
power dynamics,2
poems feminism,2
customary,2
power body,2
poems sylvia,2
power age,2
poverty gender,2
poetess,2
potter books,2
potency,2
poetics politics,2
potentially,2
curtis,2
potentialities,2
potential feminism,2
potential contemporary,2
critical traditions,2
poetry adrienne,2
culture investigating,2
post 1989,2
culture home,2
possible critiques,2
politics visible,2
politics turkey,2
politics trinh,2
crossing borders,2
cultural affective,2
politics transition,2
cultura popular,2
politically engaged,2
cultivating ethical,2
politics smart,2
politics sisterhood,2
politics sexuality,2
crossing boundaries,2
politicising,2
cultivate,2
politics science,2
politics schooling,2
politics rise,2
cult ure,2
politics vulnerability,2
politics water,2
political young,2
cultural citizenship,2
cultural contradictions,2
cultural context,2
polskim,2
pollution,2
pollock,2
political theoretical,2
cultural competence,2
politischen den,2
politiques,2
politics western,2
cultural challenges,2
crossing border,2
politics world,2
cultural boundaries,2
politics work,2
political whiteness,2
politics woman,2
politics witnessing,2
cuidados,2
cui yingying,2
cui,2
politics making,2
politics movement,2
politics motherhood,2
cuando,2
ct yale,2
politics medicine,2
politics mass,2
politics masculinity,2
politics mary,2
crossroad 1989,2
politics naming,2
crítica para,2
crítica del,2
crossroads gender,2
création,2
crown,2
crysdale,2
crt,2
crying,2
politics muslim,2
crossover,2
crossing divide,2
cuerpos,2
cuestión del,2
politicking politely,2
cuestiones,2
politics reading,2
politics radical,2
politics protection,2
politics prose,2
politics predators,2
cuerpo territorio,2
politics ordinary,2
cuerpo en,2
politics popular,2
crossings feminist,2
politics 1970s,2
politics pleasure,2
politics aesthetics,2
politics performance,2
politics paradoxes,2
polygynous,2
polygyny,2
political subjectivity,2
political movement,2
portugal spain,2
portrayals women,2
culture analysis,2
culture africa,2
portrayal female,2
portrayal black,2
culture academic,2
culturally sustaining,2
portia,2
posibilidades,2
portals enacting,2
portals audiences,2
cultural wealth,2
portal,2
portable,2
political opportunity,2
porous,2
cultural transfer,2
croatia,2
posisi,2
pornography future,2
possessed,2
culture entangled,2
possibilities writing,2
possibilities social,2
possibilities resistance,2
possibilities limits,2
critique virtuous,2
culture cultural,2
possessing,2
critique western,2
posisi perempuan,2
critiques knowing,2
political gender,2
political geography,2
culture celebrity,2
critiques work,2
culture case,2
culture britain,2
culture boredom,2
pornography movement,2
cultural study,2
política en,2
cultural encounters,2
popular misogyny,2
popular media,2
cultural geographies,2
cultural feminist,2
popular discourse,2
cultural factors,2
cultural environments,2
pop idol,2
political rights,2
popular novel,2
cross ideological,2
cultural difference,2
cross purposes,2
political social,2
políticos,2
cultural demands,2
political spaces,2
political strategies,2
cross generations,2
cultural identities,2
political orientation,2
political perspective,2
pornographies,2
porno,2
political party,2
political perception,2
cultural readings,2
cultural products,2
populist radical,2
populist discourse,2
cross fertilization,2
popular romance,2
populism feminist,2
political potential,2
political practices,2
cultural perspectives,2
cultural meaning,2
cultural marxism,2
cultural intelligence,2
popular television,2
da produção,2
plays women,2
da tradução,2
issue doctoral,2
davis mary,2
programs women,2
programs girls,2
isha,2
isherwood,2
isis,2
isixhosa,2
davis durham,2
islam family,2
davina cooper,2
islam feminisms,2
islam gender,2
crisis masculinity,2
professor māori,2
physical activities,2
islam women,2
davina,2
islamic context,2
david richards,2
phyllis schlafly,2
progress species,2
isbn 8147,2
projections,2
promised,2
irresolution,2
promiscuity,2
prominence,2
prologomena future,2
prologomena,2
proliferation,2
crisis feminist,2
photovoice study,2
progression south,2
isabelle courtivron,2
dawi,2
isbn 252,2
progressives,2
isbn 4039,2
progressive text,2
progressive era,2
isbn 8047,2
david lloyd,2
professionalism feminism,2
islamic fundamentalism,2
procedure,2
prodigal,2
processo,2
crisis social,2
daughters 1968,2
isn just,2
process perspective,2
isn professor,2
procesos,2
procedural,2
producciones narrativas,2
problems translation,2
problems prospects,2
problems gender,2
problems feminist,2
isolation teacher,2
problems facing,2
problems boys,2
israel palestine,2
daughters bootblacks,2
islander,2
professional socialization,2
daughters women,2
professional middle,2
professional agency,2
physical appearance,2
profesi,2
islamic values,2
produção acadêmica,2
david henry,2
islamisms,2
production truth,2
daughters feminism,2
production knowledge,2
production critical,2
islamization,2
product review,2
product attributes,2
daughters jefferson,2
producing knowledge,2
crisis psychoanalysis,2
promised land,2
irresistible,2
promises feminism,2
ira,2
invited,2
invoking feminism,2
involuntary celibacy,2
crisis centres,2
involved fatherhood,2
philosophy review,2
crisis contemporary,2
ir feminisms,2
protestant women,2
deaf women,2
deadline july,2
philosophy technology,2
iranian case,2
iranian cinema,2
protective legislation,2
protection racket,2
dead long,2
protecting women,2
providing,2
province sri,2
iranian metoo,2
prática,2
invenção,2
psikoanalisis,2
inversion,2
investigaciones,2
death author,2
investigación en,2
présentation,2
philosophy philosophy,2
philosophy race,2
invisible visible,2
dearest,2
proyectos,2
investigating postfeminist,2
investigation relationship,2
deals,2
invisibility postcolonial,2
invisible mistress,2
provincializing,2
protecting privileges,2
iranian social,2
promising,2
iron lady,2
proposal political,2
irish literature,2
prophetic,2
prophesy,2
irish studies,2
irish theatre,2
day china,2
iron jawed,2
prone,2
propostas,2
prompts,2
ironic,2
ironing,2
promotion protection,2
dawn wallin,2
promoting feminism,2
promote social,2
irreducible,2
irish feminism,2
day day,2
protagonists,2
prostitute client,2
dead end,2
prostitution trafficking,2
prostitution sexual,2
prostitution sex,2
phiri,2
prostitution female,2
ireland india,2
prostitutes,2
ireland spain,2
prose fiction,2
prosthetic,2
prospects feminism,2
day shadow,2
prospective cohort,2
day feminism,2
prospect,2
prosecuting,2
prose performativity,2
daughter relationship,2
problematising,2
da vinci,2
dating shows,2
dan kekerasan,2
dan islam,2
place power,2
dan implikasinya,2
presidential address,2
place region,2
place woman,2
place women,2
preservice,2
critical discursive,2
presents futures,2
presents,2
dan aliran,2
damsels distress,2
plague,2
dampak,2
damono,2
damn,2
critical engagement,2
press 1979,2
dan laki,2
dan pendidikan,2
place character,2
pittsburgh,2
pity,2
pizan feminism,2
dangdut,2
critical dictionary,2
critical disability,2
dangarembga nervous,2
place black,2
dancing native,2
place like,2
dance music,2
place feminist,2
dana,2
place gender,2
dan sosiologi,2
dan perempuan,2
press 1988,2
place health,2
plain view,2
dames,2
dame,2
dalam al,2
dalam kumpulan,2
critical ir,2
dalam islam,2
plato feminism,2
critical mass,2
dalam gerakan,2
play play,2
dalam gelas,2
dakwah,2
dalam mimpi,2
play study,2
critical methodologies,2
dahlia,2
dahl crossley,2
playing games,2
critical postcolonial,2
dads,2
daddies,2
dalam masyarakat,2
platform vernacular,2
critical engagements,2
plant,2
critical essays,2
dallas,2
planned events,2
planners,2
critical gender,2
planning services,2
dalla,2
dalit literature,2
dalam video,2
dalam pembelajaran,2
plantation,2
critical human,2
dalam tiga,2
dalam serat,2
dalam rumah,2
critical intellectual,2
platform capitalism,2
dalam pemberdayaan,2
dangerous ideas,2
dangerous times,2
critical development,2
private governance,2
privilege digital,2
privilege building,2
pie,2
piece,2
private sphere,2
private sector,2
crisis women,2
private life,2
private feminism,2
picture world,2
private divide,2
piercy woman,2
privacy law,2
privacy feminism,2
data oceno,2
criteria,2
data collection,2
prism,2
picturing woman,2
crisis woman,2
pietrangeli director,2
problem domination,2
problemas,2
problema,2
physicality,2
problem solving,2
problem pornography,2
problem knowledge,2
problem heterosexuality,2
datasets,2
physician assisted,2
pro anti,2
problem breastfeeding,2
problem based,2
physiotherapy,2
probe,2
pro sex,2
datafication,2
pickup,2
pro family,2
priorities,2
print electronic,2
dangerously,2
press florida,2
daoist,2
pink chaddi,2
preterm infants,2
preterm,2
pink collar,2
pinky,2
press wave,2
press new,2
press 2024,2
prevention sexual,2
pioneer islamic,2
daniels,2
critical consciousness,2
pipelines,2
dangers,2
dangerously feminisms,2
piper,2
pirates,2
prevent,2
daring bad,2
das poetry,2
pillars,2
prinsip,2
principles social,2
principles research,2
piety afrikaans,2
das ciências,2
critic,2
pigs dig,2
critical agency,2
dark times,2
price holding,2
critical articulation,2
dark continent,2
pilots,2
daring care,2
primal,2
priests,2
priestesses,2
pingkan,2
impact science,2
impact formation,2
representations rape,2
shapers,2
genussystemet,2
anthology edited,2
geo political,2
complexities nuances,2
anthology vanished,2
shades grey,2
complexities feminist,2
shade,2
original sin,2
señoras ladies,2
señoras,2
geography childhood,2
geography gender,2
geography practice,2
sexually objectifying,2
anthropocene assessing,2
geography space,2
sexualization feminism,2
sexualization culture,2
contextualized,2
gentileschi drama,2
oriented research,2
shange colored,2
shape online,2
ante el,2
genius clémence,2
shannon sullivan,2
genocide palestinian,2
genomics,2
complexity theory,2
contextuality,2
genre female,2
anthologizing,2
shane phelan,2
genre feminism,2
antecedents consequences,2
shameless,2
shamed,2
shame visibility,2
genre la,2
shame nation,2
anthropocene feminism,2
geography spatial,2
anthropocene feminisms,2
origins uses,2
geospatial technologies,2
contextualizing feminism,2
gerhard,2
sexual subjectivity,2
sexual slavery,2
origins second,2
sexual selection,2
sexual scripts,2
sexual satisfaction,2
george sand,2
german cultural,2
sexual revolutions,2
anti essentialist,2
german democratic,2
sexual relations,2
sexual practices,2
sexual power,2
anti fat,2
geospatial,2
george routledge,2
sexuality social,2
sexuality male,2
sexuality scp,2
sexuality rhetoric,2
sexuality research,2
sexuality power,2
anthropological theory,2
sexuality politics,2
sexuality motherhood,2
origins american,2
geopolitics feminism,2
sexualities feminism,2
sexuality identity,2
anthros,2
complex feminism,2
george bernard,2
sexuality essays,2
complex analysis,2
george gissing,2
george herbert,2
orientation product,2
geni jora,2
compelling engagements,2
antagonisms,2
annie besant,2
generation lahore,2
shop,2
orgasms,2
shock practicing,2
generational change,2
shobha,2
shiva,2
shireen roshanravan,2
shireen,2
shire,2
shirazy,2
shira tarrant,2
shira,2
generational differences,2
shin,2
shildrick 1997,2
generational dynamics,2
annotation,2
short fiction,2
short form,2
generation feminist,2
anne bronte,2
anne boittin,2
siege,2
organizing case,2
organizing feminism,2
sideways,2
sick,2
organizing human,2
shrinking,2
organizing second,2
anne logan,2
showalter,2
shouldn,2
shoulders,2
organs,2
shorter notice,2
shorter,2
generating feminisms,2
short surprising,2
generational feminism,2
generational indigenous,2
shifting gender,2
contextual study,2
genes,2
orientalism challenge,2
sharp,2
sharon meagher,2
genesis ecology,2
sharma,2
ant,2
shariah,2
genetics feminism,2
shatta,2
shari ah,2
orientalist,2
contextualism,2
geni,2
shaping identity,2
shaping gender,2
shaping feminist,2
shaping american,2
anouilh,2
shatta music,2
annotations,2
shell,2
annual meeting,2
sheryl sandberg,2
sheryl,2
sherene,2
contextual embeddedness,2
generative spaces,2
shelter,2
generativity,2
shekhinah,2
anos,2
genere,2
sheep,2
sheds australia,2
generic,2
generous,2
shayne,2
shaw mrs,2
shaw feminisms,2
german digital,2
origins wave,2
sexual minority,2
sexual minorities,2
serisier speaking,2
serisier,2
otome game,2
series vol,2
series lt,2
otoritas,2
girls development,2
serene khader,2
serene,2
serena mayeri,2
girls educational,2
girls experiences,2
girls explanations,2
girls ghostbusters,2
september 11th,2
girls home,2
separatist,2
girls online,2
girls post,2
sermon,2
servant leadership,2
girlhood feminism,2
girard,2
gilman herland,2
gilman reassessing,2
setting new,2
giménez,2
othered,2
competing feminist,2
setiyadi kajian,2
setiyadi,2
girish,2
servants,2
girl club,2
girl dragon,2
girl feminism,2
contingency,2
girl rock,2
service teachers,2
girl social,2
girlband,2
separating,2
girls social,2
seorang,2
semiotika feminisme,2
glaspell trifles,2
sensations,2
sensationalism,2
ottoman feminism,2
senegal,2
glass half,2
semusim,2
semitism,2
glenn,2
glamour women,2
contingentes,2
global 1930s,2
semiotic analysis,2
global activism,2
seminar,2
outcome,2
global arena,2
global capitalism,2
sense digital,2
sense gender,2
sentiments,2
sensory,2
girls success,2
girls young,2
sentiment social,2
sentiment analysis,2
girly,2
sentences,2
sentenced everyday,2
sentenced,2
gisela,2
sense new,2
sensitive research,2
gisela kaplan,2
sensing,2
sensible antiporn,2
gissing odd,2
sensibility pride,2
glamorous,2
sense sensibility,2
gillian dow,2
gill,2
gilgamesh,2
complaints,2
sexting,2
sexo raça,2
sexist language,2
gestación,2
gestational,2
gestational surrogacy,2
sexism misogyny,2
sexism gender,2
orthodox haredi,2
ort des,2
sexism advertising,2
sexgender,2
getting personal,2
competitiveness,2
sexbots,2
ghazali,2
anticarceral feminism,2
sex woman,2
anti semitism,2
sexual appeals,2
sex war,2
anti oedipus,2
german identity,2
german social,2
sexual identities,2
anti immigration,2
orleans,2
anti militarism,2
orr,2
sexual experiences,2
sexual equality,2
ort,2
germany today,2
anti oppression,2
anti oppressive,2
sexual conflict,2
sexual citizenship,2
sexual behaviour,2
germany united,2
sexual asymmetry,2
ghosh,2
anticipatory,2
gilbert reviewed,2
oryx,2
sex freedom,2
sex feminist,2
gibson,2
sex fear,2
sex extinction,2
sex existence,2
gift,2
sex drugs,2
gig,2
sex hormones,2
sex couples,2
sex conversation,2
gig economy,2
sex character,2
sex beauvoir,2
sex american,2
oryx crake,2
sewing,2
giant,2
orthodoxy feminism,2
sex toy,2
anticolonial feminism,2
sex tourism,2
sex therapy,2
sex talk,2
sex study,2
orthodoxy challenge,2
sex self,2
ghost girls,2
ghost machine,2
sex relationships,2
sex integration,2
sex radicals,2
anticolonialism,2
ghostbusters,2
ghostbusters popular,2
sex parented,2
sex money,2
ghostly,2
sex love,2
gendering working,2
siglo xxi,2
annals,2
cruising,2
operational,2
concepción,2
gender disability,2
operations feminism,2
social model,2
comunitaria,2
gender disparity,2
gender division,2
social la,2
gender dysphoria,2
social interaction,2
comunidad,2
social inequities,2
gender employment,2
gender empowerment,2
gender english,2
social identities,2
opportunities limitations,2
social health,2
operate,2
social ontology,2
social organization,2
social production,2
social representations,2
concept intersectionality,2
opening doors,2
social reality,2
social purity,2
openings,2
social protest,2
social protection,2
social problems,2
operas,2
contemporâneos sobre,2
social practices,2
gender debate,2
social position,2
social politics,2
gender decolonial,2
gender di,2
social participation,2
social gospel,2
social geography,2
social gender,2
social attitudes,2
social constructionism,2
comrades sisters,2
social connectedness,2
gender far,2
social citizenship,2
gender financial,2
gender fluid,2
opposition feminism,2
social aspects,2
social context,2
oppositional imagination,2
gender global,2
gender hate,2
sobriety,2
sobre tráfico,2
gender higher,2
comrade,2
computing,2
social constructivism,2
social criticism,2
social forum,2
social economics,2
gender environmental,2
gender equal,2
opportunities women,2
social environmental,2
social entrepreneurship,2
comtemporary,2
social en,2
social egg,2
oppose,2
gender everyday,2
social discourse,2
opposing,2
opposites,2
social departure,2
social democrats,2
social democratic,2
gender european,2
social del,2
gender contribution,2
gender contemporary,2
analysis research,2
society reflected,2
sociobiology feminism,2
gender american,2
concept self,2
analysis misogyny,2
analysis modern,2
analysis narratives,2
society young,2
society study,2
society organizations,2
gender affect,2
gender anthropology,2
analysis new,2
gender artificial,2
society case,2
society 1920s,2
analysis novel,2
analysis online,2
societal level,2
gender aging,2
socioeconomic factors,2
sociedad,2
sociology critical,2
sociopolitical development,2
analysis legal,2
sociomaterial,2
sociology sport,2
gd,2
geetanjali,2
gelas,2
sociology education,2
ontario works,2
gender advertising,2
sociologists,2
conception civil,2
sociologically,2
sociological research,2
sociological reflections,2
sociological imagination,2
sociological analysis,2
analysis meaning,2
analysis pakistani,2
gender asian,2
contemporâneos,2
gender capital,2
sociala underordning,2
sociala,2
social workers,2
social worker,2
analysis protest,2
social welfare,2
social transformations,2
analysis qur,2
analysis radical,2
gender budgeting,2
concept patriarchy,2
contemporânea,2
gender challenge,2
gender city,2
social service,2
social security,2
open source,2
analysis representative,2
gender campaigns,2
socialism china,2
ontology reflections,2
socialist feminists,2
socially responsible,2
gender autobiography,2
analysis participant,2
analysis participatory,2
gender awareness,2
ontology sex,2
gender biased,2
socialist strategies,2
analysis perspective,2
socialism europe,2
analysis policy,2
gender blindness,2
socialism wave,2
socialism socialist,2
socialism pacifism,2
gender body,2
onwueme,2
analysis portrayals,2
sobre el,2
gender imagining,2
significado,2
oppression individual,2
sir,2
sinn,2
gendered education,2
singular,2
organizational change,2
organizational commitment,2
single women,2
gendered hierarchies,2
organizational communication,2
single mother,2
single girl,2
organizational culture,2
gendered impacts,2
gendered implications,2
singaporean women,2
singaporean,2
gendered islamophobia,2
sinetron,2
sindicato,2
gendered economy,2
sista hood,2
sistema,2
sisterly,2
site feminist,2
context german,2
compromise,2
organization feminism,2
sit,2
gendered assumptions,2
animal advocacy,2
gendered body,2
sisterhood western,2
animal rights,2
organization theory,2
sisterhood racism,2
gendered difference,2
sisterhood feminism,2
gendered dimensions,2
sister outsider,2
composing,2
gendered discourses,2
sinclair feminism,2
gendered norms,2
sina weibo,2
signs women,2
silencing sexual,2
gendering environmental,2
anita nair,2
organized feminism,2
organizers,2
ann doane,2
sikh diasporic,2
complications,2
anna doyle,2
contexts politics,2
gendering state,2
signification,2
anna karenina,2
gendering union,2
significance comparable,2
significance affinity,2
anna lesznai,2
significados,2
anindita thayf,2
silicon,2
sina,2
similarity victim,2
gendered organizations,2
gendered perceptions,2
gendered perspective,2
gendered play,2
context psychoanalytic,2
animated movie,2
gendered practices,2
gendered racialized,2
gendered racism,2
gendered roles,2
similarities differences,2
gendered religious,2
simbólico,2
silvia stoller,2
silvia federici,2
anindita,2
gendered resistance,2
silko,2
ania,2
siti,2
angry women,2
computers,2
smart london,2
smart girls,2
smart feminism,2
smart economics,2
oppressive practice,2
angelina,2
small things,2
small scale,2
optation feminism,2
smash,2
optimal,2
sma,2
slutwalks,2
slutwalk feminism,2
contestations challenges,2
contested histories,2
slut shaming,2
option poor,2
smarter,2
smash patriarchy,2
slowly,2
snapshot,2
sob,2
soaps,2
soap operas,2
gender india,2
oppression social,2
angel tess,2
snapshots,2
snapshot academic,2
snakish lt,2
smedley,2
snakish,2
gender inequity,2
smyth,2
smooth,2
smoking,2
smith feminism,2
angela bowen,2
smiling,2
contested relationship,2
slovakia,2
compromised,2
compte,2
skill,2
sketching,2
sketches,2
sketch,2
skepticism,2
skeptical,2
skateboarding,2
siècle feminism,2
size fits,2
angle feminism,2
org digital,2
compromises,2
situational,2
situation women,2
anglophone african,2
situating theory,2
organisational,2
organisational factors,2
angle lens,2
contests,2
slote impossibility,2
anger conciliation,2
oral health,2
computation,2
slit,2
slipping,2
oral tradition,2
orang,2
compulsory heterosexuality,2
slayer contemporary,2
slavery racism,2
skins transactional,2
slavery feminism,2
anger patriarchy,2
slang,2
slacktivism,2
order taiwan,2
contested visions,2
contesting core,2
compte rendu,2
global citizen,2
selling women,2
representations social,2
review exploring,2
des mouvements,2
revaluing french,2
revaluing,2
rev,2
returns,2
identities analysis,2
returnees,2
returnee,2
identities estonia,2
return home,2
return feminist,2
identities ethico,2
retrieving experience,2
identities higher,2
identities resistance,2
identities social,2
identities study,2
rethinking women,2
rethinking translation,2
identiteit,2
identitas gender,2
comment majid,2
identification feminists,2
review diversity,2
review diane,2
review data,2
review contemporary,2
review christian,2
review chicana,2
review catherine,2
review capitalist,2
des sexes,2
revenge cycle,2
review application,2
review alice,2
review aftermath,2
review activist,2
identified feminists,2
identify,2
reverberations,2
des politischen,2
rethinking subjectivity,2
rethinking science,2
rethinking race,2
identity political,2
counter resistance,2
identity embodiment,2
identity entrepreneurial,2
identity era,2
restoration eighteenth,2
identity formation,2
restitution,2
rest,2
responsibility feminism,2
result,2
identity practices,2
responsibilities covid,2
identity question,2
identity religious,2
responses sexism,2
responses rape,2
responses gender,2
counter stereotypes,2
restructuring relations,2
identity community,2
rethinking philosophy,2
rethinking domestic,2
rethinking motherhood,2
des genres,2
identity action,2
rethinking global,2
identity activism,2
identity approach,2
rethinking ethics,2
rethinking ethical,2
rethinking disability,2
identity categories,2
identity attitudes,2
identity based,2
rethink,2
retheorizing,2
retelling tale,2
identity belonging,2
counter discourse,2
resurrection,2
identidade,2
ideas movements,2
selling feminism,2
review feminist,2
revisiting girlhood,2
revisiting gender,2
hyde,2
hypatia,2
hypermasculinity,2
revisited overview,2
revisited hybridized,2
revisited feminism,2
hysteria feminism,2
revisitando,2
revisit,2
revisions,2
hyun,2
revisioned,2
hätte,2
ian,2
revised,2
reviews sex,2
described,2
revisiting intersectionality,2
hybridized confucian,2
hybridized,2
husserlian,2
revolution question,2
revolution public,2
desde las,2
revolution new,2
revolution contemporary,2
revolution century,2
revolution alison,2
counseling women,2
husserlian phenomenology,2
descriptive representation,2
revolting,2
comments philosophy,2
revived,2
revitalizing,2
revitalization women,2
revitalization,2
revitalising,2
revisão,2
ibn,2
desconstrução,2
reviewer,2
ideas debates,2
desai novels,2
review making,2
idealism pragmatism,2
idealized,2
desafios,2
review lesbians,2
review legacy,2
review laura,2
review janet,2
review pin,2
review jane,2
review heart,2
review hay,2
review gyn,2
ideas ideals,2
ideas modern,2
review future,2
review finding,2
review paul,2
review politics,2
reviewed cheryl,2
review studies,2
iceland,2
ichiyo,2
descolonizar,2
icon awakens,2
review theoretical,2
review symposium,2
review susan,2
review surrogacy,2
review sojourning,2
review pre,2
review sexual,2
review science,2
review reviews,2
desarrollo,2
review recommendations,2
review recent,2
review psychosomatic,2
review producing,2
identity review,2
response women,2
response woman,2
identity safety,2
research feminist,2
illustrative cases,2
research female,2
illustrator,2
research elizabeth,2
ilmu,2
research development,2
research critical,2
research challenges,2
research centre,2
research canadian,2
countryside,2
research analysis,2
counts,2
research academic,2
im spiegel,2
rereading women,2
image god,2
image woman,2
illustration,2
research guide,2
illustrated,2
illuminate,2
research research,2
research relationship,2
research rationale,2
country town,2
research process,2
depoliticised feminism,2
research practical,2
ills,2
research online,2
research innovation,2
research note,2
research music,2
illus 24,2
depoliticised,2
depoliticisation repoliticisation,2
research method,2
research justice,2
research interview,2
depictions,2
images chinese,2
couple family,2
representing women,2
immigrants minority,2
immigration feminism,2
reproducción,2
reprint,2
immigration policy,2
denigration,2
repressed feminism,2
couple therapy,2
representing feminism,2
reproduction feminisms,2
represented jeanette,2
impact covid,2
representações,2
impact emotional,2
representatives,2
representativeness,2
impact female,2
representations young,2
dent,2
departments,2
depiction feminism,2
imaginative,2
depicted,2
republican feminism,2
imaginario,2
republic turkey,2
dependency care,2
dependence unfreedom,2
imagination essays,2
imaginations,2
imagine,2
immersion,2
imagined communities,2
imagining queer,2
imagining women,2
imam,2
reproductive control,2
immanence,2
reproductive aging,2
immaterial,2
research resources,2
depression african,2
research study,2
resisting veil,2
ideological feminist,2
ideological travelings,2
derecho,2
resolve,2
resolutions,2
resolution husserlian,2
resolution debate,2
ideology consumer,2
ideology empowerment,2
counterpoint,2
resisting female,2
derby grrrls,2
ideology practice,2
idiom,2
idiom failure,2
resistance theory,2
resistance resilience,2
resistance politics,2
resource development,2
resources feminism,2
counterpractice,2
respected contested,2
identity seventeenth,2
response able,2
counter trafficking,2
identity sexuality,2
identity social,2
respond sexism,2
identity south,2
respecto,2
respected,2
resources home,2
identity transformation,2
countercultural,2
respect feminism,2
identity work,2
resourcing,2
counternarratives,2
resources social,2
resources reading,2
resistance patriarchy,2
resistance neoliberalism,2
research systematic,2
resets,2
ika,2
resident,2
residence,2
iklan televisi,2
reshape,2
reseña,2
resettlement,2
resets chronology,2
researching gender,2
resignifications,2
countries world,2
researcher identity,2
ilana dann,2
research young,2
ilene,2
research theory,2
research theoretical,2
illiberal,2
residential care,2
depression lois,2
resistance metoo,2
resistance empowerment,2
der ort,2
resistance intersectionality,2
idoloclasm,2
idoloclasm task,2
resistance gender,2
ifying,2
counterpractice psychoanalysis,2
resistance everyday,2
resistance education,2
ii new,2
resistance creativity,2
resistance counter,2
depth psychology,2
igualdad género,2
resistance anti,2
ihsan,2
resist black,2
ihsan abdul,2
revolution women,2
hurston eyes,2
councils,2
palgrave handbook,2
grain,2
grammar feminism,2
grammars,2
gramsci,2
gramsci feminism,2
gran,2
ownership discussion,2
grant allen,2
contradictions anti,2
graphic design,2
graphic novel,2
graphing,2
grass roots,2
compass,2
oxford readings,2
grassroots organizing,2
great come,2
oxford univ,2
comparison traditional,2
owned,2
grafton,2
grafting medical,2
governments,2
gould,2
overview current,2
governance feminist,2
governance global,2
governance violent,2
governing global,2
governmental,2
contract pregnancy,2
gowaty,2
grafting,2
grabbing,2
overview literature,2
grace frankie,2
grade,2
ovid,2
graduate student,2
graduates,2
graffiteras,2
oxfordshire,2
oxymoronic,2
oz,2
contributions feminist,2
contributes,2
painter,2
contribution postcolonial,2
paintings,2
contributions challenges,2
pakistan 1981,2
pakistan analysis,2
pakistan aurat,2
comparative law,2
paham,2
pakistani feminism,2
pakistani media,2
contributions transnational,2
comparative historical,2
palace torah,2
comparative education,2
comparable worth,2
palestinian feminist,2
comparative politics,2
contributed,2
pa temple,2
pada tahun,2
comparison generation,2
pacific american,2
contrast,2
pacifism europe,2
pacifism feminism,2
comparative transnational,2
pada lirik,2
pada novel,2
padang bulan,2
pages 74,2
padmanabhan,2
pagan revival,2
page stage,2
contribuciones feministas,2
contribuições,2
pages 16,2
pages 17,2
pages 40,2
gothic film,2
compatibility feminism,2
got write,2
contra la,2
global trends,2
global village,2
global wave,2
global women,2
global world,2
continuous,2
globalisation studies,2
globalising,2
globalization feminism,2
global muslim,2
globalization human,2
globalized world,2
globalizing women,2
globe,2
outlook,2
gnosticism,2
outrage,2
goals future,2
continue,2
contingentes el,2
god holy,2
global digital,2
global city,2
global climate,2
global constitutionalism,2
global context,2
global contexts,2
global corporate,2
global cross,2
global development,2
global economic,2
global modernity,2
outcomes systematic,2
global fight,2
global higher,2
outdoor education,2
global intersections,2
outer,2
global market,2
global mission,2
god created,2
outrage order,2
overseas students,2
good motherhood,2
gonzalez,2
gonzález,2
good bad,2
good birth,2
good feminism,2
good little,2
good living,2
good mother,2
good natured,2
gone girl,2
good teaching,2
goodman review,2
goods,2
overlooked,2
gordimer,2
gordon,2
gospel women,2
goswami,2
gone teaching,2
gone far,2
god small,2
going gaga,2
godard,2
outrageous,2
goddess feminism,2
outreach,2
goddesses,2
godmother,2
outro,2
compelling,2
going global,2
compatible care,2
going life,2
going way,2
gold,2
goldberg moses,2
outside academia,2
contra mulheres,2
outside looking,2
goll,2
comparable,2
companionship,2
revolutionary desires,2
negativity,2
housekeeping,2
desire differently,2
desirable futures,2
housing community,2
howard government,2
howland,2
hsiu,2
commerce,2
hubertine,2
hubertine auclert,2
hudson,2
huellas,2
huffer,2
huffer lips,2
hugh,2
hugh kenner,2
hui,2
designing feminist,2
hukum islam,2
commercial surrogacy,2
household bargaining,2
desire perspective,2
hospitalized,2
destination,2
desperately seeking,2
desperately,2
costs benefits,2
hos,2
despair,2
desiring,2
hospitality industry,2
hospitals,2
house mango,2
hostel,2
cotera,2
hotbed,2
hotel room,2
houellebecq wreckage,2
hour feminism,2
hours,2
desire politics,2
hull,2
human ai,2
human beings,2
desde los,2
rhetoric american,2
humanos,2
humans,2
deseo,2
rewritten,2
humor gender,2
rewrites,2
cott grounding,2
hunger games,2
rhetoric post,2
hungry,2
revolutionizing feminism,2
hunt,2
revolutionary womanhood,2
cott new,2
revolutionary iran,2
revolutionary feminisms,2
huo,2
rhetoric negotiations,2
humanization disrupt,2
human bonds,2
design practice,2
human diversity,2
human feminism,2
designer,2
human human,2
designed,2
cotera maylei,2
human reproduction,2
human science,2
humanisation,2
rhetoric reaction,2
design new,2
humanism feminism,2
humanist perspective,2
humanist sociology,2
design experiments,2
design designers,2
humanities social,2
humanization,2
costa rica,2
destroying joint,2
costa,2
cop,2
community care,2
conversations introduction,2
community advocates,2
community activist,2
communities online,2
conversations past,2
communitas,2
conway,2
communion,2
conversations generations,2
cope,2
copenhagen,2
coping strategies,2
communication living,2
communication culture,2
cornelia,2
corner,2
communication approaches,2
community cohesion,2
community cultural,2
communalism,2
community studies,2
control feminism,2
control regimes,2
controls,2
companion media,2
controversy feminist,2
community women,2
community values,2
community theory,2
community service,2
conversation sexuality,2
community members,2
community learning,2
converging,2
converging realities,2
conversaciones,2
community feminism,2
community disagreement,2
conversation black,2
corner gender,2
development critique,2
destruction,2
cosmologies,2
commodified,2
deutschen,2
commodification art,2
detoxifying,2
determined,2
determination perspective,2
committees,2
cosmofeminism,2
detention feminist,2
deutschland,2
cosmopolitan feminism,2
cosmopolitics,2
detective fiction,2
commitment ending,2
details,2
commission status,2
destructive,2
commission human,2
cosmo,2
devaluing,2
commonwealth higher,2
commonly,2
development critical,2
development contradictions,2
development contemporary,2
corporeal subjectivity,2
development case,2
development brazil,2
development black,2
development agenda,2
development africa,2
cosmetics,2
correct,2
commonalities,2
development 21st,2
developing world,2
developing intersectional,2
common grounds,2
corruption,2
developed,2
occupational therapy,2
